#VRML V2.0 utf8
# 3D model generated by kicad-lcsc-manager
# Based on easyeda2kicad.py v1.0.1

Shape{
    appearance Appearance {
        material  Material {
            diffuseColor 0.25098039215686274 0.25098039215686274 0.25098039215686274
            specularColor 0.12549019607843137 0.12549019607843137 0.12549019607843137
            ambientIntensity 0.251
            transparency 0.0
            shininess 0.5
        }
    }
    geometry IndexedFaceSet {
        ccw TRUE
        solid FALSE
        coord DEF co Coordinate {
            point [
                -1.2795 0.1262 0.0866, -1.2795 0.2344 0.0866, -0.3543 0.1262 0.0866, -0.1969 0.2344 0.0866, -0.3543 -0.1298 0.0866, -0.1969 -0.238 0.0866, -1.2795 -0.1298 0.0866, -1.2795 -0.238 0.0866, 1.2795 -0.1298 0.0866, 1.2795 -0.238 0.0866, 0.3543 -0.1298 0.0866, 0.1969 -0.238 0.0866, 0.3543 0.1262 0.0866, 0.1969 0.2344 0.0866, 1.2795 0.1262 0.0866, 1.2795 0.2344 0.0866
            ]
        }
        coordIndex [
            0,1,2,-1,2,1,3,-1,2,3,4,-1,4,3,5,-1,4,5,6,-1,6,5,7,-1,8,9,10,-1,10,9,11,-1,10,11,12,-1,12,11,13,-1,12,13,14,-1,14,13,15,-1,
        ]
    }
}
Shape{
    appearance Appearance {
        material  Material {
            diffuseColor 1.0 1.0 1.0
            specularColor 0.5019607843137255 0.5019607843137255 0.5019607843137255
            ambientIntensity 1.0
            transparency 0.0
            shininess 0.5
        }
    }
    geometry IndexedFaceSet {
        ccw TRUE
        solid FALSE
        coord DEF co Coordinate {
            point [
                1.278 0.06 0.6476, 1.2795 -0.0018 0.2047, 1.2676 0.1724 0.2047, 1.2308 0.343 0.6476, 1.2423 0.3044 0.6476, 1.2321 0.3434 0.2047, 1.2661 0.1831 0.6476, 1.2671 0.1724 0.6476, 1.207 0.4229 0.6476, 1.1736 0.508 0.2047, 1.1725 0.5075 0.6476, 1.1604 0.5374 0.6476, 1.0933 0.663 0.2047, 1.1029 0.6469 0.6476, 0.9925 0.8057 0.2047, 1.0352 0.7503 0.6476, 1.0926 0.6626 0.6476, 0.8733 0.9333 0.2047, 0.9577 0.8467 0.6476, 0.9914 0.8048 0.6476, 0.7371 1.0424 0.6476, 0.7769 1.0149 0.6476, 0.7379 1.0435 0.2047, 0.8714 0.9352 0.6476, 0.8733 0.9332 0.6476, 0.6751 1.0851 0.6476, 0.5887 1.1343 0.2047, 0.5882 1.1335 0.6476, 0.5671 1.1452 0.6476, 0.4285 1.2039 0.2047, 0.4537 1.1946 0.6476, 0.2603 1.251 0.2047, 0.3361 1.2328 0.6476, 0.4282 1.2029 0.6476, 0.0873 1.2745 0.6476, 0.0927 1.2744 0.6476, 0.0873 1.2747 0.2047, 0.2154 1.2595 0.6476, 0.26 1.2496 0.6476, -0.0309 1.2774 0.6476, 0.0 1.2777 0.2047, -0.0872 1.2733 0.6476, -0.0873 1.2747 0.2047, -0.1542 1.2684 0.6476, -0.2603 1.251 0.2047, -0.2602 1.2503 0.6476, -0.2761 1.2476 0.6476, -0.4285 1.2039 0.2047, -0.3954 1.2151 0.6476, -0.5887 1.1343 0.2047, -0.511 1.1713 0.6476, -0.4281 1.2027 0.6476, -0.7375 1.0431 0.6476, -0.7269 1.0512 0.6476, -0.7379 1.0435 0.2047, -0.6218 1.1165 0.6476, -0.5881 1.1331 0.6476, -0.8251 0.9762 0.6476, -0.8733 0.9333 0.2047, -0.8723 0.9322 0.6476, -0.9156 0.892 0.6476, -0.9925 0.8057 0.2047, -0.9923 0.8055 0.6476, -0.9976 0.7994 0.6476, -1.0933 0.663 0.2047, -1.0703 0.6994 0.6476, -1.1736 0.508 0.2047, -1.133 0.5928 0.6476, -1.0921 0.6623 0.6476, -1.2312 0.3432 0.6476, -1.2261 0.3641 0.6476, -1.2321 0.3434 0.2047, -1.1851 0.4807 0.6476, -1.1726 0.5075 0.6476, -1.2557 0.244 0.6476, -1.2676 0.1724 0.2047, -1.2662 0.1722 0.6476, -1.2736 0.1217 0.6476, -1.2795 -0.0018 0.2047, -1.2795 -0.0018 0.6476, -1.2736 -0.1253 0.6476, -1.2676 -0.176 0.2047, -1.2662 -0.1758 0.6476, -1.2557 -0.2476 0.6476, -1.2321 -0.347 0.2047, -1.2312 -0.3468 0.6476, -1.2261 -0.3677 0.6476, -1.1736 -0.5116 0.2047, -1.1851 -0.4843 0.6476, -1.0933 -0.6666 0.2047, -1.133 -0.5964 0.6476, -1.1726 -0.5111 0.6476, -0.9923 -0.8091 0.6476, -0.9976 -0.803 0.6476, -0.9925 -0.8093 0.2047, -1.0703 -0.703 0.6476, -1.0921 -0.6659 0.6476, -0.9156 -0.8956 0.6476, -0.8733 -0.9369 0.2047, -0.8723 -0.9358 0.6476, -0.8251 -0.9798 0.6476, -0.7379 -1.0471 0.2047, -0.7375 -1.0467 0.6476, -0.7269 -1.0548 0.6476, -0.5887 -1.1379 0.2047, -0.6218 -1.1201 0.6476, -0.4285 -1.2074 0.2047, -0.511 -1.1749 0.6476, -0.5881 -1.1367 0.6476, -0.2602 -1.2539 0.6476, -0.2761 -1.2512 0.6476, -0.2603 -1.2546 0.2047, -0.3954 -1.2187 0.6476, -0.4281 -1.2063 0.6476, -0.1542 -1.272 0.6476, -0.0873 -1.2783 0.2047, -0.0872 -1.2769 0.6476, -0.0309 -1.281 0.6476, 0.0 -1.2813 0.2047, 0.0873 -1.2781 0.6476, 0.0873 -1.2783 0.2047, 0.0927 -1.278 0.6476, 0.2603 -1.2546 0.2047, 0.2154 -1.2631 0.6476, 0.4285 -1.2074 0.2047, 0.3361 -1.2364 0.6476, 0.26 -1.2532 0.6476, 0.5882 -1.1371 0.6476, 0.5671 -1.1488 0.6476, 0.5887 -1.1379 0.2047, 0.4537 -1.1982 0.6476, 0.4282 -1.2065 0.6476, 0.6751 -1.0887 0.6476, 0.7379 -1.0471 0.2047, 0.7371 -1.046 0.6476, 0.7769 -1.0185 0.6476, 0.8733 -0.9369 0.2047, 0.8714 -0.9388 0.6476, 0.9925 -0.8093 0.2047, 0.9577 -0.8503 0.6476, 0.8733 -0.9368 0.6476, 1.0933 -0.6666 0.2047, 1.0352 -0.7539 0.6476, 0.9914 -0.8084 0.6476, 1.1725 -0.5111 0.6476, 1.1604 -0.541 0.6476, 1.1736 -0.5116 0.2047, 1.1029 -0.6505 0.6476, 1.0926 -0.6662 0.6476, 1.207 -0.4265 0.6476, 1.2321 -0.347 0.2047, 1.2308 -0.3466 0.6476, 1.2423 -0.308 0.6476, 1.2676 -0.176 0.2047, 1.2661 -0.1867 0.6476, 1.278 -0.0018 0.6476, 1.278 -0.0636 0.6476, 1.2671 -0.176 0.6476
            ]
        }
        coordIndex [
            0,1,2,-1,3,4,5,-1,5,4,6,-1,5,6,2,-1,2,6,7,-1,2,7,0,-1,3,5,8,-1,8,5,9,-1,8,9,10,-1,10,9,11,-1,11,9,12,-1,11,12,13,-1,14,15,12,-1,12,15,16,-1,12,16,13,-1,17,18,14,-1,14,18,19,-1,14,19,15,-1,20,21,22,-1,22,21,23,-1,22,23,17,-1,17,23,24,-1,17,24,18,-1,20,22,25,-1,25,22,26,-1,25,26,27,-1,27,26,28,-1,28,26,29,-1,28,29,30,-1,31,32,29,-1,29,32,33,-1,29,33,30,-1,34,35,36,-1,36,35,37,-1,36,37,31,-1,31,37,38,-1,31,38,32,-1,34,36,39,-1,39,36,40,-1,39,40,41,-1,41,40,42,-1,41,42,43,-1,43,42,44,-1,43,44,45,-1,45,44,46,-1,46,44,47,-1,46,47,48,-1,49,50,47,-1,47,50,51,-1,47,51,48,-1,52,53,54,-1,54,53,55,-1,54,55,49,-1,49,55,56,-1,49,56,50,-1,52,54,57,-1,57,54,58,-1,57,58,59,-1,59,58,60,-1,60,58,61,-1,60,61,62,-1,62,61,63,-1,63,61,64,-1,63,64,65,-1,66,67,64,-1,64,67,68,-1,64,68,65,-1,69,70,71,-1,71,70,72,-1,71,72,66,-1,66,72,73,-1,66,73,67,-1,69,71,74,-1,74,71,75,-1,74,75,76,-1,76,75,77,-1,77,75,78,-1,77,78,79,-1,79,78,80,-1,80,78,81,-1,80,81,82,-1,82,81,83,-1,83,81,84,-1,83,84,85,-1,85,84,86,-1,86,84,87,-1,86,87,88,-1,89,90,87,-1,87,90,91,-1,87,91,88,-1,92,93,94,-1,94,93,95,-1,94,95,89,-1,89,95,96,-1,89,96,90,-1,92,94,97,-1,97,94,98,-1,97,98,99,-1,99,98,100,-1,100,98,101,-1,100,101,102,-1,102,101,103,-1,103,101,104,-1,103,104,105,-1,106,107,104,-1,104,107,108,-1,104,108,105,-1,109,110,111,-1,111,110,112,-1,111,112,106,-1,106,112,113,-1,106,113,107,-1,109,111,114,-1,114,111,115,-1,114,115,116,-1,116,115,117,-1,117,115,118,-1,117,118,119,-1,119,118,120,-1,119,120,121,-1,121,120,122,-1,121,122,123,-1,124,125,122,-1,122,125,126,-1,122,126,123,-1,127,128,129,-1,129,128,130,-1,129,130,124,-1,124,130,131,-1,124,131,125,-1,127,129,132,-1,132,129,133,-1,132,133,134,-1,134,133,135,-1,135,133,136,-1,135,136,137,-1,138,139,136,-1,136,139,140,-1,136,140,137,-1,141,142,138,-1,138,142,143,-1,138,143,139,-1,144,145,146,-1,146,145,147,-1,146,147,141,-1,141,147,148,-1,141,148,142,-1,144,146,149,-1,149,146,150,-1,149,150,151,-1,151,150,152,-1,152,150,153,-1,152,153,154,-1,0,155,1,-1,1,155,156,-1,1,156,153,-1,153,156,157,-1,153,157,154,-1,
        ]
    }
}
Shape{
    appearance Appearance {
        material  Material {
            diffuseColor 0.25098039215686274 0.25098039215686274 0.25098039215686274
            specularColor 0.12549019607843137 0.12549019607843137 0.12549019607843137
            ambientIntensity 0.251
            transparency 0.0
            shininess 0.5
        }
    }
    geometry IndexedFaceSet {
        ccw TRUE
        solid FALSE
        coord DEF co Coordinate {
            point [
                -0.0873 1.2747 0.2047, 0.0 1.2777 0.2047, -0.2953 1.2777 0.2047, -0.9925 0.8057 0.2047, -1.0723 0.7318 0.2047, -1.0933 0.663 0.2047, -1.1545 0.594 0.2047, -1.1736 0.508 0.2047, -1.2192 0.4472 0.2047, -1.2321 0.3434 0.2047, -1.2652 0.2935 0.2047, -1.2676 0.1724 0.2047, -1.2795 0.2935 0.2047, -1.2795 -0.0018 0.2047, -0.2603 1.251 0.2047, -0.2953 1.2634 0.2047, -0.4285 1.2039 0.2047, -0.449 1.2174 0.2047, -0.5887 1.1343 0.2047, -0.5958 1.1527 0.2047, -0.7379 1.0435 0.2047, -0.7336 1.0705 0.2047, -0.8733 0.9333 0.2047, -0.8602 0.9719 0.2047, -0.9737 0.8584 0.2047, 1.2795 -0.0018 0.2047, 1.2795 0.2935 0.2047, 1.2676 0.1724 0.2047, 1.2652 0.2935 0.2047, 1.2321 0.3434 0.2047, 1.2192 0.4472 0.2047, 1.1736 0.508 0.2047, 1.1545 0.594 0.2047, 1.0933 0.663 0.2047, 1.0723 0.7318 0.2047, 0.9925 0.8057 0.2047, 0.9737 0.8584 0.2047, 0.8733 0.9333 0.2047, 0.8602 0.9719 0.2047, 0.7379 1.0435 0.2047, 0.7336 1.0705 0.2047, 0.5887 1.1343 0.2047, 0.5958 1.1527 0.2047, 0.4285 1.2039 0.2047, 0.449 1.2174 0.2047, 0.2603 1.251 0.2047, 0.2953 1.2634 0.2047, 0.0873 1.2747 0.2047, 0.2953 1.2777 0.2047, 0.0873 -1.2783 0.2047, 0.0 -1.2813 0.2047, 0.2953 -1.2813 0.2047, 0.2603 -1.2546 0.2047, 0.2953 -1.267 0.2047, 0.4285 -1.2074 0.2047, 0.449 -1.221 0.2047, 0.5887 -1.1379 0.2047, 0.5958 -1.1563 0.2047, 0.7379 -1.0471 0.2047, 0.7336 -1.0741 0.2047, 0.8733 -0.9369 0.2047, 0.8602 -0.9755 0.2047, 0.9925 -0.8093 0.2047, 0.9737 -0.862 0.2047, 1.0723 -0.7354 0.2047, 1.0933 -0.6666 0.2047, 1.1545 -0.5976 0.2047, 1.1736 -0.5116 0.2047, 1.2192 -0.4508 0.2047, 1.2321 -0.347 0.2047, 1.2652 -0.2971 0.2047, 1.2676 -0.176 0.2047, 1.2795 -0.2971 0.2047, -0.2953 1.2634 0.3228, -0.449 1.2174 0.3228, -0.5958 1.1527 0.3228, -0.7336 1.0705 0.3228, -0.8602 0.9719 0.3228, -0.9737 0.8584 0.3228, -1.0723 0.7318 0.3228, -1.1545 0.594 0.3228, -1.2192 0.4472 0.3228, -1.2652 0.2935 0.3228, -1.2652 -0.2971 0.2047, -1.2652 -0.2971 0.3228, -1.2192 -0.4508 0.2047, -1.2192 -0.4508 0.3228, -1.1545 -0.5976 0.2047, -1.1545 -0.5976 0.3228, -1.0723 -0.7354 0.2047, -1.0723 -0.7354 0.3228, -0.9737 -0.862 0.2047, -0.9737 -0.862 0.3228, -0.8602 -0.9755 0.2047, -0.8602 -0.9755 0.3228, -0.7336 -1.0741 0.2047, -0.7336 -1.0741 0.3228, -0.5958 -1.1563 0.2047, -0.5958 -1.1563 0.3228, -0.449 -1.221 0.2047, -0.449 -1.221 0.3228, -0.2953 -1.267 0.2047, -0.2953 -1.267 0.3228, -0.2953 -1.2813 0.3228, -0.8071 -1.2813 0.3228, -0.2953 -1.2813 0.2047, -0.8071 -1.2813 0.0079, 1.2795 -1.2813 0.4016, 0.2953 -1.2813 0.4016, 1.2795 -1.2813 0.0079, 0.2953 1.2777 0.4016, 1.2795 1.2777 0.4016, -0.8071 1.2777 0.3228, -0.2953 1.2777 0.3228, -0.8071 1.2777 0.0079, 1.2795 1.2777 0.0079, -1.2795 0.2935 0.3228, -1.2795 0.8053 0.3228, -1.2795 0.8053 0.0079, -1.2795 0.2344 0.0079, -1.2795 0.2344 0.0866, -1.2795 -0.8089 0.3228, -1.2795 -0.2971 0.3228, -1.2795 -0.8089 0.0079, -1.2795 -0.2971 0.2047, -1.2795 -0.238 0.0079, -1.2795 0.1262 0.0866, -1.2795 -0.1298 0.0866, -1.2795 -0.238 0.0866, 1.1545 -0.5976 0.4016, 1.0723 -0.7354 0.4016, 0.9737 -0.862 0.4016, 0.8602 -0.9755 0.4016, 0.7336 -1.0741 0.4016, 1.2795 -0.2971 0.4016, 1.2652 -0.2971 0.4016, 1.2192 -0.4508 0.4016, 0.2953 -1.267 0.4016, 0.449 -1.221 0.4016, 0.5958 -1.1563 0.4016, 0.2953 1.2634 0.4016, 0.449 1.2174 0.4016, 0.5958 1.1527 0.4016, 0.7336 1.0705 0.4016, 0.8602 0.9719 0.4016, 0.9737 0.8584 0.4016, 1.0723 0.7318 0.4016, 1.2652 0.2935 0.4016, 1.2795 0.2935 0.4016, 1.2192 0.4472 0.4016, 1.1545 0.594 0.4016, 1.2795 -0.238 0.0079, 1.2795 -0.238 0.0866, 1.2795 0.2344 0.0866, 1.2795 0.1262 0.0866, 1.2795 0.2344 0.0079, 1.2795 -0.1298 0.0866, 0.1969 -0.238 0.0079, -0.1969 0.2344 0.0079, -0.1969 -0.238 0.0079, 0.1969 0.2344 0.0079, -1.2676 -0.176 0.2047, -1.2321 -0.347 0.2047, -1.1736 -0.5116 0.2047, -1.0933 -0.6666 0.2047, -0.9925 -0.8093 0.2047, -0.8733 -0.9369 0.2047, -0.7379 -1.0471 0.2047, -0.5887 -1.1379 0.2047, -0.4285 -1.2074 0.2047, -0.2603 -1.2546 0.2047, -0.0873 -1.2783 0.2047
            ]
        }
        coordIndex [
            0,1,2,-1,3,4,5,-1,5,4,6,-1,5,6,7,-1,7,6,8,-1,7,8,9,-1,9,8,10,-1,9,10,11,-1,11,10,12,-1,11,12,13,-1,0,2,14,-1,14,2,15,-1,14,15,16,-1,16,15,17,-1,16,17,18,-1,18,17,19,-1,18,19,20,-1,20,19,21,-1,20,21,22,-1,22,21,23,-1,22,23,3,-1,3,23,24,-1,3,24,4,-1,25,26,27,-1,27,26,28,-1,27,28,29,-1,29,28,30,-1,29,30,31,-1,31,30,32,-1,31,32,33,-1,33,32,34,-1,33,34,35,-1,35,34,36,-1,35,36,37,-1,37,36,38,-1,37,38,39,-1,39,38,40,-1,39,40,41,-1,41,40,42,-1,41,42,43,-1,43,42,44,-1,43,44,45,-1,45,44,46,-1,45,46,47,-1,47,46,48,-1,47,48,1,-1,49,50,51,-1,49,51,52,-1,52,51,53,-1,52,53,54,-1,54,53,55,-1,54,55,56,-1,56,55,57,-1,56,57,58,-1,58,57,59,-1,58,59,60,-1,60,59,61,-1,60,61,62,-1,61,63,62,-1,62,63,64,-1,62,64,65,-1,65,64,66,-1,65,66,67,-1,67,66,68,-1,67,68,69,-1,69,68,70,-1,69,70,71,-1,71,70,72,-1,71,72,25,-1,15,73,17,-1,17,73,74,-1,17,74,19,-1,19,74,75,-1,19,75,21,-1,21,75,76,-1,21,76,23,-1,23,76,77,-1,23,77,24,-1,24,77,78,-1,24,78,4,-1,4,78,79,-1,4,79,6,-1,6,79,80,-1,6,80,8,-1,8,80,81,-1,8,81,10,-1,10,81,82,-1,83,84,85,-1,85,84,86,-1,85,86,87,-1,87,86,88,-1,87,88,89,-1,89,88,90,-1,89,90,91,-1,91,90,92,-1,91,92,93,-1,93,92,94,-1,93,94,95,-1,95,94,96,-1,95,96,97,-1,97,96,98,-1,97,98,99,-1,99,98,100,-1,99,100,101,-1,101,100,102,-1,103,104,105,-1,105,104,106,-1,107,108,109,-1,109,108,51,-1,109,51,106,-1,106,51,50,-1,106,50,105,-1,48,110,111,-1,112,113,114,-1,114,113,2,-1,2,1,114,-1,114,1,48,-1,114,48,115,-1,115,48,111,-1,12,116,117,-1,118,119,120,-1,117,118,12,-1,12,118,120,-1,12,120,13,-1,121,122,123,-1,123,122,124,-1,123,124,125,-1,120,126,13,-1,13,126,127,-1,13,127,124,-1,124,127,128,-1,124,128,125,-1,84,83,122,-1,122,83,124,-1,116,12,82,-1,82,12,10,-1,73,15,113,-1,113,15,2,-1,103,105,102,-1,102,105,101,-1,107,129,130,-1,130,131,107,-1,107,131,132,-1,107,132,133,-1,134,135,107,-1,107,135,136,-1,107,136,129,-1,137,108,138,-1,138,108,107,-1,138,107,139,-1,139,107,133,-1,111,110,140,-1,140,141,111,-1,111,141,142,-1,111,142,143,-1,143,144,111,-1,111,144,145,-1,111,145,146,-1,147,148,149,-1,149,148,111,-1,149,111,150,-1,150,111,146,-1,53,137,55,-1,55,137,138,-1,55,138,57,-1,57,138,139,-1,57,139,59,-1,59,139,133,-1,59,133,61,-1,61,133,132,-1,61,132,63,-1,63,132,131,-1,63,131,64,-1,64,131,130,-1,64,130,66,-1,66,130,129,-1,66,129,68,-1,68,129,136,-1,68,136,70,-1,70,136,135,-1,28,147,30,-1,30,147,149,-1,30,149,32,-1,32,149,150,-1,32,150,34,-1,34,150,146,-1,34,146,36,-1,36,146,145,-1,36,145,38,-1,38,145,144,-1,38,144,40,-1,40,144,143,-1,40,143,42,-1,42,143,142,-1,42,142,44,-1,44,142,141,-1,44,141,46,-1,46,141,140,-1,72,134,107,-1,109,151,152,-1,153,26,154,-1,154,26,25,-1,153,155,26,-1,26,155,115,-1,26,115,148,-1,148,115,111,-1,107,109,72,-1,72,109,152,-1,72,152,25,-1,25,152,156,-1,25,156,154,-1,157,151,109,-1,158,119,118,-1,123,125,106,-1,106,125,159,-1,109,106,157,-1,157,106,159,-1,157,159,160,-1,160,159,158,-1,155,160,115,-1,115,160,158,-1,115,158,114,-1,114,158,118,-1,13,124,161,-1,161,124,83,-1,161,83,162,-1,162,83,85,-1,162,85,163,-1,163,85,87,-1,163,87,164,-1,164,87,89,-1,164,89,165,-1,165,89,91,-1,165,91,166,-1,166,91,93,-1,166,93,167,-1,167,93,95,-1,167,95,168,-1,168,95,97,-1,168,97,169,-1,169,97,99,-1,169,99,170,-1,170,99,101,-1,170,101,171,-1,171,101,105,-1,171,105,50,-1,26,148,28,-1,28,148,147,-1,70,135,72,-1,72,135,134,-1,110,48,140,-1,140,48,46,-1,51,108,53,-1,53,108,137,-1,103,102,104,-1,104,102,100,-1,104,100,98,-1,84,122,86,-1,86,122,121,-1,86,121,88,-1,88,121,90,-1,98,96,104,-1,104,96,94,-1,104,94,121,-1,121,94,92,-1,121,92,90,-1,73,113,74,-1,74,113,112,-1,74,112,75,-1,75,112,76,-1,116,82,117,-1,117,82,81,-1,117,81,80,-1,80,79,117,-1,117,79,78,-1,117,78,112,-1,112,78,77,-1,112,77,76,-1,
        ]
    }
}
Shape{
    appearance Appearance {
        material  Material {
            diffuseColor 1.0 1.0 1.0
            specularColor 0.5019607843137255 0.5019607843137255 0.5019607843137255
            ambientIntensity 1.0
            transparency 0.0
            shininess 0.5
        }
    }
    geometry IndexedFaceSet {
        ccw TRUE
        solid FALSE
        coord DEF co Coordinate {
            point [
                -0.9923 -0.8091 0.6476, -0.9156 -0.8956 0.6476, -0.8824 -0.8631 0.6671, -0.8723 -0.9358 0.6476, -0.8251 -0.9798 0.6476, -0.7952 -0.9443 0.6671, -0.2602 -1.2539 0.6476, -0.1542 -1.272 0.6476, -0.1486 -1.2259 0.6671, 0.8733 -0.9368 0.6476, 0.9577 -0.8503 0.6476, 0.923 -0.8195 0.6671, 0.9914 -0.8084 0.6476, 1.0352 -0.7539 0.6476, 0.9976 -0.7266 0.6671, 1.2671 -0.176 0.6476, 1.278 -0.0636 0.6476, 1.2317 -0.0614 0.6671, 1.0926 0.6626 0.6476, 1.0352 0.7503 0.6476, 0.9976 0.723 0.6671, 0.0873 1.2745 0.6476, -0.0309 1.2774 0.6476, -0.0298 1.2309 0.6671, -0.0872 1.2733 0.6476, -0.1542 1.2684 0.6476, -0.1486 1.2223 0.6671, -0.7375 1.0431 0.6476, -0.8251 0.9762 0.6476, -0.7952 0.9407 0.6671, -0.4925 -1.1323 1.0809, -0.5993 -1.0795 1.0809, -0.5792 -1.0434 1.0521, -1.2662 -0.1758 1.1004, -1.2736 -0.1253 1.1004, -1.2273 -0.1208 1.0809, -0.4281 -1.2063 1.1004, -0.511 -1.1749 1.1004, -0.2761 -1.2512 1.1004, -0.3954 -1.2187 1.1004, -0.381 -1.1745 1.0809, -0.0872 -1.2769 1.1004, -0.1542 -1.272 1.1004, -0.1486 -1.2259 1.0809, 0.0873 -1.2781 1.1004, -0.0309 -1.281 1.1004, -0.0298 -1.2345 1.0809, 0.2154 -1.2631 1.1004, 0.0927 -1.278 1.1004, 0.0893 -1.2317 1.0809, 0.5671 -1.1488 1.1004, 0.4537 -1.1982 1.1004, 0.4373 -1.1548 1.0809, 0.7371 -1.046 1.1004, 0.6751 -1.0887 1.1004, 0.6506 -1.0493 1.0809, 0.8714 -0.9388 1.1004, 0.7769 -1.0185 1.1004, 0.7487 -0.9816 1.0809, 0.9914 -0.8084 1.1004, 0.9577 -0.8503 1.1004, 0.923 -0.8195 1.0809, 1.1604 -0.541 1.1004, 1.1029 -0.6505 1.1004, 1.0629 -0.6269 1.0809, 1.2661 -0.1867 1.1004, 1.2423 -0.308 1.1004, 1.1973 -0.2969 1.0809, 1.2795 -0.0018 1.1004, 1.278 -0.0636 1.1004, 1.2317 -0.0614 1.0809, 1.2423 0.3044 1.1004, 1.2661 0.1831 1.1004, 1.2202 0.1764 1.0809, 1.1029 0.6469 1.1004, 1.1604 0.5374 1.1004, 1.1183 0.5178 1.0809, 0.9914 0.8048 1.1004, 1.0352 0.7503 1.1004, 0.9976 0.723 1.0809, 0.8733 0.9332 1.1004, 0.9577 0.8467 1.1004, 0.923 0.8159 1.0809, 0.7769 1.0149 1.1004, 0.8714 0.9352 1.1004, 0.8398 0.9012 1.0809, 0.4537 1.1946 1.1004, 0.5671 1.1452 1.1004, 0.5465 1.1036 1.0809, 0.26 1.2496 1.1004, 0.3361 1.2328 1.1004, 0.3239 1.188 1.0809, 0.0927 1.2744 1.1004, 0.2154 1.2595 1.1004, 0.2076 1.2137 1.0809, -0.0872 1.2733 1.1004, -0.0309 1.2774 1.1004, -0.0298 1.2309 1.0809, -0.3954 1.2151 1.1004, -0.2761 1.2476 1.1004, -0.2661 1.2022 1.0809, -0.7269 1.0512 1.1004, -0.6218 1.1165 1.1004, -0.5993 1.0759 1.0809, -0.8723 0.9322 1.1004, -0.8251 0.9762 1.1004, -0.7952 0.9407 1.0809, -0.9923 0.8055 1.1004, -0.9156 0.892 1.1004, -0.8824 0.8595 1.0809, -1.0703 0.6994 1.1004, -0.9976 0.7994 1.1004, -0.9614 0.7703 1.0809, -1.2261 0.3641 1.1004, -1.1851 0.4807 1.1004, -1.1421 0.4632 1.0809, -1.2662 0.1722 1.1004, -1.2557 0.244 1.1004, -1.2101 0.2351 1.0809, -1.2795 -0.0018 1.1004, -1.2736 0.1217 1.1004, -1.2273 0.1172 1.0809, -1.133 0.5928 1.1004, -1.0921 0.6623 1.1004, -1.0314 0.674 1.0809, -0.511 1.1713 1.1004, -0.4281 1.2027 1.1004, -0.381 1.1709 1.0809, -0.1542 1.2684 1.1004, 0.6751 1.0851 1.1004, 0.7371 1.0424 1.1004, 0.7487 0.978 1.0809, 1.207 0.4229 1.1004, 1.2308 0.343 1.1004, 1.1973 0.2933 1.0809, 1.278 0.06 1.1004, 1.207 -0.4265 1.1004, 1.1725 -0.5111 1.1004, 1.1183 -0.5214 1.0809, 1.0352 -0.7539 1.1004, 0.3361 -1.2364 1.1004, 0.26 -1.2532 1.1004, 0.2076 -1.2173 1.0809, -0.5881 -1.1367 1.1004, -0.6218 -1.1201 1.1004, -0.7005 -1.0166 1.0809, -0.7269 -1.0548 1.1004, -0.7375 -1.0467 1.1004, -0.8723 -0.9358 1.1004, -0.9156 -0.8956 1.1004, -0.8824 -0.8631 1.0809, -0.9923 -0.8091 1.1004, -1.0314 -0.6775 1.0809, -1.0703 -0.703 1.1004, -1.0921 -0.6659 1.1004, -1.0919 -0.5748 1.0809, -1.133 -0.5964 1.1004, -1.1726 -0.5111 1.1004, -1.1816 -0.3544 1.0809, -1.2261 -0.3677 1.1004, -1.2312 -0.3468 1.1004, -1.2557 -0.2476 1.1004, -0.6576 -0.9545 1.0152, -0.677 -0.9827 1.0521, -0.73 -0.867 0.9718, -0.7465 -0.8866 1.0152, -0.7685 -0.9127 1.0521, -0.7952 -0.9443 1.0809, -0.8251 -0.9798 1.1004, -0.7987 -0.7815 0.9241, -0.8101 -0.7925 0.9718, -0.8284 -0.8104 1.0152, -0.8529 -0.8343 1.0521, -0.8661 -0.6974 0.874, -0.8702 -0.7007 0.9241, -0.8826 -0.7106 0.9718, -0.9026 -0.7267 1.0152, -0.9292 -0.7481 1.0521, -0.9614 -0.7739 1.0809, -0.9976 -0.803 1.1004, -0.9336 -0.6135 0.824, -0.9292 -0.6105 0.874, -0.9336 -0.6135 0.9241, -0.9469 -0.6222 0.9718, -0.9683 -0.6362 1.0152, -0.9969 -0.6549 1.0521, -1.111 0.1059 0.824, -1.1162 -0.0018 0.824, -1.1108 -0.0018 0.874, -1.2312 0.3432 1.1004, -1.1816 0.3508 1.0809, -1.1038 0.4476 1.0521, -1.0553 0.5521 1.0521, -1.025 0.5362 1.0152, -0.9683 0.6326 1.0152, -0.9469 0.6186 0.9718, -0.8826 0.7071 0.9718, -0.8702 0.6971 0.9241, -0.7987 0.7779 0.9241, -0.7949 0.7741 0.874, -0.7163 0.8472 0.874, -0.7197 0.8513 0.824, -0.6341 0.9168 0.824, -0.6431 0.9298 0.7762, -0.7375 1.0431 1.1004, -0.7005 1.013 1.0809, -0.5792 1.0398 1.0521, -0.476 1.0909 1.0521, -0.4623 1.0595 1.0152, -0.3577 1.0992 1.0152, -0.3498 1.0748 0.9718, -0.2443 1.1035 0.9718, -0.2409 1.0881 0.9241, -0.1345 1.1062 0.9241, -0.1339 1.1009 0.874, -0.0268 1.1087 0.874, -0.027 1.114 0.824, 0.0808 1.1114 0.824, 0.082 1.1272 0.7762, 0.4282 1.2029 1.1004, 0.4373 1.1512 1.0809, 0.5282 1.0666 1.0521, 0.6289 1.0106 1.0521, 0.6108 0.9816 1.0152, 0.7029 0.918 1.0152, 0.6873 0.8977 0.9718, 0.7709 0.8271 0.9718, 0.7601 0.8155 0.9241, 0.8355 0.7384 0.9241, 0.8314 0.7348 0.874, 0.8987 0.6511 0.874, 0.903 0.6543 0.824, 0.9621 0.5641 0.824, 0.9758 0.5721 0.7762, 1.0926 0.6626 1.1004, 1.0629 0.6233 1.0809, 1.0808 0.5004 1.0521, 1.1243 0.3938 1.0521, 1.092 0.3824 1.0152, 1.124 0.2752 1.0152, 1.0991 0.2691 0.9718, 1.1201 0.1618 0.9718, 1.1045 0.1595 0.9241, 1.1149 0.0521 0.9241, 1.1095 0.0519 0.874, 1.1095 -0.0555 0.874, 1.1149 -0.0557 0.824, 1.1045 -0.1631 0.824, 1.1201 -0.1654 0.7762, 1.2671 -0.176 1.1004, 1.2202 -0.18 1.0809, 1.1572 -0.287 1.0521, 1.1243 -0.3974 1.0521, 1.092 -0.386 1.0152, 1.0498 -0.4896 1.0152, 1.0266 -0.4788 0.9718, 0.9758 -0.5757 0.9718, 0.9621 -0.5676 0.9241, 0.903 -0.6579 0.9241, 0.8987 -0.6547 0.874, 0.8314 -0.7384 0.874, 0.8355 -0.742 0.824, 0.7601 -0.8191 0.824, 0.7709 -0.8307 0.7762, 0.5882 -1.1371 1.1004, 0.5465 -1.1072 1.0809, 0.4226 -1.1162 1.0521, 0.3131 -1.1518 1.0521, 0.3041 -1.1188 1.0152, 0.1949 -1.1429 1.0152, 0.1906 -1.1177 0.9718, 0.082 -1.1308 0.9718, 0.0808 -1.115 0.9241, -0.027 -1.1176 0.9241, -0.0268 -1.1123 0.874, -0.1339 -1.1045 0.874, -0.1345 -1.1098 0.824, -0.2409 -1.0917 0.824, -0.2443 -1.1071 0.7762, -0.2602 -1.2539 1.1004, -0.2661 -1.2058 1.0809, -0.3683 -1.1353 1.0521, -0.476 -1.0945 1.0521, -0.4623 -1.0631 1.0152, -0.5626 -1.0135 1.0152, -0.5501 -0.9911 0.9718, -0.6431 -0.9334 0.9718, -0.6341 -0.9204 0.9241, -0.7197 -0.8549 0.9241, -0.7163 -0.8508 0.874, -0.7949 -0.7777 0.874, -0.7987 -0.7815 0.824, -0.8702 -0.7007 0.824, -0.8826 -0.7106 0.7762, -1.0023 -0.5279 0.7762, -0.9883 -0.5205 0.824, -0.9836 -0.518 0.874, -0.9883 -0.5205 0.9241, -1.0023 -0.5279 0.9718, -1.025 -0.5398 1.0152, -1.0553 -0.5557 1.0521, -1.1421 0.339 1.0521, -1.0722 0.4347 1.0152, -1.0023 0.5243 0.9718, -0.9336 0.6099 0.9241, -0.8661 0.6938 0.874, -0.7987 0.7779 0.824, -0.73 0.8634 0.7762, -0.6576 0.9509 0.7328, -0.677 0.9791 1.0521, -0.5626 1.0099 1.0152, -0.4521 1.036 0.9718, -0.3449 1.0597 0.9241, -0.2397 1.0828 0.874, -0.1345 1.1062 0.824, -0.0274 1.1299 0.7762, 0.0839 1.1528 0.7328, 0.4226 1.1126 1.0521, 0.513 1.0359 1.0152, 0.5973 0.9598 0.9718, 0.6777 0.8851 0.9241, 0.7565 0.8116 0.874, 0.8355 0.7384 0.824, 0.9158 0.6636 0.7762, 0.9978 0.5851 0.7328, 1.0273 0.6024 1.0521, 1.0498 0.486 1.0152, 1.0678 0.3739 0.9718, 1.0837 0.2653 0.9241, 1.0991 0.1587 0.874, 1.1149 0.0521 0.824, 1.1307 -0.0565 0.7762, 1.1455 -0.1691 0.7328, 1.1793 -0.174 1.0521, 1.124 -0.2788 1.0152, 1.0678 -0.3775 0.9718, 1.0122 -0.4722 0.9241, 0.9575 -0.5649 0.874, 0.903 -0.6579 0.824, 0.8473 -0.7525 0.7762, 0.7884 -0.8495 0.7328, 0.5282 -1.0702 1.0521, 0.4105 -1.0842 1.0152, 0.2974 -1.094 0.9718, 0.1879 -1.102 0.9241, 0.0805 -1.1097 0.874, -0.027 -1.1176 0.824, -0.1364 -1.1256 0.7762, -0.2498 -1.1321 0.7328, -0.2572 -1.1656 1.0521, -0.3577 -1.1028 1.0152, -0.4521 -1.0396 0.9718, -0.5424 -0.9773 0.9241, -0.631 -0.916 0.874, -0.7197 -0.8549 0.824, -0.8101 -0.7925 0.7762, -0.9026 -0.7267 0.7328, -1.0722 -0.4383 0.7328, -1.0484 -0.4287 0.7762, -1.0338 -0.4227 0.824, -1.0288 -0.4207 0.874, -1.0338 -0.4227 0.9241, -1.0484 -0.4287 0.9718, -1.0722 -0.4383 1.0152, -1.1038 -0.4512 1.0521, -1.1421 -0.4668 1.0809, -1.1851 -0.4843 1.1004, -1.1696 0.2272 1.0521, -1.1093 0.3292 1.0152, -1.0484 0.4251 0.9718, -0.9883 0.5169 0.9241, -0.9292 0.6069 0.874, -0.8702 0.6971 0.824, -0.8101 0.7889 0.7762, -0.7465 0.883 0.7328, -0.677 0.9791 0.6959, -0.7685 0.9091 1.0521, -0.6576 0.9509 1.0152, -0.5501 0.9875 0.9718, -0.4458 1.0215 0.9241, -0.3433 1.0546 0.874, -0.2409 1.0881 0.824, -0.1364 1.122 0.7762, -0.028 1.1555 0.7328, 0.0863 1.1869 0.6959, 0.3131 1.1482 1.0521, 0.4105 1.0806 1.0152, 0.5017 1.013 0.9718, 0.5889 0.9463 0.9241, 0.6744 0.8808 0.874, 0.7601 0.8155 0.824, 0.8473 0.7489 0.7762, 0.9365 0.6786 0.7328, 1.0273 0.6024 0.6959, 0.9642 0.6987 1.0521, 0.9978 0.5851 1.0152, 1.0266 0.4752 0.9718, 1.0529 0.3687 0.9241, 1.0785 0.264 0.874, 1.1045 0.1595 0.824, 1.1307 0.0529 0.7762, 1.1563 -0.0577 0.7328, 1.1793 -0.174 0.6959, 1.2671 0.1724 1.1004, 1.2317 0.0578 1.0809, 1.1904 -0.0594 1.0521, 1.1455 -0.1691 1.0152, 1.0991 -0.2727 0.9718, 1.0529 -0.3723 0.9241, 1.0074 -0.4699 0.874, 0.9621 -0.5676 0.824, 0.9158 -0.6672 0.7762, 0.8665 -0.7694 0.7328, 0.8117 -0.8745 0.6959, 0.6289 -1.0142 1.0521, 0.513 -1.0395 1.0152, 0.4014 -1.0602 0.9718, 0.2932 -1.0788 0.9241, 0.187 -1.0967 0.874, 0.0808 -1.115 0.824, -0.0274 -1.1335 0.7762, -0.1395 -1.151 0.7328, -0.2572 -1.1656 0.6959, -0.1437 -1.1849 1.0521, -0.2498 -1.1321 1.0152, -0.3498 -1.0784 0.9718, -0.4458 -1.0251 0.9241, -0.5398 -0.9726 0.874, -0.6341 -0.9204 0.824, -0.73 -0.867 0.7762, -0.8284 -0.8104 0.7328, -0.9292 -0.7481 0.6959, -1.1421 -0.3426 0.6959, -1.1093 -0.3328 0.7328, -1.0847 -0.3255 0.7762, -1.0696 -0.321 0.824, -1.0644 -0.3194 0.874, -1.0696 -0.321 0.9241, -1.0847 -0.3255 0.9718, -1.1093 -0.3328 1.0152, -1.1421 -0.3426 1.0521, -1.1696 0.2272 0.6959, -1.1863 0.1132 0.6959, -1.1522 0.1099 0.7328, -1.2331 -0.0018 1.0809, -1.1863 0.1132 1.0521, -1.1361 0.2206 1.0152, -1.0847 0.3219 0.9718, -1.0338 0.4191 0.9241, -0.9836 0.5144 0.874, -0.9336 0.6099 0.824, -0.8826 0.7071 0.7762, -0.8284 0.8068 0.7328, -0.7685 0.9091 0.6959, -0.7005 1.013 0.6671, -0.476 1.0909 0.6959, -0.5792 1.0398 0.6959, -0.5626 1.0099 0.7328, -0.8529 0.8307 1.0521, -0.7465 0.883 1.0152, -0.6431 0.9298 0.9718, -0.5424 0.9737 0.9241, -0.4436 1.0166 0.874, -0.3449 1.0597 0.824, -0.2443 1.1035 0.7762, -0.1395 1.1474 0.7328, -0.0288 1.1897 0.6959, 0.0893 1.2281 0.6671, 0.3131 1.1482 0.6959, 0.2007 1.173 0.6959, 0.1949 1.1393 0.7328, 0.0873 1.2745 1.1004, 0.0893 1.2281 1.0809, 0.2007 1.173 1.0521, 0.3041 1.1152 1.0152, 0.4014 1.0567 0.9718, 0.4947 0.9988 0.9241, 0.5861 0.9418 0.874, 0.6777 0.8851 0.824, 0.7709 0.8271 0.7762, 0.8665 0.7658 0.7328, 0.9642 0.6987 0.6959, 1.0629 0.6233 0.6671, 1.1243 0.3938 0.6959, 1.0808 0.5004 0.6959, 1.0498 0.486 0.7328, 0.8921 0.7885 1.0521, 0.9365 0.6786 1.0152, 0.9758 0.5721 0.9718, 1.0122 0.4686 0.9241, 1.0478 0.3669 0.874, 1.0837 0.2653 0.824, 1.1201 0.1618 0.7762, 1.1563 0.0541 0.7328, 1.1904 -0.0594 0.6959, 1.2202 -0.18 0.6671, 1.1243 -0.3974 0.6959, 1.1572 -0.287 0.6959, 1.124 -0.2788 0.7328, 1.1904 0.0558 1.0521, 1.1563 -0.0577 1.0152, 1.1201 -0.1654 0.9718, 1.0837 -0.2689 0.9241, 1.0478 -0.3705 0.874, 1.0122 -0.4722 0.824, 0.9758 -0.5757 0.7762, 0.9365 -0.6822 0.7328, 0.8921 -0.7921 0.6959, 0.8398 -0.9048 0.6671, 0.6289 -1.0142 0.6959, 0.7236 -0.9488 0.6959, 0.7029 -0.9216 0.7328, 0.8733 -0.9368 1.1004, 0.8398 -0.9048 1.0809, 0.7236 -0.9488 1.0521, 0.6108 -0.9852 1.0152, 0.5017 -1.0166 0.9718, 0.3958 -1.0454 0.9241, 0.2918 -1.0736 0.874, 0.1879 -1.102 0.824, 0.082 -1.1308 0.7762, -0.028 -1.1591 0.7328, -0.1437 -1.1849 0.6959, -0.2661 -1.2058 0.6671, -0.476 -1.0945 0.6959, -0.3683 -1.1353 0.6959, -0.3577 -1.1028 0.7328, -0.0288 -1.1933 1.0521, -0.1395 -1.151 1.0152, -0.2443 -1.1071 0.9718, -0.3449 -1.0633 0.9241, -0.4436 -1.0202 0.874, -0.5424 -0.9773 0.824, -0.6431 -0.9334 0.7762, -0.7465 -0.8866 0.7328, -0.8529 -0.8343 0.6959, -0.9614 -0.7739 0.6671, -1.0553 -0.5557 0.6959, -0.9969 -0.6549 0.6959, -0.9683 -0.6362 0.7328, -1.2101 -0.2387 0.6671, -1.1696 -0.2308 0.6959, -1.1361 -0.2242 0.7328, -1.1109 -0.2193 0.7762, -1.0954 -0.2162 0.824, -1.0901 -0.2152 0.874, -1.0954 -0.2162 0.9241, -1.1109 -0.2193 0.9718, -1.1361 -0.2242 1.0152, -1.1696 -0.2308 1.0521, -1.2101 -0.2387 1.0809, -1.2273 0.1172 0.6671, -1.2101 0.2351 0.6671, -1.1816 0.3508 0.6671, -1.1726 0.5075 0.6476, -1.1851 0.4807 0.6476, -1.1421 0.4632 0.6671, -1.1421 0.339 0.6959, -1.1361 0.2206 0.7328, -1.1267 0.1075 0.7762, -1.0314 0.674 0.6671, -1.0919 0.5712 0.6671, -1.0553 0.5521 0.6959, -1.1038 0.4476 0.6959, -1.0722 0.4347 0.7328, -1.1093 0.3292 0.7328, -1.0847 0.3219 0.7762, -1.1109 0.2157 0.7762, -1.0954 0.2126 0.824, -1.1056 0.1054 0.874, -1.1162 -0.0018 0.9241, -0.9923 0.8055 0.6476, -0.9976 0.7994 0.6476, -0.9614 0.7703 0.6671, -0.9969 0.6513 0.6959, -1.025 0.5362 0.7328, -1.0484 0.4251 0.7762, -1.0696 0.3174 0.824, -1.0901 0.2116 0.874, -1.111 0.1059 0.9241, -1.132 -0.0018 0.9718, -0.8824 0.8595 0.6671, -0.8529 0.8307 0.6959, -0.9292 0.7445 0.6959, -0.9026 0.7231 0.7328, -0.9683 0.6326 0.7328, -0.9469 0.6186 0.7762, -1.0023 0.5243 0.7762, -0.9883 0.5169 0.824, -1.0338 0.4191 0.824, -1.0288 0.4171 0.874, -1.0644 0.3158 0.874, -1.0696 0.3174 0.9241, -1.0954 0.2126 0.9241, -1.1109 0.2157 0.9718, -1.1267 0.1075 0.9718, -1.1522 0.1099 1.0152, -1.1576 -0.0018 1.0152, -1.1918 -0.0018 1.0521, -0.5993 1.0759 0.6671, -0.4925 1.1287 0.6671, -0.381 1.1709 0.6671, -0.2602 1.2503 0.6476, -0.2761 1.2476 0.6476, -0.2661 1.2022 0.6671, -0.3683 1.1317 0.6959, -0.4623 1.0595 0.7328, -0.5501 0.9875 0.7762, 0.2076 1.2137 0.6671, 0.3239 1.188 0.6671, 0.4373 1.1512 0.6671, 0.5882 1.1335 0.6476, 0.5671 1.1452 0.6476, 0.5465 1.1036 0.6671, 0.4226 1.1126 0.6959, 0.3041 1.1152 0.7328, 0.1906 1.1141 0.7762, -0.5881 1.1331 1.1004, -0.4925 1.1287 1.0809, -0.3683 1.1317 1.0521, -0.2572 1.162 1.0521, -0.2498 1.1286 1.0152, -0.1395 1.1474 1.0152, -0.1364 1.122 0.9718, -0.0274 1.1299 0.9718, -0.027 1.114 0.9241, 0.0808 1.1114 0.9241, 0.0805 1.1061 0.874, 0.187 1.0931 0.874, 0.1879 1.0984 0.824, 0.2932 1.0752 0.824, 0.2974 1.0905 0.7762, 0.4014 1.0567 0.7762, 0.4105 1.0806 0.7328, 0.513 1.0359 0.7328, 0.5282 1.0666 0.6959, 0.6289 1.0106 0.6959, 0.6506 1.0457 0.6671, 0.7487 0.978 0.6671, -0.1437 1.1813 1.0521, -0.028 1.1555 1.0152, 0.082 1.1272 0.9718, 0.1879 1.0984 0.9241, 0.2918 1.07 0.874, 0.3958 1.0418 0.824, 0.5017 1.013 0.7762, 0.6108 0.9816 0.7328, 0.7236 0.9452 0.6959, 0.8398 0.9012 0.6671, 0.8714 0.9352 0.6476, 0.8733 0.9332 0.6476, -0.2602 1.2503 1.1004, -0.1486 1.2223 1.0809, -0.0288 1.1897 1.0521, 0.0863 1.1869 1.0521, 0.0839 1.1528 1.0152, 0.1949 1.1393 1.0152, 0.1906 1.1141 0.9718, 0.2974 1.0905 0.9718, 0.2932 1.0752 0.9241, 0.3958 1.0418 0.9241, 0.3939 1.0368 0.874, 0.4923 0.994 0.874, 0.4947 0.9988 0.824, 0.5889 0.9463 0.824, 0.5973 0.9598 0.7762, 0.6873 0.8977 0.7762, 0.7029 0.918 0.7328, 0.7884 0.8459 0.7328, 0.8117 0.8709 0.6959, 0.8921 0.7885 0.6959, 0.923 0.8159 0.6671, 1.1183 0.5178 0.6671, 1.1632 0.4075 0.6671, 1.1973 0.2933 0.6671, 1.2671 0.1724 0.6476, 1.2661 0.1831 0.6476, 1.2202 0.1764 0.6671, 1.1572 0.2834 0.6959, 1.092 0.3824 0.7328, 1.0266 0.4752 0.7762, 0.5882 1.1335 1.1004, 0.6506 1.0457 1.0809, 0.7236 0.9452 1.0521, 0.8117 0.8709 1.0521, 0.7884 0.8459 1.0152, 0.8665 0.7658 1.0152, 0.8473 0.7489 0.9718, 0.9158 0.6636 0.9718, 0.903 0.6543 0.9241, 0.9621 0.5641 0.9241, 0.9575 0.5613 0.874, 1.0074 0.4663 0.874, 1.0122 0.4686 0.824, 1.0529 0.3687 0.824, 1.0678 0.3739 0.7762, 1.0991 0.2691 0.7762, 1.124 0.2752 0.7328, 1.1455 0.1655 0.7328, 1.1793 0.1704 0.6959, 1.1904 0.0558 0.6959, 1.2317 0.0578 0.6671, 1.1973 -0.2969 0.6671, 1.1632 -0.4111 0.6671, 1.1183 -0.5214 0.6671, 1.0926 -0.6662 0.6476, 1.1029 -0.6505 0.6476, 1.0629 -0.6269 0.6671, 1.0808 -0.504 0.6959, 1.092 -0.386 0.7328, 1.0991 -0.2727 0.7762, 0.7487 -0.9816 0.6671, 0.6506 -1.0493 0.6671, 0.5465 -1.1072 0.6671, 0.4282 -1.2065 0.6476, 0.4537 -1.1982 0.6476, 0.4373 -1.1548 0.6671, 0.5282 -1.0702 0.6959, 0.6108 -0.9852 0.7328, 0.6873 -0.9013 0.7762, 1.2308 -0.3466 1.1004, 1.1632 -0.4111 1.0809, 1.0808 -0.504 1.0521, 1.0273 -0.606 1.0521, 0.9978 -0.5887 1.0152, 0.9365 -0.6822 1.0152, 0.9158 -0.6672 0.9718, 0.8473 -0.7525 0.9718, 0.8355 -0.742 0.9241, 0.7601 -0.8191 0.9241, 0.7565 -0.8152 0.874, 0.6744 -0.8844 0.874, 0.6777 -0.8887 0.824, 0.5889 -0.9499 0.824, 0.5973 -0.9634 0.7762, 0.5017 -1.0166 0.7762, 0.513 -1.0395 0.7328, 0.4105 -1.0842 0.7328, 0.4226 -1.1162 0.6959, 0.3131 -1.1518 0.6959, 0.3239 -1.1916 0.6671, 0.2076 -1.2173 0.6671, 0.9642 -0.7023 1.0521, 0.8665 -0.7694 1.0152, 0.7709 -0.8307 0.9718, 0.6777 -0.8887 0.9241, 0.5861 -0.9454 0.874, 0.4947 -1.0024 0.824, 0.4014 -1.0602 0.7762, 0.3041 -1.1188 0.7328, 0.2007 -1.1766 0.6959, 0.0893 -1.2317 0.6671, 0.0927 -1.278 0.6476, 0.0873 -1.2781 0.6476, 1.0926 -0.6662 1.1004, 0.9976 -0.7266 1.0809, 0.8921 -0.7921 1.0521, 0.8117 -0.8745 1.0521, 0.7884 -0.8495 1.0152, 0.7029 -0.9216 1.0152, 0.6873 -0.9013 0.9718, 0.5973 -0.9634 0.9718, 0.5889 -0.9499 0.9241, 0.4947 -1.0024 0.9241, 0.4923 -0.9976 0.874, 0.3939 -1.0404 0.874, 0.3958 -1.0454 0.824, 0.2932 -1.0788 0.824, 0.2974 -1.094 0.7762, 0.1906 -1.1177 0.7762, 0.1949 -1.1429 0.7328, 0.0839 -1.1564 0.7328, 0.0863 -1.1905 0.6959, -0.0288 -1.1933 0.6959, -0.0298 -1.2345 0.6671, -0.381 -1.1745 0.6671, -0.4925 -1.1323 0.6671, -0.5993 -1.0795 0.6671, -0.7375 -1.0467 0.6476, -0.7269 -1.0548 0.6476, -0.7005 -1.0166 0.6671, -0.5792 -1.0434 0.6959, -0.4623 -1.0631 0.7328, -0.3498 -1.0784 0.7762, -1.0314 -0.6775 0.6671, -1.0919 -0.5748 0.6671, -1.1421 -0.4668 0.6671, -1.2312 -0.3468 0.6476, -1.2261 -0.3677 0.6476, -1.1816 -0.3544 0.6671, -1.1038 -0.4512 0.6959, -1.025 -0.5398 0.7328, -0.9469 -0.6222 0.7762, -1.132 -0.0018 0.7762, -1.1576 -0.0018 0.7328, -1.1918 -0.0018 0.6959, -1.2331 -0.0018 0.6671, -1.2736 0.1217 0.6476, -1.2795 -0.0018 0.6476, -1.2261 0.3641 0.6476, -1.2312 0.3432 0.6476, -1.2557 0.244 0.6476, -1.2662 0.1722 0.6476, -1.0703 0.6994 0.6476, -1.0921 0.6623 0.6476, -1.133 0.5928 0.6476, -0.9156 0.892 0.6476, -0.8723 0.9322 0.6476, -0.7269 1.0512 0.6476, -0.6218 1.1165 0.6476, -0.3954 1.2151 0.6476, -0.4281 1.2027 0.6476, -0.511 1.1713 0.6476, -0.5881 1.1331 0.6476, -0.2572 1.162 0.6959, -0.3577 1.0992 0.7328, -0.4521 1.036 0.7762, -0.5424 0.9737 0.824, -0.631 0.9124 0.874, -0.7197 0.8513 0.9241, -0.8101 0.7889 0.9718, -0.9026 0.7231 1.0152, -0.9969 0.6513 1.0521, -1.0919 0.5712 1.0809, -1.1726 0.5075 1.1004, -0.1437 1.1813 0.6959, -0.2498 1.1286 0.7328, -0.3498 1.0748 0.7762, -0.4458 1.0215 0.824, -0.5398 0.969 0.874, -0.6341 0.9168 0.9241, -0.73 0.8634 0.9718, -0.8284 0.8068 1.0152, -0.9292 0.7445 1.0521, 0.0927 1.2744 0.6476, 0.2154 1.2595 0.6476, 0.4537 1.1946 0.6476, 0.4282 1.2029 0.6476, 0.3361 1.2328 0.6476, 0.26 1.2496 0.6476, 0.7769 1.0149 0.6476, 0.7371 1.0424 0.6476, 0.6751 1.0851 0.6476, 0.9577 0.8467 0.6476, 0.9914 0.8048 0.6476, 1.1029 0.6469 0.6476, 1.1604 0.5374 0.6476, 1.2423 0.3044 0.6476, 1.2308 0.343 0.6476, 1.207 0.4229 0.6476, 1.1725 0.5075 0.6476, 1.278 0.06 0.6476, 1.278 -0.0018 0.6476, 1.2661 -0.1867 0.6476, 1.2423 -0.308 0.6476, 1.1604 -0.541 0.6476, 1.1725 -0.5111 0.6476, 1.207 -0.4265 0.6476, 1.2308 -0.3466 0.6476, 1.0273 -0.606 0.6959, 1.0498 -0.4896 0.7328, 1.0678 -0.3775 0.7762, 1.0837 -0.2689 0.824, 1.0991 -0.1623 0.874, 1.1149 -0.0557 0.9241, 1.1307 0.0529 0.9718, 1.1455 0.1655 1.0152, 1.1572 0.2834 1.0521, 1.1632 0.4075 1.0809, 1.1725 0.5075 1.1004, 0.9642 -0.7023 0.6959, 0.9978 -0.5887 0.7328, 1.0266 -0.4788 0.7762, 1.0529 -0.3723 0.824, 1.0785 -0.2676 0.874, 1.1045 -0.1631 0.9241, 1.1307 -0.0565 0.9718, 1.1563 0.0541 1.0152, 1.1793 0.1704 1.0521, 0.8714 -0.9388 0.6476, 0.7769 -1.0185 0.6476, 0.5671 -1.1488 0.6476, 0.5882 -1.1371 0.6476, 0.6751 -1.0887 0.6476, 0.7371 -1.046 0.6476, 0.2154 -1.2631 0.6476, 0.26 -1.2532 0.6476, 0.3361 -1.2364 0.6476, -0.0309 -1.281 0.6476, -0.0872 -1.2769 0.6476, -0.2761 -1.2512 0.6476, -0.3954 -1.2187 0.6476, -0.6218 -1.1201 0.6476, -0.5881 -1.1367 0.6476, -0.511 -1.1749 0.6476, -0.4281 -1.2063 0.6476, -0.677 -0.9827 0.6959, -0.5626 -1.0135 0.7328, -0.4521 -1.0396 0.7762, -0.3449 -1.0633 0.824, -0.2397 -1.0864 0.874, -0.1345 -1.1098 0.9241, -0.0274 -1.1335 0.9718, 0.0839 -1.1564 1.0152, 0.2007 -1.1766 1.0521, 0.3239 -1.1916 1.0809, 0.4282 -1.2065 1.1004, -0.7685 -0.9127 0.6959, -0.6576 -0.9545 0.7328, -0.5501 -0.9911 0.7762, -0.4458 -1.0251 0.824, -0.3433 -1.0582 0.874, -0.2409 -1.0917 0.9241, -0.1364 -1.1256 0.9718, -0.028 -1.1591 1.0152, 0.0863 -1.1905 1.0521, -0.9976 -0.803 0.6476, -1.0703 -0.703 0.6476, -1.1851 -0.4843 0.6476, -1.1726 -0.5111 0.6476, -1.133 -0.5964 0.6476, -1.0921 -0.6659 0.6476, -1.2557 -0.2476 0.6476, -1.2273 -0.1208 0.6671, -1.2736 -0.1253 0.6476, -1.2662 -0.1758 0.6476, -1.1863 -0.1168 1.0521, -1.1522 -0.1135 1.0152, -1.1267 -0.1111 0.9718, -1.111 -0.1095 0.9241, -1.1056 -0.109 0.874, -1.111 -0.1095 0.824, -1.1267 -0.1111 0.7762, -1.1522 -0.1135 0.7328, -1.1863 -0.1168 0.6959, 0.6115 -0.9892 3.0394, 0.6115 0.9856 3.0394, 0.5147 -1.0429 3.0394, 0.5147 1.0393 3.0394, 0.4118 -1.0877 3.0394, 0.4118 1.0841 3.0394, -0.4638 -1.0666 3.0394, -0.3589 -1.1064 3.0394, -0.2506 -1.1359 3.0394, 0.3051 1.1188 3.0394, 0.1955 1.143 3.0394, 0.0841 1.1566 3.0394, -0.14 -1.1547 3.0394, -0.0281 -1.1629 3.0394, 0.0841 -1.1602 3.0394, -0.0281 1.1593 3.0394, -0.14 1.1512 3.0394, -0.2506 1.1323 3.0394, -0.7489 0.8859 3.0394, -0.6598 0.954 3.0394, -0.5644 1.0132 3.0394, -1.1398 0.2213 3.0394, -1.156 0.1103 3.0394, -0.8311 -0.8131 3.0394, -1.1614 -0.0018 3.0394, -1.156 -0.1139 3.0394, 0.1955 -1.1466 3.0394, 0.3051 -1.1224 3.0394, -0.9715 0.6347 3.0394, -1.0284 0.5379 3.0394, -1.1129 0.3303 3.0394, -0.7489 -0.8895 3.0394, -0.6598 -0.9576 3.0394, -0.3589 1.1028 3.0394, -0.4638 1.063 3.0394, -0.8311 0.8095 3.0394, -0.9055 0.7255 3.0394, -0.5644 -1.0168 3.0394, -1.0757 0.4362 3.0394, -1.1398 -0.2249 3.0394, -1.1129 -0.3339 3.0394, -1.0757 -0.4398 3.0394, -1.0284 -0.5415 3.0394, -0.9715 -0.6383 3.0394, -0.9055 -0.7291 3.0394, 0.2622 1.2505 2.6651, 0.2603 1.2509 2.6653, 0.2603 1.251 2.9213, -0.1626 1.2674 2.4403, -0.1616 1.2675 2.4427, -0.1442 1.2696 2.4441, -0.0925 1.2744 2.4278, -0.0927 1.2744 2.4285, -0.0973 1.274 2.4518, -0.094 1.2743 2.4306, -0.095 1.2742 2.4323, -0.0957 1.2741 2.433, -0.0982 1.274 2.4354, -0.0983 1.274 2.4355, -0.1011 1.2737 2.4371, -0.1025 1.2736 2.4379, -0.1056 1.2734 2.4388, -0.1031 1.2736 2.4554, -0.1129 1.2727 2.4408, -0.1058 1.2733 2.457, -0.1227 1.2718 2.4422, -0.1191 1.2722 2.4599, -0.1153 1.2725 2.4595, -0.1136 1.2727 2.4594, -0.1089 1.2731 2.4579, -0.1325 1.2708 2.4436, -0.1324 1.2709 2.4457, -0.1322 1.2709 2.4482, -0.1316 1.2709 2.4504, -0.1311 1.271 2.4526, -0.1308 1.271 2.4532, -0.1299 1.2711 2.4549, -0.1299 1.2711 2.4549, -0.1295 1.2712 2.4554, -0.1283 1.2713 2.4568, -0.1268 1.2714 2.4578, -0.1263 1.2715 2.4581, -0.1251 1.2716 2.4586, -0.1236 1.2717 2.4592, -0.1227 1.2718 2.4594, -0.2182 1.259 2.632, -0.2203 1.2586 2.56, -0.2603 1.251 2.9213, -0.1521 1.2687 2.6405, -0.1521 1.2687 2.6279, -0.1706 1.2663 2.6428, -0.0885 1.2747 2.6205, -0.0873 1.2747 2.9213, -0.0902 1.2745 2.6228, -0.0959 1.2741 2.6306, -0.0985 1.2739 2.633, -0.104 1.2735 2.6368, -0.1075 1.2732 2.6392, -0.1112 1.2729 2.6406, -0.1168 1.2724 2.6427, -0.1184 1.2722 2.6429, -0.1301 1.2711 2.6443, -0.1439 1.2696 2.6428, -0.1323 1.2709 2.6441, -0.1421 1.2698 2.6433, -0.2182 1.259 2.6428, -0.1826 1.2646 2.5914, -0.1826 1.2646 2.56, -0.2156 1.2594 2.5914, -0.2156 1.2594 2.6021, -0.1826 1.2646 2.6021, -0.1826 1.2646 2.632, -0.1272 1.2714 2.6332, -0.1201 1.2721 2.632, -0.1154 1.2725 2.5609, -0.1417 1.2699 2.632, -0.1398 1.2701 2.6322, -0.1302 1.2711 2.6334, -0.1281 1.2713 2.6334, -0.1188 1.2722 2.6318, -0.1149 1.2726 2.6301, -0.1123 1.2728 2.629, -0.1103 1.273 2.6274, -0.1049 1.2734 2.6231, -0.1005 1.2738 2.6168, -0.0993 1.2739 2.6151, -0.0979 1.274 2.6113, -0.0965 1.2741 2.6073, -0.0962 1.2741 2.6051, -0.0951 1.2742 2.595, -0.0952 1.2742 2.5942, -0.0962 1.2741 2.5847, -0.0963 1.2741 2.5834, -0.0979 1.274 2.579, -0.1004 1.2738 2.574, -0.1042 1.2735 2.5684, -0.1057 1.2734 2.5669, -0.1067 1.2733 2.5662, -0.111 1.2729 2.5629, -0.1132 1.2727 2.5619, -0.1116 1.2729 2.5625, -0.099 1.2739 2.576, -0.1475 1.2692 2.6297, -0.1177 1.2723 2.5599, -0.1204 1.272 2.5596, -0.1281 1.2713 2.5585, -0.1299 1.2711 2.5586, -0.1379 1.2703 2.5598, -0.2312 1.2567 2.3892, -0.2363 1.2557 2.4013, -0.2234 1.2581 2.4346, -0.203 1.2615 2.412, -0.2129 1.2599 2.3811, -0.2039 1.2614 2.4145, -0.204 1.2614 2.4148, -0.2028 1.2616 2.4113, -0.2019 1.2617 2.4099, -0.2009 1.2619 2.4085, -0.2002 1.262 2.4077, -0.1971 1.2625 2.4049, -0.2129 1.2599 2.3707, -0.1957 1.2627 2.404, -0.1951 1.2628 2.4037, -0.191 1.2634 2.402, -0.1885 1.2638 2.401, -0.1851 1.2643 2.4006, -0.1779 1.2653 2.3996, -0.1732 1.2659 2.4001, -0.1599 1.2677 2.4156, -0.1599 1.2677 2.4035, -0.1442 1.2696 2.4012, -0.1659 1.2669 2.4014, -0.1683 1.2666 2.4006, -0.2438 1.2543 2.3911, -0.2424 1.2546 2.3879, -0.2603 1.251 1.1004, -0.2411 1.2548 2.3856, -0.2372 1.2556 2.3789, -0.237 1.2556 2.3786, -0.2345 1.2561 2.3758, -0.2344 1.2561 2.3757, -0.2312 1.2567 2.3732, -0.2304 1.2568 2.3726, -0.2278 1.2573 2.3715, -0.226 1.2576 2.3706, -0.0873 1.2747 1.1004, -0.2244 1.2579 2.3704, -0.2203 1.2586 2.3697, -0.2164 1.2593 2.37, -0.1325 1.2708 2.4012, -0.1063 1.2733 2.4002, -0.1036 1.2735 2.4011, -0.1011 1.2737 2.4019, -0.1 1.2738 2.4026, -0.0965 1.2741 2.4048, -0.096 1.2741 2.4054, -0.0959 1.2741 2.4055, -0.0939 1.2743 2.4082, -0.0934 1.2743 2.4088, -0.0925 1.2744 2.4111, -0.0917 1.2744 2.413, -0.0915 1.2745 2.4146, -0.0908 1.2745 2.419, -0.0973 1.274 2.4632, -0.0913 1.2745 2.424, -0.0915 1.2745 2.4244, -0.1609 1.2676 2.4442, -0.1606 1.2676 2.4459, -0.1433 1.2697 2.4517, -0.1309 1.271 2.4676, -0.1333 1.2708 2.4667, -0.1616 1.2675 2.4575, -0.134 1.2707 2.4662, -0.1367 1.2704 2.4645, -0.1368 1.2704 2.4644, -0.1388 1.2702 2.4624, -0.1389 1.2702 2.4623, -0.1406 1.27 2.4597, -0.1412 1.2699 2.4588, -0.1421 1.2698 2.4563, -0.143 1.2697 2.4538, -0.1614 1.2675 2.4568, -0.1605 1.2676 2.4542, -0.16 1.2677 2.4499, -0.16 1.2677 2.4503, -0.1604 1.2676 2.4539, -0.1259 1.2715 2.4687, -0.1288 1.2712 2.4683, -0.1031 1.2736 2.5535, -0.0988 1.2739 2.4641, -0.1034 1.2735 2.4659, -0.0944 1.2742 2.5605, -0.108 1.2732 2.4677, -0.1002 1.2738 2.5559, -0.1107 1.2729 2.4681, -0.1202 1.2721 2.4694, -0.1643 1.2671 2.4611, -0.1674 1.2667 2.4641, -0.1626 1.2674 2.4589, -0.1635 1.2672 2.4604, -0.1686 1.2666 2.4648, -0.1694 1.2665 2.4653, -0.1734 1.2659 2.4669, -0.176 1.2656 2.468, -0.179 1.2651 2.4684, -0.1857 1.2642 2.4694, -0.089 1.2746 2.5683, -0.0876 1.2747 2.5703, -0.0873 1.2748 2.5711, -0.0937 1.2743 2.5615, -0.2014 1.2618 2.4551, -0.2014 1.2618 2.4664, -0.2105 1.2603 2.4679, -0.1938 1.263 2.4686, -0.1325 1.2708 2.4115, -0.1322 1.2709 2.4115, -0.1316 1.2709 2.4104, -0.1295 1.2712 2.408, -0.1273 1.2714 2.4052, -0.127 1.2714 2.405, -0.1241 1.2717 2.4028, -0.1233 1.2718 2.4023, -0.121 1.272 2.4014, -0.1189 1.2722 2.4005, -0.1174 1.2723 2.4003, -0.1119 1.2728 2.3996, -0.1078 1.2732 2.4, -0.2148 1.2596 2.3805, -0.2045 1.2613 2.4193, -0.2044 1.2613 2.4185, -0.2163 1.2593 2.3803, -0.2194 1.2588 2.3798, -0.2208 1.2585 2.3799, -0.2223 1.2583 2.3801, -0.2229 1.2582 2.3804, -0.2247 1.2578 2.381, -0.2247 1.2578 2.381, -0.2262 1.2576 2.382, -0.2267 1.2575 2.3824, -0.2277 1.2573 2.3835, -0.2288 1.2571 2.3847, -0.2292 1.257 2.3854, -0.2406 1.2549 2.4177, -0.242 1.2546 2.4122, -0.2437 1.2543 2.4176, -0.2377 1.2555 2.5493, -0.2603 1.251 2.5493, -0.2234 1.2581 2.4679, -0.232 1.2565 2.4428, -0.2526 1.2525 2.4427, -0.2603 1.251 2.4644, -0.1264 1.2715 2.5478, -0.1228 1.2718 2.5479, -0.1195 1.2721 2.5485, -0.1122 1.2728 2.5497, -0.1112 1.2729 2.5499, -0.1058 1.2733 2.5523, -0.1521 1.2687 2.5648, -0.1521 1.2687 2.5532, -0.1706 1.2663 2.5493, -0.1422 1.2698 2.5605, -0.1458 1.2694 2.5621, -0.1486 1.2691 2.552, -0.1405 1.27 2.5492, -0.1404 1.27 2.5492, -0.2203 1.2586 2.5493, -0.2377 1.2555 2.6428, -0.1963 1.2626 2.4574, -0.1932 1.2631 2.4587, -0.1886 1.2638 2.4378, -0.1908 1.2634 2.459, -0.1846 1.2643 2.4599, -0.1831 1.2646 2.4598, -0.181 1.2649 2.4594, -0.179 1.2651 2.459, -0.1781 1.2653 2.4586, -0.1755 1.2656 2.4574, -0.1744 1.2658 2.4565, -0.1731 1.266 2.4548, -0.1727 1.266 2.4539, -0.1735 1.2659 2.446, -0.1724 1.2661 2.4483, -0.1728 1.266 2.4473, -0.1723 1.2661 2.4489, -0.1722 1.2661 2.4525, -0.1719 1.2661 2.4509, -0.1723 1.2661 2.453, -0.1732 1.2659 2.4464, -0.1744 1.2658 2.4564, -0.1735 1.2659 2.4553, -0.1857 1.2642 2.439, -0.1789 1.2652 2.442, -0.1745 1.2658 2.4447, -0.2002 1.262 2.4557, -0.1915 1.2633 2.4363, -0.1967 1.2625 2.4336, -0.1977 1.2624 2.4327, -0.2006 1.2619 2.4303, -0.2016 1.2617 2.4288, -0.2023 1.2616 2.4278, -0.2031 1.2615 2.4259, -0.2039 1.2614 2.4239, -0.204 1.2614 2.4229, -0.173 1.266 2.41, -0.179 1.2651 2.4091, -0.1776 1.2654 2.4305, -0.1806 1.2649 2.4092, -0.182 1.2647 2.4093, -0.1854 1.2642 2.4099, -0.1867 1.264 2.4102, -0.1877 1.2639 2.4106, -0.1907 1.2634 2.4137, -0.189 1.2637 2.4113, -0.1902 1.2635 2.4122, -0.1902 1.2635 2.4122, -0.1911 1.2634 2.4133, -0.1913 1.2633 2.4136, -0.1917 1.2633 2.4146, -0.1922 1.2632 2.4156, -0.1923 1.2632 2.4161, -0.1926 1.2631 2.4182, -0.1925 1.2632 2.4191, -0.1922 1.2632 2.4209, -0.1921 1.2632 2.4212, -0.1918 1.2633 2.4219, -0.1916 1.2633 2.4223, -0.1912 1.2634 2.4228, -0.1897 1.2636 2.4245, -0.1887 1.2637 2.4111, -0.1848 1.2643 2.4273, -0.1736 1.2659 2.4322, -0.1671 1.2668 2.4119, -0.1708 1.2663 2.4104, -0.1662 1.2669 2.4366, -0.1701 1.2664 2.4343, -0.161 1.2676 2.4149, -0.163 1.2673 2.4137, -0.1654 1.267 2.4373, -0.1633 1.2673 2.4393, -0.1629 1.2673 2.4399, -0.0796 1.2752 2.4118, -0.0796 1.2752 2.4012, -0.0294 1.2774 2.4012, 0.0873 1.2747 1.1004, -0.0294 1.2774 2.4946, 0.05 1.2768 2.4704, 0.0539 1.2766 2.4603, 0.0575 1.2764 2.4507, 0.0608 1.2763 2.4461, -0.0786 1.2753 2.56, -0.0786 1.2753 2.5493, -0.0294 1.2774 2.6428, 0.0734 1.2756 2.5565, 0.063 1.2762 2.5427, 0.0506 1.2767 2.5171, -0.0294 1.2774 2.5493, 0.0551 1.2765 2.5278, 0.0596 1.2763 2.5383, 0.0497 1.2768 2.5115, 0.0471 1.2769 2.4938, 0.0493 1.2768 2.4763, 0.0873 1.2747 2.9213, -0.0415 1.2771 2.6428, -0.0415 1.2771 2.56, -0.0859 1.2748 2.5749, -0.0841 1.275 2.5798, -0.0838 1.275 2.5825, -0.0825 1.2751 2.5943, -0.0827 1.2751 2.5967, -0.0841 1.275 2.6082, -0.0843 1.275 2.6097, -0.0867 1.2748 2.6159, -0.0873 1.2748 2.6175, -0.0775 1.2754 2.4946, -0.0775 1.2754 2.4838, -0.0415 1.2771 2.4432, -0.0415 1.2771 2.4118, -0.0749 1.2755 2.4432, -0.0749 1.2755 2.4539, -0.0415 1.2771 2.4539, -0.0415 1.2771 2.4838, -0.3169 1.2379 2.5493, -0.2857 1.2454 2.4946, -0.3298 1.2345 2.5493, -0.3324 1.2338 2.4946, -0.3342 1.2333 2.5621, -0.3324 1.2338 2.4838, -0.3976 1.2144 2.5493, -0.385 1.2184 2.5493, -0.3804 1.2199 2.5621, -0.3385 1.2321 2.5749, -0.3759 1.2213 2.5749, -0.2974 1.2427 2.4539, -0.3298 1.2345 2.4539, -0.3514 1.2285 2.4946, -0.3862 1.218 2.4935, -0.3895 1.217 2.4931, -0.2974 1.2427 2.4838, -0.377 1.2209 2.4946, -0.3951 1.2152 2.4911, -0.4008 1.2133 2.489, -0.4032 1.2125 2.4873, -0.4106 1.2101 2.4822, -0.4138 1.209 2.4787, -0.4141 1.2089 2.4784, -0.4178 1.2076 2.4728, -0.4195 1.207 2.4703, -0.4207 1.2066 2.467, -0.2974 1.2427 2.4432, -0.2974 1.2427 2.4118, -0.3298 1.2345 2.4432, -0.3344 1.2332 2.4118, -0.2603 1.251 2.6428, -0.2638 1.2502 2.6428, -0.2732 1.2482 2.6417, -0.2765 1.2475 2.6413, -0.2823 1.2462 2.6393, -0.2882 1.2449 2.6372, -0.2906 1.2443 2.6355, -0.2982 1.2425 2.6304, -0.3513 1.2286 2.6428, -0.3016 1.2417 2.6269, -0.3019 1.2416 2.6266, -0.3057 1.2407 2.621, -0.3074 1.2403 2.6185, -0.3086 1.24 2.6152, -0.3117 1.2392 2.5926, -0.3116 1.2392 2.591, -0.3341 1.2333 2.5961, -0.3105 1.2395 2.61, -0.3106 1.2395 2.6085, -0.3119 1.2391 2.5972, -0.31 1.2396 2.583, -0.3096 1.2397 2.5807, -0.3075 1.2402 2.5759, -0.3057 1.2407 2.5718, -0.2615 1.2507 2.4679, -0.304 1.2411 2.5697, -0.2982 1.2425 2.5624, -0.2973 1.2427 2.5618, -0.29 1.2444 2.5565, -0.2878 1.2449 2.5549, -0.2829 1.246 2.5531, -0.2777 1.2472 2.5511, -0.2749 1.2478 2.5508, -0.2629 1.2504 2.5493, -0.4225 1.206 2.4618, -0.4285 1.2039 2.9213, -0.3807 1.2198 2.5961, -0.3637 1.225 2.6428, -0.4221 1.2061 2.4348, -0.4216 1.2063 2.4325, -0.4285 1.2039 1.1004, -0.4236 1.2056 2.4428, -0.4227 1.2059 2.4603, -0.4239 1.2055 2.4491, -0.4237 1.2056 2.4444, -0.4196 1.207 2.4277, -0.4178 1.2076 2.4237, -0.4162 1.2082 2.4215, -0.4106 1.2101 2.4142, -0.4097 1.2104 2.4136, -0.4026 1.2127 2.4083, -0.4004 1.2135 2.4067, -0.3957 1.215 2.4049, -0.3906 1.2167 2.4029, -0.3514 1.2285 2.4012, -0.3761 1.2212 2.4012, -0.3878 1.2175 2.4026, -0.2857 1.2454 2.4012, -0.3344 1.2332 2.4012, -0.2734 1.2482 2.4679, -0.2603 1.251 2.434, -0.2586 1.2513 2.4295, 0.4272 1.2043 2.5859, 0.4253 1.205 2.5878, 0.4285 1.2039 2.9213, 0.4118 1.2096 2.5974, 0.4049 1.212 2.6024, 0.3957 1.215 2.606, 0.3834 1.2189 2.6109, 0.3522 1.2283 2.6137, 0.3437 1.2307 2.6127, 0.3298 1.2345 2.6292, 0.3791 1.2202 2.6114, 0.3584 1.2265 2.614, 0.3154 1.2382 2.6419, 0.308 1.2401 2.6465, 0.2971 1.2428 2.6533, 0.2859 1.2453 2.6574, 0.2659 1.2498 2.6647, 0.4448 1.1979 2.45, 0.448 1.1967 2.4549, 0.5887 1.1343 1.1004, 0.4578 1.193 2.4849, 0.4603 1.1921 2.5064, 0.5887 1.1343 2.9213, 0.4526 1.195 2.4675, 0.4573 1.1932 2.4803, 0.4601 1.1922 2.5117, 0.46 1.1922 2.5142, 0.457 1.1933 2.531, 0.4555 1.1939 2.5396, 0.4515 1.1954 2.549, 0.4463 1.1974 2.5614, 0.4436 1.1984 2.565, 0.431 1.203 2.5821, 0.4285 1.2038 2.5846, 0.2603 1.251 2.4089, 0.2619 1.2506 2.4035, 0.2603 1.251 1.1004, 0.2641 1.2502 2.3963, 0.2663 1.2497 2.3925, 0.2716 1.2486 2.3834, 0.2721 1.2485 2.3829, 0.2796 1.2468 2.3745, 0.2798 1.2468 2.3743, 0.289 1.2446 2.3675, 0.2923 1.2439 2.365, 0.2993 1.2422 2.3621, 0.3056 1.2407 2.3595, 0.3097 1.2397 2.3589, 0.3231 1.2363 2.357, 0.3309 1.2342 2.358, 0.4285 1.2039 1.1004, 0.3398 1.2318 2.3592, 0.3425 1.231 2.3603, 0.3535 1.2279 2.3649, 0.3544 1.2277 2.3653, 0.3633 1.225 2.3719, 0.3664 1.2242 2.3742, 0.3714 1.2226 2.3803, 0.3767 1.221 2.3868, 0.3784 1.2205 2.3905, 0.3838 1.2188 2.4022, 0.392 1.2162 2.4048, 0.4019 1.2129 2.41, 0.4154 1.2084 2.4171, 0.4188 1.2072 2.4202, 0.4285 1.2038 2.4289, 0.4341 1.2018 2.434, 0.2603 1.251 2.625, 0.2603 1.2508 2.4756, 0.2311 1.2567 2.4912, 0.1888 1.2637 2.6135, 0.1938 1.263 2.6171, 0.2034 1.2614 2.621, 0.2129 1.2599 2.6248, 0.2182 1.2589 2.6255, 0.237 1.2556 2.628, 0.2486 1.2533 2.6265, 0.1668 1.2668 2.4792, 0.1018 1.2737 2.4578, 0.0965 1.2741 2.4651, 0.0946 1.2742 2.4677, 0.0923 1.2744 2.4734, 0.0902 1.2745 2.4786, 0.0897 1.2746 2.482, 0.0882 1.2747 2.4931, 0.0889 1.2746 2.5004, 0.0892 1.2746 2.5031, 0.0912 1.2745 2.5095, 0.0929 1.2744 2.5149, 0.0948 1.2742 2.518, 0.099 1.2739 2.5249, 0.0995 1.2739 2.5254, 0.1047 1.2734 2.5311, 0.1049 1.2734 2.5313, 0.1123 1.2728 2.5366, 0.1149 1.2726 2.5386, 0.1205 1.272 2.5409, 0.1257 1.2715 2.543, 0.1497 1.2689 2.5654, 0.1555 1.2682 2.5771, 0.1872 1.264 2.5144, 0.129 1.2712 2.5434, 0.1398 1.2701 2.545, 0.177 1.2654 2.4968, 0.1451 1.2695 2.545, 0.1489 1.269 2.5618, 0.16 1.2677 2.5862, 0.1637 1.2672 2.5904, 0.1756 1.2656 2.6041, 0.0993 1.2738 2.4107, 0.1083 1.2731 2.4061, 0.0876 1.2747 2.4168, 0.0716 1.2757 2.4307, 0.0849 1.2749 2.4192, 0.0873 1.2747 2.417, 0.186 1.2641 2.4098, 0.1867 1.264 2.4107, 0.1138 1.2726 2.4048, 0.1319 1.2709 2.4008, 0.1338 1.2707 2.4008, 0.1358 1.2705 2.4008, 0.1708 1.2663 2.4008, 0.1736 1.2659 2.4014, 0.1748 1.2657 2.4016, 0.1774 1.2654 2.4027, 0.1796 1.2651 2.4037, 0.1807 1.2649 2.4045, 0.1836 1.2645 2.4068, 0.1837 1.2645 2.4069, 0.1878 1.2639 2.4133, 0.1889 1.2637 2.4158, 0.2595 1.2511 2.4115, 0.1892 1.2637 2.4173, 0.2592 1.2512 2.415, 0.1898 1.2636 2.4214, 0.2585 1.2513 2.4234, 0.1891 1.2637 2.426, 0.2585 1.2513 2.43, 0.189 1.2637 2.427, 0.1878 1.2639 2.4297, 0.2128 1.2599 2.4546, 0.187 1.264 2.4317, 0.1861 1.2641 2.433, 0.1841 1.2644 2.4356, 0.1838 1.2645 2.4359, 0.1837 1.2645 2.436, 0.1811 1.2649 2.438, 0.1797 1.2651 2.4391, 0.1777 1.2653 2.44, 0.1751 1.2657 2.4411, 0.1737 1.2659 2.4413, 0.1694 1.2665 2.442, 0.1655 1.267 2.4413, 0.1358 1.2705 2.4413, 0.1259 1.2715 2.4434, 0.1229 1.2718 2.444, 0.1174 1.2723 2.4466, 0.1116 1.2728 2.4494, 0.1093 1.273 2.4514, 0.2814 1.2464 2.6165, 0.2935 1.2436 2.4827, 0.2807 1.2466 2.6168, 0.2875 1.245 2.4795, 0.2649 1.25 2.6232, 0.2947 1.2433 2.6065, 0.2998 1.2421 2.6028, 0.3065 1.2405 2.5946, 0.2747 1.2479 2.4679, 0.2845 1.2457 2.4768, 0.2604 1.2509 2.625, 0.3777 1.2207 2.4583, 0.4158 1.2083 2.4826, 0.4146 1.2087 2.4789, 0.4105 1.2101 2.4715, 0.4091 1.2106 2.4691, 0.4035 1.2124 2.4629, 0.3977 1.2144 2.4563, 0.3942 1.2155 2.454, 0.3806 1.2198 2.4522, 0.3831 1.219 2.4467, 0.4196 1.207 2.4944, 0.3744 1.2217 2.4627, 0.4196 1.207 2.4946, 0.3678 1.2237 2.4714, 0.4192 1.2071 2.5216, 0.421 1.2065 2.5078, 0.3666 1.2241 2.4723, 0.4161 1.2082 2.5324, 0.4186 1.2073 2.5259, 0.3568 1.227 2.4801, 0.4111 1.2099 2.5429, 0.4134 1.2091 2.5396, 0.3548 1.2275 2.4817, 0.4044 1.2121 2.5526, 0.4045 1.2121 2.5524, 0.3838 1.2188 2.5684, 0.3871 1.2178 2.5663, 0.3464 1.2299 2.4853, 0.396 1.2149 2.5607, 0.3963 1.2148 2.5604, 0.3399 1.2318 2.4881, 0.3693 1.2233 2.5731, 0.3766 1.221 2.5707, 0.3359 1.2328 2.4887, 0.3577 1.2267 2.5742, 0.3655 1.2244 2.5734, 0.3333 1.2335 2.5685, 0.3412 1.2314 2.5718, 0.3452 1.2303 2.5724, 0.3257 1.2356 2.5653, 0.3231 1.2363 2.4905, 0.3238 1.2361 2.5642, 0.3151 1.2383 2.4899, 0.3149 1.2384 2.4899, 0.3133 1.2388 2.5863, 0.3156 1.2382 2.5814, 0.3001 1.2421 2.4862, 0.3039 1.2411 2.4872, 0.1914 1.2633 2.6584, 0.179 1.2651 2.654, 0.2376 1.2555 2.6678, 0.2149 1.2595 2.6652, 0.208 1.2607 2.6644, 0.1029 1.2735 2.5763, 0.0917 1.2744 2.5712, 0.1703 1.2663 2.6481, 0.1484 1.2691 2.6333, 0.1384 1.2702 2.6214, 0.1127 1.2728 2.5808, 0.1234 1.2718 2.6022, 0.1251 1.2716 2.6056, 0.0878 1.2747 2.5681, 0.0873 1.2747 2.5677, 0.074 1.2756 2.557, -0.5887 1.1343 1.1004, -0.4947 1.1782 2.4012, -0.4413 1.1992 2.4012, -0.4904 1.18 2.4139, -0.4455 1.1977 2.4139, -0.4859 1.1819 2.4267, -0.4497 1.1961 2.4267, -0.4288 1.2037 2.4012, -0.4906 1.1799 2.4479, -0.507 1.173 2.4012, -0.5887 1.1343 2.9213, -0.4455 1.1977 2.4479, -0.4622 1.1914 2.4946, -0.4742 1.1866 2.4946, 0.7379 1.0435 2.9213, 0.7379 1.0435 1.1004, 0.8733 0.9333 2.9213, 0.8733 0.9333 1.1004, 0.9925 0.8057 2.9213, 0.9925 0.8057 1.1004, 1.0933 0.663 2.9213, 1.0933 0.663 1.1004, 1.1736 0.508 2.9213, 1.1736 0.508 1.1004, 1.2321 0.3434 2.9213, 1.2321 0.3434 1.1004, 1.2676 0.1724 2.9213, 1.2676 0.1724 1.1004, 1.2795 -0.0018 2.9213, 1.2676 -0.176 2.9213, 1.2676 -0.176 1.1004, 1.2321 -0.347 2.9213, 1.2321 -0.347 1.1004, 1.1736 -0.5116 2.9213, 1.1736 -0.5116 1.1004, 1.0933 -0.6666 2.9213, 1.0933 -0.6666 1.1004, 0.9925 -0.8093 2.9213, 0.9925 -0.8093 1.1004, 0.8733 -0.9369 2.9213, 0.8733 -0.9369 1.1004, 0.7379 -1.0471 2.9213, 0.7379 -1.0471 1.1004, 0.5887 -1.1379 2.9213, 0.5887 -1.1379 1.1004, 0.4285 -1.2074 2.9213, 0.4285 -1.2074 1.1004, 0.2603 -1.2546 2.9213, 0.2603 -1.2546 1.1004, 0.0873 -1.2783 2.9213, 0.0873 -1.2783 1.1004, -0.0873 -1.2783 2.9213, -0.0873 -1.2783 1.1004, -0.2603 -1.2546 2.9213, -0.2603 -1.2546 1.1004, -0.4285 -1.2074 2.9213, -0.4285 -1.2074 1.1004, -0.5887 -1.1379 2.9213, -0.5887 -1.1379 1.1004, -0.7379 -1.0471 2.9213, -0.7379 -1.0471 1.1004, -0.8733 -0.9369 2.9213, -0.8733 -0.9369 1.1004, -0.9925 -0.8093 2.9213, -0.9925 -0.8093 1.1004, -1.0933 -0.6666 2.9213, -1.0933 -0.6666 1.1004, -1.1736 -0.5116 2.9213, -1.1736 -0.5116 1.1004, -1.2321 -0.347 2.9213, -1.2321 -0.347 1.1004, -1.2676 -0.176 2.9213, -1.2676 -0.176 1.1004, -1.2795 -0.0018 2.9213, -1.2676 0.1724 2.9213, -1.2676 0.1724 1.1004, -1.2321 0.3434 2.9213, -1.2321 0.3434 1.1004, -1.1736 0.508 2.9213, -1.1736 0.508 1.1004, -1.0933 0.663 2.9213, -1.0933 0.663 1.1004, -0.9925 0.8057 2.9213, -0.9925 0.8057 1.1004, -0.8733 0.9333 2.9213, -0.8733 0.9333 1.1004, -0.7379 1.0435 2.9213, -0.7379 1.0435 1.1004
            ]
        }
        coordIndex [
            0,1,2,-1,3,4,5,-1,6,7,8,-1,9,10,11,-1,12,13,14,-1,15,16,17,-1,18,19,20,-1,21,22,23,-1,24,25,26,-1,27,28,29,-1,30,31,32,-1,33,34,35,-1,36,37,30,-1,38,39,40,-1,41,42,43,-1,44,45,46,-1,47,48,49,-1,50,51,52,-1,53,54,55,-1,56,57,58,-1,59,60,61,-1,62,63,64,-1,65,66,67,-1,68,69,70,-1,71,72,73,-1,74,75,76,-1,77,78,79,-1,80,81,82,-1,83,84,85,-1,86,87,88,-1,89,90,91,-1,92,93,94,-1,95,96,97,-1,98,99,100,-1,101,102,103,-1,104,105,106,-1,107,108,109,-1,110,111,112,-1,113,114,115,-1,116,117,118,-1,119,120,121,-1,122,123,124,-1,125,126,127,-1,95,97,128,-1,129,130,131,-1,132,133,134,-1,68,70,135,-1,136,137,138,-1,59,61,139,-1,140,141,142,-1,30,37,31,-1,31,37,143,-1,31,143,144,-1,145,146,147,-1,148,149,150,-1,150,149,151,-1,152,153,154,-1,155,156,157,-1,158,159,160,-1,33,35,161,-1,162,32,163,-1,163,32,31,-1,163,31,145,-1,145,31,144,-1,145,144,146,-1,164,162,165,-1,165,162,163,-1,165,163,166,-1,166,163,145,-1,166,145,167,-1,167,145,147,-1,167,147,168,-1,169,164,170,-1,170,164,165,-1,170,165,171,-1,171,165,166,-1,171,166,172,-1,172,166,167,-1,172,167,150,-1,150,167,168,-1,150,168,148,-1,173,169,174,-1,174,169,170,-1,174,170,175,-1,175,170,171,-1,175,171,176,-1,176,171,172,-1,176,172,177,-1,177,172,150,-1,177,150,178,-1,178,150,151,-1,178,151,179,-1,180,173,181,-1,181,173,174,-1,181,174,182,-1,182,174,175,-1,182,175,183,-1,183,175,176,-1,183,176,184,-1,184,176,177,-1,184,177,185,-1,185,177,178,-1,185,178,152,-1,152,178,179,-1,152,179,153,-1,186,187,188,-1,189,113,190,-1,190,113,115,-1,190,115,191,-1,191,115,192,-1,191,192,193,-1,193,192,194,-1,193,194,195,-1,195,194,196,-1,195,196,197,-1,197,196,198,-1,197,198,199,-1,199,198,200,-1,199,200,201,-1,201,200,202,-1,201,202,203,-1,204,101,205,-1,205,101,103,-1,205,103,206,-1,206,103,207,-1,206,207,208,-1,208,207,209,-1,208,209,210,-1,210,209,211,-1,210,211,212,-1,212,211,213,-1,212,213,214,-1,214,213,215,-1,214,215,216,-1,216,215,217,-1,216,217,218,-1,219,86,220,-1,220,86,88,-1,220,88,221,-1,221,88,222,-1,221,222,223,-1,223,222,224,-1,223,224,225,-1,225,224,226,-1,225,226,227,-1,227,226,228,-1,227,228,229,-1,229,228,230,-1,229,230,231,-1,231,230,232,-1,231,232,233,-1,234,74,235,-1,235,74,76,-1,235,76,236,-1,236,76,237,-1,236,237,238,-1,238,237,239,-1,238,239,240,-1,240,239,241,-1,240,241,242,-1,242,241,243,-1,242,243,244,-1,244,243,245,-1,244,245,246,-1,246,245,247,-1,246,247,248,-1,249,65,250,-1,250,65,67,-1,250,67,251,-1,251,67,252,-1,251,252,253,-1,253,252,254,-1,253,254,255,-1,255,254,256,-1,255,256,257,-1,257,256,258,-1,257,258,259,-1,259,258,260,-1,259,260,261,-1,261,260,262,-1,261,262,263,-1,264,50,265,-1,265,50,52,-1,265,52,266,-1,266,52,267,-1,266,267,268,-1,268,267,269,-1,268,269,270,-1,270,269,271,-1,270,271,272,-1,272,271,273,-1,272,273,274,-1,274,273,275,-1,274,275,276,-1,276,275,277,-1,276,277,278,-1,279,38,280,-1,280,38,40,-1,280,40,281,-1,281,40,282,-1,281,282,283,-1,283,282,284,-1,283,284,285,-1,285,284,286,-1,285,286,287,-1,287,286,288,-1,287,288,289,-1,289,288,290,-1,289,290,291,-1,291,290,292,-1,291,292,293,-1,294,180,295,-1,295,180,181,-1,295,181,296,-1,296,181,182,-1,296,182,297,-1,297,182,183,-1,297,183,298,-1,298,183,184,-1,298,184,299,-1,299,184,185,-1,299,185,300,-1,300,185,152,-1,300,152,155,-1,155,152,154,-1,155,154,156,-1,117,189,118,-1,118,189,190,-1,118,190,301,-1,301,190,191,-1,301,191,302,-1,302,191,193,-1,302,193,303,-1,303,193,195,-1,303,195,304,-1,304,195,197,-1,304,197,305,-1,305,197,199,-1,305,199,306,-1,306,199,201,-1,306,201,307,-1,307,201,203,-1,307,203,308,-1,105,204,106,-1,106,204,205,-1,106,205,309,-1,309,205,206,-1,309,206,310,-1,310,206,208,-1,310,208,311,-1,311,208,210,-1,311,210,312,-1,312,210,212,-1,312,212,313,-1,313,212,214,-1,313,214,314,-1,314,214,216,-1,314,216,315,-1,315,216,218,-1,315,218,316,-1,90,219,91,-1,91,219,220,-1,91,220,317,-1,317,220,221,-1,317,221,318,-1,318,221,223,-1,318,223,319,-1,319,223,225,-1,319,225,320,-1,320,225,227,-1,320,227,321,-1,321,227,229,-1,321,229,322,-1,322,229,231,-1,322,231,323,-1,323,231,233,-1,323,233,324,-1,78,234,79,-1,79,234,235,-1,79,235,325,-1,325,235,236,-1,325,236,326,-1,326,236,238,-1,326,238,327,-1,327,238,240,-1,327,240,328,-1,328,240,242,-1,328,242,329,-1,329,242,244,-1,329,244,330,-1,330,244,246,-1,330,246,331,-1,331,246,248,-1,331,248,332,-1,69,249,70,-1,70,249,250,-1,70,250,333,-1,333,250,251,-1,333,251,334,-1,334,251,253,-1,334,253,335,-1,335,253,255,-1,335,255,336,-1,336,255,257,-1,336,257,337,-1,337,257,259,-1,337,259,338,-1,338,259,261,-1,338,261,339,-1,339,261,263,-1,339,263,340,-1,54,264,55,-1,55,264,265,-1,55,265,341,-1,341,265,266,-1,341,266,342,-1,342,266,268,-1,342,268,343,-1,343,268,270,-1,343,270,344,-1,344,270,272,-1,344,272,345,-1,345,272,274,-1,345,274,346,-1,346,274,276,-1,346,276,347,-1,347,276,278,-1,347,278,348,-1,42,279,43,-1,43,279,280,-1,43,280,349,-1,349,280,281,-1,349,281,350,-1,350,281,283,-1,350,283,351,-1,351,283,285,-1,351,285,352,-1,352,285,287,-1,352,287,353,-1,353,287,289,-1,353,289,354,-1,354,289,291,-1,354,291,355,-1,355,291,293,-1,355,293,356,-1,357,294,358,-1,358,294,295,-1,358,295,359,-1,359,295,296,-1,359,296,360,-1,360,296,297,-1,360,297,361,-1,361,297,298,-1,361,298,362,-1,362,298,299,-1,362,299,363,-1,363,299,300,-1,363,300,364,-1,364,300,155,-1,364,155,365,-1,365,155,157,-1,365,157,366,-1,120,116,121,-1,121,116,118,-1,121,118,367,-1,367,118,301,-1,367,301,368,-1,368,301,302,-1,368,302,369,-1,369,302,303,-1,369,303,370,-1,370,303,304,-1,370,304,371,-1,371,304,305,-1,371,305,372,-1,372,305,306,-1,372,306,373,-1,373,306,307,-1,373,307,374,-1,374,307,308,-1,374,308,375,-1,108,104,109,-1,109,104,106,-1,109,106,376,-1,376,106,309,-1,376,309,377,-1,377,309,310,-1,377,310,378,-1,378,310,311,-1,378,311,379,-1,379,311,312,-1,379,312,380,-1,380,312,313,-1,380,313,381,-1,381,313,314,-1,381,314,382,-1,382,314,315,-1,382,315,383,-1,383,315,316,-1,383,316,384,-1,93,89,94,-1,94,89,91,-1,94,91,385,-1,385,91,317,-1,385,317,386,-1,386,317,318,-1,386,318,387,-1,387,318,319,-1,387,319,388,-1,388,319,320,-1,388,320,389,-1,389,320,321,-1,389,321,390,-1,390,321,322,-1,390,322,391,-1,391,322,323,-1,391,323,392,-1,392,323,324,-1,392,324,393,-1,81,77,82,-1,82,77,79,-1,82,79,394,-1,394,79,325,-1,394,325,395,-1,395,325,326,-1,395,326,396,-1,396,326,327,-1,396,327,397,-1,397,327,328,-1,397,328,398,-1,398,328,329,-1,398,329,399,-1,399,329,330,-1,399,330,400,-1,400,330,331,-1,400,331,401,-1,401,331,332,-1,401,332,402,-1,403,135,404,-1,404,135,70,-1,404,70,405,-1,405,70,333,-1,405,333,406,-1,406,333,334,-1,406,334,407,-1,407,334,335,-1,407,335,408,-1,408,335,336,-1,408,336,409,-1,409,336,337,-1,409,337,410,-1,410,337,338,-1,410,338,411,-1,411,338,339,-1,411,339,412,-1,412,339,340,-1,412,340,413,-1,57,53,58,-1,58,53,55,-1,58,55,414,-1,414,55,341,-1,414,341,415,-1,415,341,342,-1,415,342,416,-1,416,342,343,-1,416,343,417,-1,417,343,344,-1,417,344,418,-1,418,344,345,-1,418,345,419,-1,419,345,346,-1,419,346,420,-1,420,346,347,-1,420,347,421,-1,421,347,348,-1,421,348,422,-1,45,41,46,-1,46,41,43,-1,46,43,423,-1,423,43,349,-1,423,349,424,-1,424,349,350,-1,424,350,425,-1,425,350,351,-1,425,351,426,-1,426,351,352,-1,426,352,427,-1,427,352,353,-1,427,353,428,-1,428,353,354,-1,428,354,429,-1,429,354,355,-1,429,355,430,-1,430,355,356,-1,430,356,431,-1,432,357,433,-1,433,357,358,-1,433,358,434,-1,434,358,359,-1,434,359,435,-1,435,359,360,-1,435,360,436,-1,436,360,361,-1,436,361,437,-1,437,361,362,-1,437,362,438,-1,438,362,363,-1,438,363,439,-1,439,363,364,-1,439,364,440,-1,440,364,365,-1,440,365,158,-1,158,365,366,-1,158,366,159,-1,441,442,443,-1,34,119,444,-1,444,119,121,-1,444,121,445,-1,445,121,367,-1,445,367,446,-1,446,367,368,-1,446,368,447,-1,447,368,369,-1,447,369,448,-1,448,369,370,-1,448,370,449,-1,449,370,371,-1,449,371,450,-1,450,371,372,-1,450,372,451,-1,451,372,373,-1,451,373,452,-1,452,373,374,-1,452,374,453,-1,453,374,375,-1,453,375,454,-1,455,456,457,-1,111,107,112,-1,112,107,109,-1,112,109,458,-1,458,109,376,-1,458,376,459,-1,459,376,377,-1,459,377,460,-1,460,377,378,-1,460,378,461,-1,461,378,379,-1,461,379,462,-1,462,379,380,-1,462,380,463,-1,463,380,381,-1,463,381,464,-1,464,381,382,-1,464,382,465,-1,465,382,383,-1,465,383,466,-1,466,383,384,-1,466,384,467,-1,468,469,470,-1,471,92,472,-1,472,92,94,-1,472,94,473,-1,473,94,385,-1,473,385,474,-1,474,385,386,-1,474,386,475,-1,475,386,387,-1,475,387,476,-1,476,387,388,-1,476,388,477,-1,477,388,389,-1,477,389,478,-1,478,389,390,-1,478,390,479,-1,479,390,391,-1,479,391,480,-1,480,391,392,-1,480,392,481,-1,481,392,393,-1,481,393,482,-1,483,484,485,-1,84,80,85,-1,85,80,82,-1,85,82,486,-1,486,82,394,-1,486,394,487,-1,487,394,395,-1,487,395,488,-1,488,395,396,-1,488,396,489,-1,489,396,397,-1,489,397,490,-1,490,397,398,-1,490,398,491,-1,491,398,399,-1,491,399,492,-1,492,399,400,-1,492,400,493,-1,493,400,401,-1,493,401,494,-1,494,401,402,-1,494,402,495,-1,496,497,498,-1,72,403,73,-1,73,403,404,-1,73,404,499,-1,499,404,405,-1,499,405,500,-1,500,405,406,-1,500,406,501,-1,501,406,407,-1,501,407,502,-1,502,407,408,-1,502,408,503,-1,503,408,409,-1,503,409,504,-1,504,409,410,-1,504,410,505,-1,505,410,411,-1,505,411,506,-1,506,411,412,-1,506,412,507,-1,507,412,413,-1,507,413,508,-1,509,510,511,-1,512,56,513,-1,513,56,58,-1,513,58,514,-1,514,58,414,-1,514,414,515,-1,515,414,415,-1,515,415,516,-1,516,415,416,-1,516,416,517,-1,517,416,417,-1,517,417,518,-1,518,417,418,-1,518,418,519,-1,519,418,419,-1,519,419,520,-1,520,419,420,-1,520,420,521,-1,521,420,421,-1,521,421,522,-1,522,421,422,-1,522,422,523,-1,524,525,526,-1,48,44,49,-1,49,44,46,-1,49,46,527,-1,527,46,423,-1,527,423,528,-1,528,423,424,-1,528,424,529,-1,529,424,425,-1,529,425,530,-1,530,425,426,-1,530,426,531,-1,531,426,427,-1,531,427,532,-1,532,427,428,-1,532,428,533,-1,533,428,429,-1,533,429,534,-1,534,429,430,-1,534,430,535,-1,535,430,431,-1,535,431,536,-1,537,538,539,-1,540,432,541,-1,541,432,433,-1,541,433,542,-1,542,433,434,-1,542,434,543,-1,543,434,435,-1,543,435,544,-1,544,435,436,-1,544,436,545,-1,545,436,437,-1,545,437,546,-1,546,437,438,-1,546,438,547,-1,547,438,439,-1,547,439,548,-1,548,439,440,-1,548,440,549,-1,549,440,158,-1,549,158,550,-1,550,158,160,-1,550,160,161,-1,551,442,552,-1,552,442,441,-1,552,441,553,-1,554,555,556,-1,556,555,553,-1,556,553,557,-1,557,553,441,-1,557,441,558,-1,558,441,443,-1,558,443,559,-1,560,561,562,-1,562,561,563,-1,562,563,564,-1,564,563,565,-1,564,565,566,-1,566,565,567,-1,566,567,568,-1,568,567,186,-1,568,186,569,-1,569,186,188,-1,569,188,570,-1,571,572,573,-1,573,572,560,-1,573,560,574,-1,574,560,562,-1,574,562,575,-1,575,562,564,-1,575,564,576,-1,576,564,566,-1,576,566,577,-1,577,566,568,-1,577,568,578,-1,578,568,569,-1,578,569,579,-1,579,569,570,-1,579,570,580,-1,29,581,582,-1,582,581,583,-1,582,583,584,-1,584,583,585,-1,584,585,586,-1,586,585,587,-1,586,587,588,-1,588,587,589,-1,588,589,590,-1,590,589,591,-1,590,591,592,-1,592,591,593,-1,592,593,594,-1,594,593,595,-1,594,595,596,-1,596,595,597,-1,596,597,598,-1,599,456,600,-1,600,456,455,-1,600,455,601,-1,602,603,604,-1,604,603,601,-1,604,601,605,-1,605,601,455,-1,605,455,606,-1,606,455,457,-1,606,457,607,-1,608,469,609,-1,609,469,468,-1,609,468,610,-1,611,612,613,-1,613,612,610,-1,613,610,614,-1,614,610,468,-1,614,468,615,-1,615,468,470,-1,615,470,616,-1,617,125,618,-1,618,125,127,-1,618,127,619,-1,619,127,620,-1,619,620,621,-1,621,620,622,-1,621,622,623,-1,623,622,624,-1,623,624,625,-1,625,624,626,-1,625,626,627,-1,627,626,628,-1,627,628,629,-1,629,628,630,-1,629,630,631,-1,631,630,632,-1,631,632,633,-1,633,632,634,-1,633,634,635,-1,635,634,636,-1,635,636,637,-1,637,636,638,-1,126,98,127,-1,127,98,100,-1,127,100,620,-1,620,100,639,-1,620,639,622,-1,622,639,640,-1,622,640,624,-1,624,640,641,-1,624,641,626,-1,626,641,642,-1,626,642,628,-1,628,642,643,-1,628,643,630,-1,630,643,644,-1,630,644,632,-1,632,644,645,-1,632,645,634,-1,634,645,646,-1,634,646,636,-1,636,646,647,-1,636,647,638,-1,638,647,648,-1,638,648,649,-1,649,648,650,-1,651,128,652,-1,652,128,97,-1,652,97,653,-1,653,97,654,-1,653,654,655,-1,655,654,656,-1,655,656,657,-1,657,656,658,-1,657,658,659,-1,659,658,660,-1,659,660,661,-1,661,660,662,-1,661,662,663,-1,663,662,664,-1,663,664,665,-1,665,664,666,-1,665,666,667,-1,667,666,668,-1,667,668,669,-1,669,668,670,-1,669,670,671,-1,671,670,20,-1,672,484,673,-1,673,484,483,-1,673,483,674,-1,675,676,677,-1,677,676,674,-1,677,674,678,-1,678,674,483,-1,678,483,679,-1,679,483,485,-1,679,485,680,-1,681,129,682,-1,682,129,131,-1,682,131,683,-1,683,131,684,-1,683,684,685,-1,685,684,686,-1,685,686,687,-1,687,686,688,-1,687,688,689,-1,689,688,690,-1,689,690,691,-1,691,690,692,-1,691,692,693,-1,693,692,694,-1,693,694,695,-1,695,694,696,-1,695,696,697,-1,697,696,698,-1,697,698,699,-1,699,698,700,-1,699,700,701,-1,701,700,17,-1,702,497,703,-1,703,497,496,-1,703,496,704,-1,705,706,707,-1,707,706,704,-1,707,704,708,-1,708,704,496,-1,708,496,709,-1,709,496,498,-1,709,498,710,-1,711,510,712,-1,712,510,509,-1,712,509,713,-1,714,715,716,-1,716,715,713,-1,716,713,717,-1,717,713,509,-1,717,509,718,-1,718,509,511,-1,718,511,719,-1,720,136,721,-1,721,136,138,-1,721,138,722,-1,722,138,723,-1,722,723,724,-1,724,723,725,-1,724,725,726,-1,726,725,727,-1,726,727,728,-1,728,727,729,-1,728,729,730,-1,730,729,731,-1,730,731,732,-1,732,731,733,-1,732,733,734,-1,734,733,735,-1,734,735,736,-1,736,735,737,-1,736,737,738,-1,738,737,739,-1,738,739,740,-1,740,739,741,-1,137,62,138,-1,138,62,64,-1,138,64,723,-1,723,64,742,-1,723,742,725,-1,725,742,743,-1,725,743,727,-1,727,743,744,-1,727,744,729,-1,729,744,745,-1,729,745,731,-1,731,745,746,-1,731,746,733,-1,733,746,747,-1,733,747,735,-1,735,747,748,-1,735,748,737,-1,737,748,749,-1,737,749,739,-1,739,749,750,-1,739,750,741,-1,741,750,751,-1,741,751,752,-1,752,751,753,-1,754,139,755,-1,755,139,61,-1,755,61,756,-1,756,61,757,-1,756,757,758,-1,758,757,759,-1,758,759,760,-1,760,759,761,-1,760,761,762,-1,762,761,763,-1,762,763,764,-1,764,763,765,-1,764,765,766,-1,766,765,767,-1,766,767,768,-1,768,767,769,-1,768,769,770,-1,770,769,771,-1,770,771,772,-1,772,771,773,-1,772,773,774,-1,774,773,8,-1,775,525,776,-1,776,525,524,-1,776,524,777,-1,778,779,780,-1,780,779,777,-1,780,777,781,-1,781,777,524,-1,781,524,782,-1,782,524,526,-1,782,526,783,-1,784,538,785,-1,785,538,537,-1,785,537,786,-1,787,788,789,-1,789,788,786,-1,789,786,790,-1,790,786,537,-1,790,537,791,-1,791,537,539,-1,791,539,792,-1,187,559,793,-1,793,559,443,-1,793,443,794,-1,794,443,442,-1,794,442,795,-1,795,442,551,-1,795,551,796,-1,796,551,797,-1,796,797,798,-1,555,799,553,-1,553,799,800,-1,553,800,552,-1,552,800,801,-1,552,801,551,-1,551,801,802,-1,551,802,797,-1,187,186,559,-1,559,186,567,-1,559,567,558,-1,558,567,565,-1,558,565,557,-1,557,565,563,-1,557,563,556,-1,556,563,561,-1,556,561,554,-1,572,803,560,-1,560,803,804,-1,560,804,561,-1,561,804,805,-1,561,805,554,-1,806,571,581,-1,581,571,573,-1,581,573,583,-1,583,573,574,-1,583,574,585,-1,585,574,575,-1,585,575,587,-1,587,575,576,-1,587,576,589,-1,589,576,577,-1,589,577,591,-1,591,577,578,-1,591,578,593,-1,593,578,579,-1,593,579,595,-1,595,579,580,-1,595,580,597,-1,29,28,581,-1,581,28,807,-1,581,807,806,-1,808,27,454,-1,454,27,29,-1,454,29,453,-1,453,29,582,-1,453,582,452,-1,452,582,584,-1,452,584,451,-1,451,584,586,-1,451,586,450,-1,450,586,588,-1,450,588,449,-1,449,588,590,-1,449,590,448,-1,448,590,592,-1,448,592,447,-1,447,592,594,-1,447,594,446,-1,446,594,596,-1,446,596,445,-1,445,596,598,-1,445,598,444,-1,202,607,203,-1,203,607,457,-1,203,457,308,-1,308,457,456,-1,308,456,375,-1,375,456,599,-1,375,599,454,-1,454,599,809,-1,454,809,808,-1,603,810,601,-1,601,810,811,-1,601,811,600,-1,600,811,812,-1,600,812,599,-1,599,812,813,-1,599,813,809,-1,25,602,26,-1,26,602,604,-1,26,604,814,-1,814,604,605,-1,814,605,815,-1,815,605,606,-1,815,606,816,-1,816,606,607,-1,816,607,817,-1,817,607,202,-1,817,202,818,-1,818,202,200,-1,818,200,819,-1,819,200,198,-1,819,198,820,-1,820,198,196,-1,820,196,821,-1,821,196,194,-1,821,194,822,-1,822,194,192,-1,822,192,823,-1,823,192,115,-1,823,115,824,-1,824,115,114,-1,22,24,23,-1,23,24,26,-1,23,26,825,-1,825,26,814,-1,825,814,826,-1,826,814,815,-1,826,815,827,-1,827,815,816,-1,827,816,828,-1,828,816,817,-1,828,817,829,-1,829,817,818,-1,829,818,830,-1,830,818,819,-1,830,819,831,-1,831,819,820,-1,831,820,832,-1,832,820,821,-1,832,821,833,-1,833,821,822,-1,833,822,124,-1,124,822,823,-1,124,823,122,-1,122,823,824,-1,834,21,467,-1,467,21,23,-1,467,23,466,-1,466,23,825,-1,466,825,465,-1,465,825,826,-1,465,826,464,-1,464,826,827,-1,464,827,463,-1,463,827,828,-1,463,828,462,-1,462,828,829,-1,462,829,461,-1,461,829,830,-1,461,830,460,-1,460,830,831,-1,460,831,459,-1,459,831,832,-1,459,832,458,-1,458,832,833,-1,458,833,112,-1,112,833,124,-1,112,124,110,-1,110,124,123,-1,217,616,218,-1,218,616,470,-1,218,470,316,-1,316,470,469,-1,316,469,384,-1,384,469,608,-1,384,608,467,-1,467,608,835,-1,467,835,834,-1,612,836,610,-1,610,836,837,-1,610,837,609,-1,609,837,838,-1,609,838,608,-1,608,838,839,-1,608,839,835,-1,102,617,103,-1,103,617,618,-1,103,618,207,-1,207,618,619,-1,207,619,209,-1,209,619,621,-1,209,621,211,-1,211,621,623,-1,211,623,213,-1,213,623,625,-1,213,625,215,-1,215,625,627,-1,215,627,217,-1,217,627,629,-1,217,629,616,-1,616,629,631,-1,616,631,615,-1,615,631,633,-1,615,633,614,-1,614,633,635,-1,614,635,613,-1,613,635,637,-1,613,637,611,-1,649,840,638,-1,638,840,841,-1,638,841,637,-1,637,841,842,-1,637,842,611,-1,843,650,671,-1,671,650,648,-1,671,648,669,-1,669,648,647,-1,669,647,667,-1,667,647,646,-1,667,646,665,-1,665,646,645,-1,665,645,663,-1,663,645,644,-1,663,644,661,-1,661,644,643,-1,661,643,659,-1,659,643,642,-1,659,642,657,-1,657,642,641,-1,657,641,655,-1,655,641,640,-1,655,640,653,-1,653,640,639,-1,653,639,652,-1,652,639,100,-1,652,100,651,-1,651,100,99,-1,20,19,671,-1,671,19,844,-1,671,844,843,-1,845,18,482,-1,482,18,20,-1,482,20,481,-1,481,20,670,-1,481,670,480,-1,480,670,668,-1,480,668,479,-1,479,668,666,-1,479,666,478,-1,478,666,664,-1,478,664,477,-1,477,664,662,-1,477,662,476,-1,476,662,660,-1,476,660,475,-1,475,660,658,-1,475,658,474,-1,474,658,656,-1,474,656,473,-1,473,656,654,-1,473,654,472,-1,472,654,97,-1,472,97,471,-1,471,97,96,-1,232,680,233,-1,233,680,485,-1,233,485,324,-1,324,485,484,-1,324,484,393,-1,393,484,672,-1,393,672,482,-1,482,672,846,-1,482,846,845,-1,676,847,674,-1,674,847,848,-1,674,848,673,-1,673,848,849,-1,673,849,672,-1,672,849,850,-1,672,850,846,-1,851,675,701,-1,701,675,677,-1,701,677,699,-1,699,677,678,-1,699,678,697,-1,697,678,679,-1,697,679,695,-1,695,679,680,-1,695,680,693,-1,693,680,232,-1,693,232,691,-1,691,232,230,-1,691,230,689,-1,689,230,228,-1,689,228,687,-1,687,228,226,-1,687,226,685,-1,685,226,224,-1,685,224,683,-1,683,224,222,-1,683,222,682,-1,682,222,88,-1,682,88,681,-1,681,88,87,-1,17,16,701,-1,701,16,852,-1,701,852,851,-1,853,15,495,-1,495,15,17,-1,495,17,494,-1,494,17,700,-1,494,700,493,-1,493,700,698,-1,493,698,492,-1,492,698,696,-1,492,696,491,-1,491,696,694,-1,491,694,490,-1,490,694,692,-1,490,692,489,-1,489,692,690,-1,489,690,488,-1,488,690,688,-1,488,688,487,-1,487,688,686,-1,487,686,486,-1,486,686,684,-1,486,684,85,-1,85,684,131,-1,85,131,83,-1,83,131,130,-1,247,710,248,-1,248,710,498,-1,248,498,332,-1,332,498,497,-1,332,497,402,-1,402,497,702,-1,402,702,495,-1,495,702,854,-1,495,854,853,-1,706,855,704,-1,704,855,856,-1,704,856,703,-1,703,856,857,-1,703,857,702,-1,702,857,858,-1,702,858,854,-1,13,705,14,-1,14,705,707,-1,14,707,859,-1,859,707,708,-1,859,708,860,-1,860,708,709,-1,860,709,861,-1,861,709,710,-1,861,710,862,-1,862,710,247,-1,862,247,863,-1,863,247,245,-1,863,245,864,-1,864,245,243,-1,864,243,865,-1,865,243,241,-1,865,241,866,-1,866,241,239,-1,866,239,867,-1,867,239,237,-1,867,237,868,-1,868,237,76,-1,868,76,869,-1,869,76,75,-1,10,12,11,-1,11,12,14,-1,11,14,870,-1,870,14,859,-1,870,859,871,-1,871,859,860,-1,871,860,872,-1,872,860,861,-1,872,861,873,-1,873,861,862,-1,873,862,874,-1,874,862,863,-1,874,863,875,-1,875,863,864,-1,875,864,876,-1,876,864,865,-1,876,865,877,-1,877,865,866,-1,877,866,878,-1,878,866,867,-1,878,867,134,-1,134,867,868,-1,134,868,132,-1,132,868,869,-1,879,9,508,-1,508,9,11,-1,508,11,507,-1,507,11,870,-1,507,870,506,-1,506,870,871,-1,506,871,505,-1,505,871,872,-1,505,872,504,-1,504,872,873,-1,504,873,503,-1,503,873,874,-1,503,874,502,-1,502,874,875,-1,502,875,501,-1,501,875,876,-1,501,876,500,-1,500,876,877,-1,500,877,499,-1,499,877,878,-1,499,878,73,-1,73,878,134,-1,73,134,71,-1,71,134,133,-1,262,719,263,-1,263,719,511,-1,263,511,340,-1,340,511,510,-1,340,510,413,-1,413,510,711,-1,413,711,508,-1,508,711,880,-1,508,880,879,-1,715,881,713,-1,713,881,882,-1,713,882,712,-1,712,882,883,-1,712,883,711,-1,711,883,884,-1,711,884,880,-1,66,720,67,-1,67,720,721,-1,67,721,252,-1,252,721,722,-1,252,722,254,-1,254,722,724,-1,254,724,256,-1,256,724,726,-1,256,726,258,-1,258,726,728,-1,258,728,260,-1,260,728,730,-1,260,730,262,-1,262,730,732,-1,262,732,719,-1,719,732,734,-1,719,734,718,-1,718,734,736,-1,718,736,717,-1,717,736,738,-1,717,738,716,-1,716,738,740,-1,716,740,714,-1,752,885,741,-1,741,885,886,-1,741,886,740,-1,740,886,887,-1,740,887,714,-1,888,753,774,-1,774,753,751,-1,774,751,772,-1,772,751,750,-1,772,750,770,-1,770,750,749,-1,770,749,768,-1,768,749,748,-1,768,748,766,-1,766,748,747,-1,766,747,764,-1,764,747,746,-1,764,746,762,-1,762,746,745,-1,762,745,760,-1,760,745,744,-1,760,744,758,-1,758,744,743,-1,758,743,756,-1,756,743,742,-1,756,742,755,-1,755,742,64,-1,755,64,754,-1,754,64,63,-1,8,7,774,-1,774,7,889,-1,774,889,888,-1,890,6,523,-1,523,6,8,-1,523,8,522,-1,522,8,773,-1,522,773,521,-1,521,773,771,-1,521,771,520,-1,520,771,769,-1,520,769,519,-1,519,769,767,-1,519,767,518,-1,518,767,765,-1,518,765,517,-1,517,765,763,-1,517,763,516,-1,516,763,761,-1,516,761,515,-1,515,761,759,-1,515,759,514,-1,514,759,757,-1,514,757,513,-1,513,757,61,-1,513,61,512,-1,512,61,60,-1,277,783,278,-1,278,783,526,-1,278,526,348,-1,348,526,525,-1,348,525,422,-1,422,525,775,-1,422,775,523,-1,523,775,891,-1,523,891,890,-1,779,892,777,-1,777,892,893,-1,777,893,776,-1,776,893,894,-1,776,894,775,-1,775,894,895,-1,775,895,891,-1,4,778,5,-1,5,778,780,-1,5,780,896,-1,896,780,781,-1,896,781,897,-1,897,781,782,-1,897,782,898,-1,898,782,783,-1,898,783,899,-1,899,783,277,-1,899,277,900,-1,900,277,275,-1,900,275,901,-1,901,275,273,-1,901,273,902,-1,902,273,271,-1,902,271,903,-1,903,271,269,-1,903,269,904,-1,904,269,267,-1,904,267,905,-1,905,267,52,-1,905,52,906,-1,906,52,51,-1,1,3,2,-1,2,3,5,-1,2,5,907,-1,907,5,896,-1,907,896,908,-1,908,896,897,-1,908,897,909,-1,909,897,898,-1,909,898,910,-1,910,898,899,-1,910,899,911,-1,911,899,900,-1,911,900,912,-1,912,900,901,-1,912,901,913,-1,913,901,902,-1,913,902,914,-1,914,902,903,-1,914,903,915,-1,915,903,904,-1,915,904,142,-1,142,904,905,-1,142,905,140,-1,140,905,906,-1,916,0,536,-1,536,0,2,-1,536,2,535,-1,535,2,907,-1,535,907,534,-1,534,907,908,-1,534,908,533,-1,533,908,909,-1,533,909,532,-1,532,909,910,-1,532,910,531,-1,531,910,911,-1,531,911,530,-1,530,911,912,-1,530,912,529,-1,529,912,913,-1,529,913,528,-1,528,913,914,-1,528,914,527,-1,527,914,915,-1,527,915,49,-1,49,915,142,-1,49,142,47,-1,47,142,141,-1,292,792,293,-1,293,792,539,-1,293,539,356,-1,356,539,538,-1,356,538,431,-1,431,538,784,-1,431,784,536,-1,536,784,917,-1,536,917,916,-1,788,918,786,-1,786,918,919,-1,786,919,785,-1,785,919,920,-1,785,920,784,-1,784,920,921,-1,784,921,917,-1,922,787,540,-1,540,787,789,-1,540,789,432,-1,432,789,790,-1,432,790,357,-1,357,790,791,-1,357,791,294,-1,294,791,792,-1,294,792,180,-1,180,792,292,-1,180,292,173,-1,173,292,290,-1,173,290,169,-1,169,290,288,-1,169,288,164,-1,164,288,286,-1,164,286,162,-1,162,286,284,-1,162,284,32,-1,32,284,282,-1,32,282,30,-1,30,282,40,-1,30,40,36,-1,36,40,39,-1,923,924,925,-1,161,35,550,-1,550,35,926,-1,550,926,549,-1,549,926,927,-1,549,927,548,-1,548,927,928,-1,548,928,547,-1,547,928,929,-1,547,929,546,-1,546,929,930,-1,546,930,545,-1,545,930,931,-1,545,931,544,-1,544,931,932,-1,544,932,543,-1,543,932,933,-1,543,933,542,-1,542,933,934,-1,542,934,541,-1,541,934,923,-1,541,923,540,-1,540,923,925,-1,540,925,922,-1,34,444,35,-1,35,444,598,-1,35,598,926,-1,926,598,597,-1,926,597,927,-1,927,597,580,-1,927,580,928,-1,928,580,570,-1,928,570,929,-1,929,570,188,-1,929,188,930,-1,930,188,187,-1,930,187,931,-1,931,187,793,-1,931,793,932,-1,932,793,794,-1,932,794,933,-1,933,794,795,-1,933,795,934,-1,934,795,796,-1,934,796,923,-1,923,796,798,-1,923,798,924,-1,935,936,937,-1,937,936,938,-1,937,938,939,-1,940,941,938,-1,938,941,942,-1,938,942,943,-1,940,944,941,-1,941,944,945,-1,941,945,946,-1,943,947,938,-1,938,947,948,-1,938,948,949,-1,946,950,941,-1,941,950,951,-1,941,951,952,-1,953,941,954,-1,954,941,955,-1,956,957,958,-1,958,957,959,-1,958,959,960,-1,949,961,938,-1,938,961,962,-1,938,962,939,-1,941,963,964,-1,956,958,965,-1,965,958,966,-1,965,966,967,-1,952,968,941,-1,941,968,969,-1,941,969,955,-1,953,970,941,-1,941,970,971,-1,941,971,963,-1,967,972,965,-1,965,972,941,-1,965,941,973,-1,973,941,964,-1,960,974,958,-1,958,974,975,-1,958,975,976,-1,976,977,958,-1,958,977,978,-1,958,978,979,-1,980,981,982,-1,983,984,985,-1,986,987,988,-1,987,989,988,-1,988,989,990,-1,988,990,991,-1,991,992,988,-1,988,992,993,-1,988,993,994,-1,994,995,988,-1,988,995,996,-1,988,996,997,-1,997,996,998,-1,997,998,999,-1,1000,1001,998,-1,998,1001,1002,-1,1002,1003,998,-1,998,1003,1004,-1,998,1004,999,-1,1005,1006,1000,-1,1000,1006,1007,-1,1000,1007,1008,-1,1008,1009,1000,-1,1000,1009,1010,-1,1000,1010,1011,-1,1011,1012,1000,-1,1000,1012,1013,-1,1000,1013,1014,-1,1014,1015,1000,-1,1000,1015,1016,-1,1000,1016,1017,-1,1017,1018,1000,-1,1000,1018,1019,-1,1000,1019,1001,-1,1020,1021,1022,-1,1023,1024,1025,-1,1026,1022,1027,-1,1026,1028,1022,-1,1022,1028,1029,-1,1022,1029,1030,-1,1030,1031,1022,-1,1022,1031,1032,-1,1022,1032,1033,-1,1033,1034,1022,-1,1022,1034,1035,-1,1022,1035,1036,-1,1023,1025,1037,-1,1036,1038,1022,-1,1022,1038,1039,-1,1022,1039,1037,-1,1037,1025,1022,-1,1022,1025,1040,-1,1022,1040,1020,-1,1041,1042,1043,-1,1043,1042,1021,-1,1043,1021,1044,-1,1044,1021,1020,-1,1044,1020,1045,-1,1045,1020,1046,-1,1047,1048,1049,-1,1050,1051,1049,-1,1051,1052,1049,-1,1049,1052,1053,-1,1049,1053,1047,-1,1048,1054,1049,-1,1049,1054,1055,-1,1049,1055,1056,-1,1056,1057,1049,-1,1049,1057,1058,-1,1049,1058,1059,-1,1059,1060,1049,-1,1049,1060,1061,-1,1049,1061,1062,-1,1062,1063,1049,-1,1049,1063,1064,-1,1049,1064,1065,-1,1065,1066,1049,-1,1049,1066,1067,-1,1049,1067,1068,-1,1069,1070,1071,-1,1071,1072,1069,-1,1069,1072,1073,-1,1069,1073,1074,-1,1073,1075,1074,-1,1074,1075,1049,-1,1074,1049,1069,-1,1069,1049,1068,-1,1069,1068,1076,-1,1050,1049,1077,-1,1077,1049,1078,-1,1077,1078,1079,-1,1079,1080,1077,-1,1077,1080,1081,-1,1077,1081,1082,-1,1083,1084,1085,-1,1086,1087,1088,-1,1088,1087,1089,-1,1086,1090,1087,-1,1087,1090,1091,-1,1087,1091,1092,-1,1092,1093,1087,-1,1087,1093,1094,-1,1087,1094,1095,-1,1095,1094,1096,-1,1096,1097,1095,-1,1095,1097,1098,-1,1095,1098,1099,-1,1099,1100,1095,-1,1095,1100,1101,-1,1095,1101,1102,-1,1103,985,1104,-1,1104,985,1105,-1,1104,1105,1106,-1,1106,1105,1107,-1,1108,1109,1110,-1,1110,1109,1111,-1,1111,1112,1110,-1,1110,1112,1113,-1,1110,1113,1114,-1,1114,1115,1110,-1,1110,1115,1116,-1,1110,1116,1117,-1,1117,1118,1110,-1,1110,1118,1119,-1,1110,1119,1120,-1,1120,1119,1121,-1,1121,1122,1120,-1,1120,1122,1123,-1,1120,1123,1095,-1,1102,1107,1095,-1,1095,1107,1105,-1,1095,1105,1120,-1,1120,1105,1124,-1,1125,1126,1120,-1,1120,1126,1127,-1,1120,1127,1128,-1,1128,1129,1120,-1,1120,1129,1130,-1,1120,1130,1131,-1,1131,1132,1120,-1,1120,1132,1133,-1,1120,1133,1134,-1,1134,1135,1120,-1,1120,1135,1136,-1,1120,1136,1137,-1,1138,1139,988,-1,988,1139,1140,-1,988,1140,986,-1,984,1141,985,-1,985,1141,1142,-1,985,1142,1143,-1,1144,1145,1146,-1,1146,1145,1147,-1,1147,1148,1146,-1,1146,1148,1149,-1,1146,1149,1150,-1,1150,1151,1146,-1,1146,1151,1152,-1,1146,1152,1153,-1,1153,1154,1146,-1,1146,1154,1155,-1,1146,1155,1156,-1,1156,1155,1157,-1,1142,1158,1143,-1,1143,1158,1159,-1,1143,1159,1155,-1,1155,1159,1160,-1,1155,1160,1157,-1,1161,1162,1163,-1,1164,1165,1166,-1,1166,1165,1167,-1,1166,1167,1168,-1,1168,1167,1169,-1,1168,1169,1163,-1,1163,1169,1170,-1,1163,1170,1161,-1,1171,1172,1163,-1,1144,1146,1162,-1,1162,1146,1173,-1,1162,1173,1163,-1,1163,1173,1174,-1,1163,1174,1171,-1,1172,1175,1163,-1,1163,1175,1176,-1,1163,1176,1177,-1,1177,1178,1163,-1,1163,1178,1179,-1,1163,1179,1180,-1,1181,1182,1138,-1,1138,1182,1183,-1,1138,1183,1139,-1,1164,1166,1138,-1,1138,1166,1184,-1,1138,1184,1181,-1,1185,1085,1186,-1,1186,1085,1187,-1,1186,1187,1188,-1,1189,1190,1124,-1,1124,1190,1191,-1,1124,1191,1192,-1,1192,1193,1124,-1,1124,1193,1194,-1,1124,1194,1195,-1,1195,1196,1124,-1,1124,1196,1197,-1,1124,1197,1198,-1,1198,1199,1124,-1,1124,1199,1200,-1,1124,1200,1120,-1,1120,1200,1201,-1,1120,1201,1125,-1,1202,1203,1087,-1,1087,1203,1204,-1,1087,1204,1089,-1,1202,1205,1203,-1,1203,1205,1206,-1,1203,1206,1207,-1,1207,1208,1203,-1,1203,1208,1209,-1,1203,1209,1210,-1,1210,1211,1203,-1,1203,1211,1212,-1,1203,1212,1213,-1,1213,1214,1203,-1,1203,1214,1215,-1,1203,1215,1216,-1,1217,1218,1219,-1,1220,1187,1221,-1,1221,1187,1222,-1,1217,1219,1223,-1,1223,1219,1224,-1,1223,1224,1225,-1,1226,1227,1187,-1,1227,1228,1187,-1,1187,1228,1229,-1,1187,1229,1230,-1,1180,1188,1163,-1,1163,1188,1187,-1,1163,1187,1231,-1,1231,1187,1230,-1,1232,1233,1234,-1,1082,1235,1077,-1,1077,1235,1236,-1,1077,1236,1024,-1,1024,1236,1232,-1,1024,1232,1025,-1,1025,1232,1234,-1,1233,1237,1234,-1,1234,1237,1238,-1,1234,1238,1239,-1,1239,1226,1234,-1,1234,1226,1187,-1,1234,1187,1240,-1,1240,1187,1220,-1,1240,1220,1021,-1,1021,1220,1241,-1,1021,1241,1022,-1,1242,1243,1244,-1,1244,1243,1245,-1,1244,1245,1246,-1,1246,1247,1244,-1,1244,1247,1248,-1,1244,1248,1249,-1,1249,1250,1244,-1,1244,1250,1251,-1,1244,1251,1252,-1,1253,1254,1255,-1,1256,1257,1258,-1,1258,1257,1259,-1,1258,1259,1260,-1,1254,1261,1255,-1,1255,1261,1259,-1,1255,1259,1262,-1,1262,1259,1257,-1,1252,1263,1244,-1,1244,1263,1264,-1,1244,1264,1265,-1,1265,1264,1266,-1,1253,1255,1264,-1,1264,1255,1267,-1,1264,1267,1266,-1,1242,1244,1268,-1,1268,1244,1269,-1,1268,1269,1185,-1,1269,1270,1185,-1,1185,1270,1271,-1,1185,1271,1085,-1,1085,1271,1272,-1,1085,1272,1273,-1,1273,1274,1085,-1,1085,1274,1275,-1,1085,1275,1276,-1,1216,1083,1203,-1,1203,1083,1085,-1,1203,1085,1277,-1,1277,1085,1276,-1,1278,1279,1280,-1,1280,1279,1281,-1,1280,1281,1282,-1,1282,1283,1280,-1,1280,1283,1284,-1,1280,1284,1285,-1,1286,1287,1288,-1,1288,1289,1286,-1,1286,1289,1290,-1,1286,1290,1291,-1,1291,1292,1286,-1,1286,1292,1293,-1,1286,1293,1294,-1,1294,1295,1286,-1,1286,1295,1296,-1,1286,1296,1297,-1,1297,1298,1286,-1,1286,1298,1299,-1,1286,1299,1287,-1,1299,1300,1287,-1,1287,1300,1301,-1,1287,1301,1302,-1,1285,1303,1280,-1,1280,1303,1287,-1,1280,1287,1304,-1,1304,1287,1302,-1,1305,1306,1280,-1,1280,1306,1307,-1,1280,1307,1278,-1,1308,1103,1309,-1,1309,1103,1310,-1,1309,1310,1305,-1,1305,1310,1311,-1,1305,1311,1306,-1,1308,1312,1103,-1,1103,1312,1313,-1,1103,1313,985,-1,985,1313,1314,-1,985,1314,983,-1,1183,1315,1316,-1,1317,1318,1316,-1,1316,1318,1120,-1,1316,1120,1183,-1,1183,1120,1137,-1,1183,1137,1139,-1,1317,1319,1320,-1,1320,1321,1317,-1,1317,1321,1322,-1,1317,1322,1323,-1,1183,1324,1325,-1,1326,1327,1328,-1,1329,1330,1331,-1,1331,1330,1326,-1,1331,1326,1332,-1,1332,1326,1328,-1,1329,1333,1330,-1,1330,1333,1334,-1,1330,1334,1335,-1,1336,1326,1027,-1,1027,1326,1337,-1,1324,1183,1338,-1,1338,1183,1339,-1,1338,1339,1340,-1,1340,1341,1338,-1,1338,1341,1342,-1,1338,1342,1337,-1,1337,1342,1343,-1,1337,1343,1344,-1,1344,1345,1337,-1,1337,1345,1346,-1,1337,1346,1027,-1,1027,1346,1347,-1,1027,1347,1026,-1,1335,1320,1330,-1,1330,1320,1319,-1,1330,1319,1325,-1,1325,1319,1348,-1,1325,1348,1183,-1,1183,1348,1349,-1,1183,1349,1315,-1,1350,1351,1352,-1,1352,1351,1315,-1,1352,1315,1353,-1,1353,1315,1349,-1,1353,1349,1354,-1,1354,1349,1355,-1,1356,1357,1358,-1,1358,1357,1359,-1,1358,1359,1360,-1,1361,1362,1359,-1,1359,1362,1363,-1,1359,1363,1360,-1,1360,1363,1364,-1,1360,1364,1365,-1,1365,1364,1366,-1,1367,1368,1369,-1,1370,1371,1362,-1,1372,1367,1361,-1,1361,1367,1369,-1,1361,1369,1362,-1,1362,1369,1373,-1,1362,1373,1370,-1,1371,1374,1362,-1,1362,1374,1375,-1,1362,1375,1376,-1,1376,1377,1362,-1,1362,1377,1378,-1,1362,1378,1379,-1,1379,1380,1362,-1,1362,1380,1381,-1,1362,1381,1382,-1,1383,1384,1385,-1,1385,1384,1386,-1,1241,1387,1022,-1,1022,1387,1388,-1,1022,1388,1389,-1,1389,1390,1022,-1,1022,1390,1391,-1,1022,1391,1392,-1,1393,1394,1395,-1,1395,1394,1396,-1,1395,1396,1397,-1,1397,1398,1395,-1,1395,1398,1399,-1,1395,1399,1400,-1,1401,1402,1403,-1,1400,1404,1395,-1,1395,1404,1405,-1,1395,1405,1403,-1,1403,1405,1406,-1,1403,1406,1401,-1,1402,1407,1403,-1,1403,1407,1408,-1,1403,1408,1356,-1,1356,1408,1409,-1,1356,1409,1410,-1,1411,1221,1225,-1,1225,1221,1222,-1,1225,1222,1223,-1,1410,1412,1356,-1,1356,1412,1413,-1,1356,1413,1414,-1,1415,1416,1411,-1,1411,1416,1417,-1,1411,1417,1418,-1,1418,1419,1411,-1,1411,1419,1420,-1,1411,1420,1221,-1,1382,1421,1362,-1,1362,1421,1422,-1,1362,1422,1423,-1,1392,1393,1022,-1,1022,1393,1395,-1,1022,1395,1422,-1,1422,1395,1424,-1,1422,1424,1423,-1,1425,1426,1427,-1,1425,1427,1428,-1,1421,1429,1422,-1,1422,1429,1430,-1,1422,1430,1427,-1,1427,1430,1431,-1,1427,1431,1428,-1,1426,1432,1427,-1,1427,1432,1433,-1,1427,1433,1434,-1,1434,1435,1427,-1,1427,1435,1436,-1,1427,1436,1437,-1,1437,1438,1427,-1,1427,1438,1439,-1,1427,1439,1440,-1,1441,1110,1442,-1,1442,1110,1427,-1,1442,1427,1443,-1,1443,1427,1440,-1,1444,1110,1445,-1,1445,1110,1441,-1,1445,1441,1386,-1,1386,1441,1369,-1,1386,1369,1385,-1,1385,1369,1368,-1,1414,1415,1356,-1,1356,1415,1411,-1,1356,1411,1357,-1,1357,1411,1446,-1,1357,1446,1444,-1,1444,1446,1447,-1,1444,1447,1110,-1,1110,1447,1448,-1,1110,1448,1108,-1,1449,1450,1451,-1,1451,1450,1452,-1,1452,1453,1451,-1,1451,1453,1454,-1,1451,1454,1455,-1,1456,1457,1458,-1,1455,1459,1451,-1,1451,1459,1460,-1,1451,1460,1456,-1,1456,1458,1451,-1,1451,1458,1461,-1,1451,1461,1462,-1,1462,1463,1451,-1,1451,1463,1464,-1,1451,1464,982,-1,982,1464,1465,-1,982,1465,980,-1,1466,1467,1468,-1,1469,1470,1471,-1,1467,1472,1468,-1,1468,1472,1473,-1,1468,1473,1469,-1,1470,1474,1471,-1,1471,1474,1475,-1,1471,1475,1476,-1,1476,1477,1471,-1,1471,1477,1478,-1,1471,1478,1479,-1,1479,1480,1471,-1,1471,1480,1481,-1,1471,1481,1451,-1,1451,1481,1482,-1,1451,1482,1449,-1,1483,1484,1485,-1,1485,1484,1486,-1,1485,1486,1487,-1,1487,1488,1485,-1,1485,1488,1489,-1,1485,1489,1490,-1,1490,1491,1485,-1,1485,1491,1492,-1,1485,1492,1493,-1,1493,1494,1485,-1,1485,1494,1495,-1,1485,1495,1496,-1,1496,1497,1485,-1,1485,1497,1498,-1,1485,1498,1499,-1,1499,1498,1500,-1,1499,1500,1501,-1,1501,1502,1499,-1,1499,1502,1503,-1,1499,1503,1504,-1,1504,1505,1499,-1,1499,1505,1506,-1,1499,1506,1507,-1,1508,1509,1510,-1,1508,1510,1507,-1,1507,1510,1499,-1,1499,1510,1511,-1,1499,1511,1512,-1,1512,1513,1499,-1,1499,1513,1514,-1,1499,1514,1468,-1,1468,1514,1515,-1,1468,1515,1466,-1,1516,1517,1518,-1,1518,1519,1520,-1,1520,1521,1518,-1,1518,1521,1522,-1,1518,1522,1523,-1,1523,1524,1518,-1,1518,1524,1525,-1,1518,1525,1516,-1,1526,1527,1528,-1,1528,1529,1526,-1,1526,1529,1530,-1,1526,1530,1531,-1,1531,1532,1526,-1,1526,1532,1533,-1,1526,1533,1534,-1,1534,1535,1526,-1,1526,1535,1536,-1,1526,1536,1537,-1,1537,1538,1526,-1,1526,1538,1539,-1,1526,1539,1540,-1,1540,1541,1526,-1,1526,1541,1542,-1,1526,1542,1543,-1,1543,1544,1526,-1,1526,1544,1545,-1,1526,1545,1546,-1,1547,1548,1549,-1,1546,1550,1526,-1,1526,1550,1551,-1,1526,1551,1552,-1,1552,1551,1553,-1,1552,1553,1549,-1,1549,1553,1554,-1,1549,1554,1547,-1,1548,1555,1549,-1,1549,1555,1556,-1,1549,1556,1518,-1,1518,1556,1557,-1,1518,1557,1519,-1,1558,1559,1318,-1,1558,1318,1560,-1,1323,1561,1317,-1,1317,1561,1562,-1,1317,1562,1318,-1,1318,1562,1563,-1,1318,1563,1560,-1,1564,1565,1483,-1,1559,1566,1318,-1,1318,1566,1567,-1,1318,1567,1485,-1,1485,1567,1568,-1,1568,1569,1485,-1,1485,1569,1570,-1,1485,1570,1571,-1,1571,1572,1485,-1,1485,1572,1573,-1,1485,1573,1574,-1,1574,1575,1485,-1,1485,1575,1576,-1,1485,1576,1483,-1,1483,1576,1577,-1,1483,1577,1564,-1,1565,1578,1483,-1,1483,1578,1579,-1,1483,1579,1580,-1,1580,1579,1581,-1,1580,1581,1582,-1,1582,1581,1583,-1,1582,1583,1584,-1,1584,1583,1585,-1,1584,1585,1586,-1,1585,1587,1586,-1,1586,1587,1588,-1,1586,1588,1589,-1,1589,1588,1590,-1,1589,1590,1591,-1,1591,1592,1589,-1,1589,1592,1593,-1,1589,1593,1594,-1,1594,1595,1589,-1,1589,1595,1596,-1,1589,1596,1526,-1,1596,1597,1526,-1,1526,1597,1598,-1,1526,1598,1599,-1,1599,1600,1526,-1,1526,1600,1601,-1,1526,1601,1602,-1,1602,1603,1526,-1,1526,1603,1604,-1,1526,1604,1605,-1,1605,1606,1526,-1,1526,1606,1607,-1,1526,1607,1527,-1,1608,1609,1610,-1,1610,1609,1611,-1,1610,1611,1612,-1,1608,1613,1609,-1,1609,1613,1614,-1,1609,1614,1615,-1,1616,1517,1617,-1,1617,1517,1516,-1,1617,1516,1611,-1,1611,1516,1618,-1,1611,1618,1612,-1,1619,1620,1621,-1,1621,1622,1619,-1,1619,1622,1623,-1,1619,1623,1624,-1,1624,1625,1619,-1,1619,1625,1626,-1,1619,1626,1627,-1,1627,1626,1628,-1,1620,1619,1629,-1,1629,1619,1630,-1,1629,1630,1631,-1,1632,1633,1630,-1,1630,1633,1634,-1,1630,1634,1631,-1,1635,1636,1632,-1,1632,1636,1637,-1,1632,1637,1633,-1,1638,1639,1635,-1,1635,1639,1640,-1,1635,1640,1636,-1,1641,1642,1638,-1,1638,1642,1643,-1,1638,1643,1639,-1,1644,1645,1646,-1,1646,1645,1647,-1,1646,1647,1641,-1,1641,1647,1648,-1,1641,1648,1642,-1,1649,1650,1646,-1,1646,1650,1651,-1,1646,1651,1644,-1,1652,1653,1649,-1,1649,1653,1654,-1,1649,1654,1650,-1,1655,1656,1652,-1,1652,1656,1657,-1,1652,1657,1653,-1,1655,1652,1658,-1,1658,1652,1659,-1,1658,1659,1660,-1,1660,1659,1661,-1,1660,1661,1662,-1,1615,1663,1609,-1,1609,1663,1664,-1,1609,1664,1665,-1,1665,1664,1660,-1,1665,1660,1666,-1,1666,1660,1662,-1,1667,1668,1336,-1,981,1669,982,-1,982,1669,1670,-1,982,1670,1336,-1,1336,1670,1671,-1,1336,1671,1667,-1,1672,1673,1336,-1,1668,1674,1336,-1,1336,1674,1675,-1,1336,1675,1676,-1,1677,1672,1678,-1,1678,1672,1336,-1,1678,1336,1679,-1,1679,1336,1676,-1,1673,1680,1336,-1,1336,1680,1681,-1,1336,1681,1326,-1,1326,1681,1682,-1,1326,1682,1327,-1,1683,1684,1685,-1,1685,1684,1686,-1,1685,1686,1687,-1,1687,1686,1688,-1,1687,1688,1689,-1,1683,1685,1427,-1,1427,1685,1690,-1,1427,1690,1422,-1,1691,1692,1693,-1,1690,1694,1422,-1,1422,1694,1695,-1,1422,1695,1693,-1,1693,1695,1696,-1,1693,1696,1691,-1,1469,1471,1468,-1,1468,1471,1697,-1,1468,1697,1698,-1,1698,1697,1699,-1,1698,1699,1700,-1,1700,1699,1701,-1,1700,1701,1702,-1,1702,1701,1703,-1,1702,1703,1704,-1,1704,1703,1705,-1,1704,1705,1706,-1,1706,1705,1707,-1,1706,1707,1708,-1,1708,1707,1709,-1,1708,1709,1710,-1,1710,1709,1711,-1,1710,1711,68,-1,68,1711,1712,-1,68,1712,1713,-1,1713,1712,1714,-1,1713,1714,1715,-1,1715,1714,1716,-1,1715,1716,1717,-1,1717,1716,1718,-1,1717,1718,1719,-1,1719,1718,1720,-1,1719,1720,1721,-1,1721,1720,1722,-1,1721,1722,1723,-1,1723,1722,1724,-1,1723,1724,1725,-1,1725,1724,1726,-1,1725,1726,1727,-1,1727,1726,1728,-1,1727,1728,1729,-1,1729,1728,1730,-1,1729,1730,1731,-1,1731,1730,1732,-1,1731,1732,1733,-1,1733,1732,1734,-1,1733,1734,1735,-1,1735,1734,1736,-1,1735,1736,1737,-1,1737,1736,1738,-1,1737,1738,1739,-1,1739,1738,1740,-1,1739,1740,1741,-1,1741,1740,1742,-1,1741,1742,1743,-1,1743,1742,1744,-1,1743,1744,1745,-1,1745,1744,1746,-1,1745,1746,1747,-1,1747,1746,1748,-1,1747,1748,1749,-1,1749,1748,1750,-1,1749,1750,1751,-1,1751,1750,1752,-1,1751,1752,1753,-1,1753,1752,1754,-1,1753,1754,1755,-1,1755,1754,1756,-1,1755,1756,119,-1,119,1756,1757,-1,119,1757,1758,-1,1758,1757,1759,-1,1758,1759,1760,-1,1760,1759,1761,-1,1760,1761,1762,-1,1762,1761,1763,-1,1762,1763,1764,-1,1764,1763,1765,-1,1764,1765,1766,-1,1766,1765,1767,-1,1766,1767,1768,-1,1768,1767,1769,-1,1768,1769,1770,-1,1770,1769,1693,-1,1770,1693,1683,-1,1683,1693,1692,-1,1683,1692,1684,-1,
        ]
    }
}
Shape{
    appearance Appearance {
        material  Material {
            diffuseColor 0.25098039215686274 0.25098039215686274 0.25098039215686274
            specularColor 0.12549019607843137 0.12549019607843137 0.12549019607843137
            ambientIntensity 0.251
            transparency 0.0
            shininess 0.5
        }
    }
    geometry IndexedFaceSet {
        ccw TRUE
        solid FALSE
        coord DEF co Coordinate {
            point [
                -1.2795 -0.8089 0.0079, -0.8071 -1.2813 0.0079, -1.2795 -0.8089 0.3228, -0.8071 -1.2813 0.3228, -0.8071 1.2777 0.0079, -1.2795 0.8053 0.0079, -0.8071 1.2777 0.3228, -1.2795 0.8053 0.3228, -0.1969 -0.238 0.0079, -1.2795 -0.238 0.0079, -0.1969 -0.238 0.0866, -1.2795 -0.238 0.0866, -0.1969 0.2344 0.0866, -1.2795 0.2344 0.0866, -0.1969 0.2344 0.0079, -1.2795 0.2344 0.0079, 0.1969 -0.238 0.0866, 1.2795 -0.238 0.0866, 0.1969 -0.238 0.0079, 1.2795 -0.238 0.0079, 0.1969 0.2344 0.0079, 1.2795 0.2344 0.0079, 0.1969 0.2344 0.0866, 1.2795 0.2344 0.0866
            ]
        }
        coordIndex [
            0,1,2,-1,2,1,3,-1,4,5,6,-1,6,5,7,-1,8,9,10,-1,10,9,11,-1,12,13,14,-1,14,13,15,-1,10,12,8,-1,8,12,14,-1,16,17,18,-1,18,17,19,-1,20,21,22,-1,22,21,23,-1,22,16,20,-1,20,16,18,-1,
        ]
    }
}
Shape{
    appearance Appearance {
        material  Material {
            diffuseColor 1.0 1.0 1.0
            specularColor 0.5019607843137255 0.5019607843137255 0.5019607843137255
            ambientIntensity 1.0
            transparency 0.0
            shininess 0.5
        }
    }
    geometry IndexedFaceSet {
        ccw TRUE
        solid FALSE
        coord DEF co Coordinate {
            point [
                1.2795 -0.1298 0.0866, 1.4173 -0.1298 0.0866, 1.2795 0.1262 0.0866, 1.4173 0.1262 0.0866, 0.3543 -0.1298 0.0866, 0.3543 -0.1298 0.0, 1.4173 -0.1298 0.0, 1.4173 0.1262 0.0, 0.3543 0.1262 0.0, 0.3543 0.1262 0.0866, -1.4173 0.1262 0.0866, -1.4173 -0.1298 0.0866, -1.2795 0.1262 0.0866, -1.2795 -0.1298 0.0866, -0.3543 -0.1298 0.0, -0.3543 -0.1298 0.0866, -1.4173 -0.1298 0.0, -0.3543 0.1262 0.0, -0.3543 0.1262 0.0866, -1.4173 0.1262 0.0, -1.2662 -0.1758 2.9213, -1.2557 -0.2476 2.9213, -1.2517 -0.2469 2.9518, -1.1726 -0.5111 2.9213, -1.133 -0.5964 2.9213, -1.1294 -0.5946 2.9518, -0.9923 -0.8091 2.9213, -0.9156 -0.8956 2.9213, -0.9127 -0.8928 2.9518, -0.8723 -0.9358 2.9213, -0.8251 -0.9798 2.9213, -0.8225 -0.9767 2.9518, -0.7375 -1.0467 2.9213, -0.7269 -1.0548 2.9213, -0.7246 -1.0515 2.9518, -0.5881 -1.1367 2.9213, -0.511 -1.1749 2.9213, -0.5094 -1.1712 2.9518, -0.2602 -1.2539 2.9213, -0.1542 -1.272 2.9213, -0.1537 -1.268 2.9518, 0.0873 -1.2781 2.9213, 0.0927 -1.278 2.9213, 0.0924 -1.274 2.9518, 0.26 -1.2532 2.9213, 0.3361 -1.2364 2.9213, 0.3351 -1.2325 2.9518, 0.5882 -1.1371 2.9213, 0.6751 -1.0887 2.9213, 0.673 -1.0853 2.9518, 0.8733 -0.9368 2.9213, 0.9577 -0.8503 2.9213, 0.9547 -0.8476 2.9518, 0.9914 -0.8084 2.9213, 1.0352 -0.7539 2.9213, 1.0319 -0.7515 2.9518, 1.1725 -0.5111 2.9213, 1.207 -0.4265 2.9213, 1.2032 -0.4251 2.9518, 1.2671 -0.176 2.9213, 1.278 -0.0636 2.9213, 1.274 -0.0634 2.9518, 1.2671 0.1724 2.9213, 1.2661 0.1831 2.9213, 1.2621 0.1825 2.9518, 1.2308 0.343 2.9213, 1.207 0.4229 2.9213, 1.2032 0.4216 2.9518, 1.0926 0.6626 2.9213, 1.0352 0.7503 2.9213, 1.0319 0.7479 2.9518, 0.8733 0.9332 2.9213, 0.8714 0.9352 2.9213, 0.8686 0.9322 2.9518, 0.7371 1.0424 2.9213, 0.6751 1.0851 2.9213, 0.673 1.0817 2.9518, 0.4282 1.2029 2.9213, 0.3361 1.2328 2.9213, 0.3351 1.2289 2.9518, 0.0873 1.2745 2.9213, -0.0309 1.2774 2.9213, -0.0308 1.2733 2.9518, -0.0872 1.2733 2.9213, -0.1542 1.2684 2.9213, -0.1537 1.2644 2.9518, -0.2602 1.2503 2.9213, -0.2761 1.2476 2.9213, -0.2752 1.2437 2.9518, -0.4281 1.2027 2.9213, -0.511 1.1713 2.9213, -0.5094 1.1676 2.9518, -0.7375 1.0431 2.9213, -0.8251 0.9762 2.9213, -0.8225 0.9731 2.9518, -0.9923 0.8055 2.9213, -0.9976 0.7994 2.9213, -0.9945 0.7969 2.9518, -1.0921 0.6623 2.9213, -1.133 0.5928 2.9213, -1.1294 0.591 2.9518, -1.2312 0.3432 2.9213, -1.2557 0.244 2.9213, -1.2517 0.2433 2.9518, 0.6115 -0.9892 3.0394, 0.5147 -1.0429 3.0394, 0.5283 -1.0703 3.0353, 0.7385 -0.8965 3.0394, 0.7052 -0.9246 3.0394, 0.7237 -0.9489 3.0353, 0.9514 -0.6664 3.0394, 0.9396 -0.6845 3.0394, 0.9643 -0.7024 3.0353, 1.0954 -0.3877 3.0394, 1.0533 -0.4912 3.0394, 1.081 -0.5041 3.0353, 1.1362 -0.236 3.0394, 1.1277 -0.2797 3.0394, 1.1573 -0.2871 3.0353, 1.1579 0.0767 3.0394, 1.1601 0.0543 3.0394, 1.1906 0.0558 3.0353, 1.0954 0.3841 3.0394, 1.0956 0.3837 3.0394, 1.1244 0.3938 3.0353, 1.0321 0.528 3.0394, 1.0533 0.4876 3.0394, 1.081 0.5005 3.0353, 0.8529 0.7852 3.0394, 0.8693 0.7684 3.0394, 0.8922 0.7886 3.0353, 0.6115 0.9856 3.0394, 0.6128 0.9848 3.0394, 0.6289 1.0108 3.0353, 0.5147 1.0393 3.0394, 0.7909 0.8487 3.0394, 1.0011 0.587 3.0394, 1.1492 0.166 3.0394, 1.1492 -0.1696 3.0394, 1.0011 -0.5906 3.0394, 0.7909 -0.8523 3.0394, -1.156 0.1103 3.0394, -1.1398 0.2213 3.0394, -1.1864 0.1132 3.0353, -1.1698 0.2272 3.0353, -1.2148 0.116 3.0235, -1.1977 0.2327 3.0235, -1.2391 0.1184 3.0048, -1.2217 0.2374 3.0048, -1.2578 0.1202 2.9803, -1.2402 0.241 2.9803, -1.2695 0.1213 2.9518, -1.0757 0.4362 3.0394, -1.0284 0.5379 3.0394, -1.104 0.4477 3.0353, -1.0555 0.5521 3.0353, -1.1304 0.4584 3.0235, -1.0807 0.5654 3.0235, -1.153 0.4677 3.0048, -1.1023 0.5768 3.0048, -1.1704 0.4747 2.9803, -1.119 0.5855 2.9803, -1.1813 0.4792 2.9518, -0.8311 0.8095 3.0394, -0.7489 0.8859 3.0394, -0.853 0.8308 3.0353, -0.7686 0.9093 3.0353, -0.8734 0.8507 3.0235, -0.787 0.931 3.0235, -0.8909 0.8678 3.0048, -0.8028 0.9497 3.0048, -0.9043 0.8809 2.9803, -0.8149 0.9641 2.9803, -0.9127 0.8892 2.9518, -0.5644 1.0132 3.0394, -0.4638 1.063 3.0394, -0.5793 1.04 3.0353, -0.476 1.091 3.0353, -0.5931 1.0649 3.0235, -0.4874 1.1171 3.0235, -0.605 1.0862 3.0048, -0.4972 1.1395 3.0048, -0.6141 1.1026 2.9803, -0.5047 1.1568 2.9803, -0.6199 1.113 2.9518, 0.1955 1.143 3.0394, 0.3051 1.1188 3.0394, 0.2007 1.1732 3.0353, 0.3131 1.1483 3.0353, 0.2055 1.2013 3.0235, 0.3206 1.1758 3.0235, 0.2096 1.2254 3.0048, 0.3271 1.1994 3.0048, 0.2128 1.2439 2.9803, 0.332 1.2175 2.9803, 0.2147 1.2555 2.9518, 0.5653 1.1416 2.9518, 0.6668 1.0717 2.9803, 0.5601 1.131 2.9803, 0.6569 1.0557 3.0048, 0.5517 1.1142 3.0048, 0.644 1.035 3.0235, 0.5409 1.0923 3.0235, 0.5283 1.0667 3.0353, 0.9396 0.6809 3.0394, 0.9643 0.6988 3.0353, 0.9135 0.8075 3.0235, 0.9874 0.7156 3.0235, 0.9318 0.8237 3.0048, 1.0072 0.73 3.0048, 0.9459 0.8362 2.9803, 1.0224 0.741 2.9803, 0.9547 0.844 2.9518, 1.1068 0.5125 3.0235, 1.1513 0.4033 3.0235, 1.129 0.5228 3.0048, 1.1744 0.4114 3.0048, 1.146 0.5307 2.9803, 1.1921 0.4176 2.9803, 1.1567 0.5357 2.9518, 1.1601 -0.0579 3.0394, 1.1906 -0.0594 3.0353, 1.219 0.0572 3.0235, 1.219 -0.0608 3.0235, 1.2435 0.0583 3.0048, 1.2435 -0.0619 3.0048, 1.2622 0.0593 2.9803, 1.2622 -0.0629 2.9803, 1.274 0.0598 2.9518, 1.0956 -0.3873 3.0394, 1.1244 -0.3974 3.0353, 1.185 -0.2939 3.0235, 1.1513 -0.4069 3.0235, 1.2088 -0.2997 3.0048, 1.1744 -0.415 3.0048, 1.227 -0.3042 2.9803, 1.1921 -0.4212 2.9803, 1.2384 -0.307 2.9518, 1.0321 -0.5316 3.0394, 1.0275 -0.6061 3.0353, 1.052 -0.6205 3.0235, 0.9874 -0.7192 3.0235, 1.0731 -0.6329 3.0048, 1.0072 -0.7336 3.0048, 1.0893 -0.6424 2.9803, 1.0224 -0.7446 2.9803, 1.0994 -0.6484 2.9518, 0.6128 -0.9884 3.0394, 0.6289 -1.0144 3.0353, 0.741 -0.9716 3.0235, 0.644 -1.0386 3.0235, 0.7559 -0.991 3.0048, 0.6569 -1.0593 3.0048, 0.7673 -1.0059 2.9803, 0.6668 -1.0753 2.9803, 0.7744 -1.0153 2.9518, 0.4118 -1.0877 3.0394, 0.3051 -1.1224 3.0394, 0.4227 -1.1163 3.0353, 0.3131 -1.1519 3.0353, 0.4328 -1.143 3.0235, 0.3206 -1.1794 3.0235, 0.4415 -1.1658 3.0048, 0.3271 -1.203 3.0048, 0.4481 -1.1834 2.9803, 0.332 -1.2211 2.9803, 0.4523 -1.1944 2.9518, -0.0281 -1.1629 3.0394, -0.14 -1.1547 3.0394, -0.0288 -1.1934 3.0353, -0.1437 -1.1851 3.0353, -0.0295 -1.2219 3.0235, -0.1471 -1.2134 3.0235, -0.0301 -1.2464 3.0048, -0.1501 -1.2377 3.0048, -0.0305 -1.2651 2.9803, -0.1523 -1.2563 2.9803, -0.0308 -1.2769 2.9518, -0.3589 -1.1064 3.0394, -0.4638 -1.0666 3.0394, -0.3683 -1.1354 3.0353, -0.476 -1.0946 3.0353, -0.3771 -1.1625 3.0235, -0.4874 -1.1207 3.0235, -0.3847 -1.1858 3.0048, -0.4972 -1.1431 3.0048, -0.3905 -1.2037 2.9803, -0.5047 -1.1604 2.9803, -0.3942 -1.2149 2.9518, -0.9715 -0.6383 3.0394, -1.0284 -0.5415 3.0394, -0.9971 -0.655 3.0353, -1.0555 -0.5557 3.0353, -1.0209 -0.6706 3.0235, -1.0807 -0.569 3.0235, -1.0413 -0.684 3.0048, -1.1023 -0.5803 3.0048, -1.0571 -0.6943 2.9803, -1.119 -0.5891 2.9803, -1.0669 -0.7008 2.9518, -1.1129 -0.3339 3.0394, -1.1398 -0.2249 3.0394, -1.1422 -0.3426 3.0353, -1.1698 -0.2308 3.0353, -1.1695 -0.3508 3.0235, -1.1977 -0.2363 3.0235, -1.193 -0.3578 3.0048, -1.2217 -0.241 3.0048, -1.2109 -0.3631 2.9803, -1.2402 -0.2446 2.9803, -1.2222 -0.3665 2.9518, -1.1614 -0.0018 3.0394, -1.192 -0.0018 3.0353, -1.2205 -0.0018 3.0235, -1.2449 -0.0018 3.0048, -1.2637 -0.0018 2.9803, -1.2755 -0.0018 2.9518, -1.2795 -0.0018 2.9213, -1.2736 0.1217 2.9213, -1.2662 0.1722 2.9213, -1.2261 0.3641 2.9213, -1.2222 0.3629 2.9518, -1.2109 0.3596 2.9803, -1.193 0.3542 3.0048, -1.1695 0.3472 3.0235, -1.1422 0.339 3.0353, -1.1129 0.3303 3.0394, -1.1851 0.4807 2.9213, -1.1726 0.5075 2.9213, -1.0703 0.6994 2.9213, -1.0669 0.6972 2.9518, -1.0571 0.6907 2.9803, -1.0413 0.6804 3.0048, -1.0209 0.667 3.0235, -0.9971 0.6514 3.0353, -0.9715 0.6347 3.0394, -0.9055 0.7255 3.0394, -0.9294 0.7446 3.0353, -0.9516 0.7624 3.0235, -0.9706 0.7778 3.0048, -0.9853 0.7895 2.9803, -0.9156 0.892 2.9213, -0.8723 0.9322 2.9213, -0.7269 1.0512 2.9213, -0.7246 1.0479 2.9518, -0.7179 1.0382 2.9803, -0.7072 1.0228 3.0048, -0.6933 1.0026 3.0235, -0.6771 0.9792 3.0353, -0.6598 0.954 3.0394, -0.6218 1.1165 2.9213, -0.5881 1.1331 2.9213, -0.3954 1.2151 2.9213, -0.3942 1.2113 2.9518, -0.3905 1.2001 2.9803, -0.3847 1.1822 3.0048, -0.3771 1.1589 3.0235, -0.3683 1.1318 3.0353, -0.3589 1.1028 3.0394, -0.2506 1.1323 3.0394, -0.2572 1.1621 3.0353, -0.2634 1.1899 3.0235, -0.2686 1.2138 3.0048, -0.2727 1.2321 2.9803, -0.1523 1.2527 2.9803, -0.1501 1.2341 3.0048, -0.1471 1.2098 3.0235, -0.1437 1.1815 3.0353, -0.14 1.1512 3.0394, -0.0305 1.2615 2.9803, -0.0301 1.2428 3.0048, -0.0295 1.2183 3.0235, -0.0288 1.1898 3.0353, -0.0281 1.1593 3.0394, 0.0927 1.2744 2.9213, 0.0924 1.2704 2.9518, 0.0915 1.2586 2.9803, 0.0902 1.2399 3.0048, 0.0884 1.2155 3.0235, 0.0863 1.1871 3.0353, 0.0841 1.1566 3.0394, 0.2154 1.2595 2.9213, 0.26 1.2496 2.9213, 0.4537 1.1946 2.9213, 0.4523 1.1908 2.9518, 0.4481 1.1798 2.9803, 0.4415 1.1622 3.0048, 0.4328 1.1394 3.0235, 0.4227 1.1127 3.0353, 0.4118 1.0841 3.0394, 0.5671 1.1452 2.9213, 0.5882 1.1335 2.9213, 0.7769 1.0149 2.9213, 0.7744 1.0117 2.9518, 0.7673 1.0023 2.9803, 0.7559 0.9874 3.0048, 0.741 0.968 3.0235, 0.7237 0.9453 3.0353, 0.7052 0.921 3.0394, 0.7385 0.8929 3.0394, 0.8118 0.8711 3.0353, 0.8312 0.8919 3.0235, 0.8478 0.9098 3.0048, 0.8606 0.9236 2.9803, 0.9577 0.8467 2.9213, 0.9914 0.8048 2.9213, 1.1029 0.6469 2.9213, 1.0994 0.6448 2.9518, 1.0893 0.6388 2.9803, 1.0731 0.6293 3.0048, 1.052 0.6169 3.0235, 1.0275 0.6025 3.0353, 0.9514 0.6629 3.0394, 1.1604 0.5374 2.9213, 1.1725 0.5075 2.9213, 1.2423 0.3044 2.9213, 1.2384 0.3034 2.9518, 1.227 0.3006 2.9803, 1.2088 0.2961 3.0048, 1.185 0.2903 3.0235, 1.1573 0.2835 3.0353, 1.1277 0.2761 3.0394, 1.1362 0.2324 3.0394, 1.1795 0.1704 3.0353, 1.2077 0.1745 3.0235, 1.2319 0.1781 3.0048, 1.2504 0.1808 2.9803, 1.278 0.06 2.9213, 1.278 -0.0018 2.9213, 1.2661 -0.1867 2.9213, 1.2621 -0.1861 2.9518, 1.2504 -0.1844 2.9803, 1.2319 -0.1817 3.0048, 1.2077 -0.1781 3.0235, 1.1795 -0.174 3.0353, 1.1579 -0.0803 3.0394, 1.2423 -0.308 2.9213, 1.2308 -0.3466 2.9213, 1.1604 -0.541 2.9213, 1.1567 -0.5393 2.9518, 1.146 -0.5343 2.9803, 1.129 -0.5264 3.0048, 1.1068 -0.5161 3.0235, 1.1029 -0.6505 2.9213, 1.0926 -0.6662 2.9213, 0.9459 -0.8398 2.9803, 0.9318 -0.8273 3.0048, 0.9135 -0.8111 3.0235, 0.8922 -0.7922 3.0353, 0.8693 -0.772 3.0394, 0.8714 -0.9388 2.9213, 0.8686 -0.9358 2.9518, 0.8606 -0.9272 2.9803, 0.8478 -0.9134 3.0048, 0.8312 -0.8955 3.0235, 0.8118 -0.8747 3.0353, 0.8529 -0.7888 3.0394, 0.7769 -1.0185 2.9213, 0.7371 -1.046 2.9213, 0.5671 -1.1488 2.9213, 0.5653 -1.1452 2.9518, 0.5601 -1.1346 2.9803, 0.5517 -1.1178 3.0048, 0.5409 -1.0959 3.0235, 0.4537 -1.1982 2.9213, 0.4282 -1.2065 2.9213, 0.2154 -1.2631 2.9213, 0.2147 -1.2591 2.9518, 0.2128 -1.2475 2.9803, 0.2096 -1.229 3.0048, 0.2055 -1.2049 3.0235, 0.2007 -1.1768 3.0353, 0.1955 -1.1466 3.0394, 0.0841 -1.1602 3.0394, 0.0863 -1.1907 3.0353, 0.0884 -1.2191 3.0235, 0.0902 -1.2435 3.0048, 0.0915 -1.2622 2.9803, -0.0309 -1.281 2.9213, -0.0872 -1.2769 2.9213, -0.2761 -1.2512 2.9213, -0.2752 -1.2473 2.9518, -0.2727 -1.2357 2.9803, -0.2686 -1.2174 3.0048, -0.2634 -1.1935 3.0235, -0.2572 -1.1657 3.0353, -0.2506 -1.1359 3.0394, -0.3954 -1.2187 2.9213, -0.4281 -1.2063 2.9213, -0.6218 -1.1201 2.9213, -0.6199 -1.1165 2.9518, -0.6141 -1.1062 2.9803, -0.605 -1.0898 3.0048, -0.5931 -1.0685 3.0235, -0.5793 -1.0436 3.0353, -0.5644 -1.0168 3.0394, -0.6598 -0.9576 3.0394, -0.6771 -0.9828 3.0353, -0.6933 -1.0062 3.0235, -0.7072 -1.0264 3.0048, -0.7179 -1.0418 2.9803, -0.8149 -0.9677 2.9803, -0.8028 -0.9533 3.0048, -0.787 -0.9346 3.0235, -0.7686 -0.9129 3.0353, -0.7489 -0.8895 3.0394, -0.9043 -0.8845 2.9803, -0.8909 -0.8714 3.0048, -0.8734 -0.8543 3.0235, -0.853 -0.8344 3.0353, -0.8311 -0.8131 3.0394, -0.9976 -0.803 2.9213, -0.9945 -0.8005 2.9518, -0.9853 -0.7931 2.9803, -0.9706 -0.7814 3.0048, -0.9516 -0.766 3.0235, -0.9294 -0.7482 3.0353, -0.9055 -0.7291 3.0394, -1.0703 -0.703 2.9213, -1.0921 -0.6659 2.9213, -1.1851 -0.4843 2.9213, -1.1813 -0.4828 2.9518, -1.1704 -0.4783 2.9803, -1.153 -0.4713 3.0048, -1.1304 -0.462 3.0235, -1.104 -0.4513 3.0353, -1.0757 -0.4398 3.0394, -1.2261 -0.3677 2.9213, -1.2312 -0.3468 2.9213, -1.2736 -0.1253 2.9213, -1.2695 -0.1249 2.9518, -1.2578 -0.1238 2.9803, -1.2391 -0.122 3.0048, -1.2148 -0.1196 3.0235, -1.1864 -0.1168 3.0353, -1.156 -0.1139 3.0394
            ]
        }
        coordIndex [
            0,1,2,-1,2,1,3,-1,4,5,0,-1,0,5,6,-1,0,6,1,-1,7,3,6,-1,6,3,1,-1,8,9,7,-1,7,9,2,-1,7,2,3,-1,5,4,8,-1,8,4,9,-1,6,5,7,-1,7,5,8,-1,10,11,12,-1,12,11,13,-1,14,15,16,-1,16,15,13,-1,16,13,11,-1,17,18,14,-1,14,18,15,-1,18,17,12,-1,12,17,19,-1,12,19,10,-1,16,11,19,-1,19,11,10,-1,14,16,17,-1,17,16,19,-1,20,21,22,-1,23,24,25,-1,26,27,28,-1,29,30,31,-1,32,33,34,-1,35,36,37,-1,38,39,40,-1,41,42,43,-1,44,45,46,-1,47,48,49,-1,50,51,52,-1,53,54,55,-1,56,57,58,-1,59,60,61,-1,62,63,64,-1,65,66,67,-1,68,69,70,-1,71,72,73,-1,74,75,76,-1,77,78,79,-1,80,81,82,-1,83,84,85,-1,86,87,88,-1,89,90,91,-1,92,93,94,-1,95,96,97,-1,98,99,100,-1,101,102,103,-1,104,105,106,-1,107,108,109,-1,110,111,112,-1,113,114,115,-1,116,117,118,-1,119,120,121,-1,122,123,124,-1,125,126,127,-1,128,129,130,-1,131,132,133,-1,131,133,134,-1,128,130,135,-1,125,127,136,-1,119,121,137,-1,116,118,138,-1,110,112,139,-1,107,109,140,-1,141,142,143,-1,143,142,144,-1,143,144,145,-1,145,144,146,-1,145,146,147,-1,147,146,148,-1,147,148,149,-1,149,148,150,-1,149,150,151,-1,151,150,103,-1,152,153,154,-1,154,153,155,-1,154,155,156,-1,156,155,157,-1,156,157,158,-1,158,157,159,-1,158,159,160,-1,160,159,161,-1,160,161,162,-1,162,161,100,-1,163,164,165,-1,165,164,166,-1,165,166,167,-1,167,166,168,-1,167,168,169,-1,169,168,170,-1,169,170,171,-1,171,170,172,-1,171,172,173,-1,173,172,94,-1,174,175,176,-1,176,175,177,-1,176,177,178,-1,178,177,179,-1,178,179,180,-1,180,179,181,-1,180,181,182,-1,182,181,183,-1,182,183,184,-1,184,183,91,-1,185,186,187,-1,187,186,188,-1,187,188,189,-1,189,188,190,-1,189,190,191,-1,191,190,192,-1,191,192,193,-1,193,192,194,-1,193,194,195,-1,195,194,79,-1,76,196,197,-1,197,196,198,-1,197,198,199,-1,199,198,200,-1,199,200,201,-1,201,200,202,-1,201,202,133,-1,133,202,203,-1,133,203,134,-1,129,204,130,-1,130,204,205,-1,130,205,206,-1,206,205,207,-1,206,207,208,-1,208,207,209,-1,208,209,210,-1,210,209,211,-1,210,211,212,-1,212,211,70,-1,126,122,127,-1,127,122,124,-1,127,124,213,-1,213,124,214,-1,213,214,215,-1,215,214,216,-1,215,216,217,-1,217,216,218,-1,217,218,219,-1,219,218,67,-1,120,220,121,-1,121,220,221,-1,121,221,222,-1,222,221,223,-1,222,223,224,-1,224,223,225,-1,224,225,226,-1,226,225,227,-1,226,227,228,-1,228,227,61,-1,117,229,118,-1,118,229,230,-1,118,230,231,-1,231,230,232,-1,231,232,233,-1,233,232,234,-1,233,234,235,-1,235,234,236,-1,235,236,237,-1,237,236,58,-1,238,139,239,-1,239,139,112,-1,239,112,240,-1,240,112,241,-1,240,241,242,-1,242,241,243,-1,242,243,244,-1,244,243,245,-1,244,245,246,-1,246,245,55,-1,108,247,109,-1,109,247,248,-1,109,248,249,-1,249,248,250,-1,249,250,251,-1,251,250,252,-1,251,252,253,-1,253,252,254,-1,253,254,255,-1,255,254,49,-1,256,257,258,-1,258,257,259,-1,258,259,260,-1,260,259,261,-1,260,261,262,-1,262,261,263,-1,262,263,264,-1,264,263,265,-1,264,265,266,-1,266,265,46,-1,267,268,269,-1,269,268,270,-1,269,270,271,-1,271,270,272,-1,271,272,273,-1,273,272,274,-1,273,274,275,-1,275,274,276,-1,275,276,277,-1,277,276,40,-1,278,279,280,-1,280,279,281,-1,280,281,282,-1,282,281,283,-1,282,283,284,-1,284,283,285,-1,284,285,286,-1,286,285,287,-1,286,287,288,-1,288,287,37,-1,289,290,291,-1,291,290,292,-1,291,292,293,-1,293,292,294,-1,293,294,295,-1,295,294,296,-1,295,296,297,-1,297,296,298,-1,297,298,299,-1,299,298,25,-1,300,301,302,-1,302,301,303,-1,302,303,304,-1,304,303,305,-1,304,305,306,-1,306,305,307,-1,306,307,308,-1,308,307,309,-1,308,309,310,-1,310,309,22,-1,311,141,312,-1,312,141,143,-1,312,143,313,-1,313,143,145,-1,313,145,314,-1,314,145,147,-1,314,147,315,-1,315,147,149,-1,315,149,316,-1,316,149,151,-1,316,151,317,-1,317,151,318,-1,103,102,151,-1,151,102,319,-1,151,319,318,-1,320,101,321,-1,321,101,103,-1,321,103,322,-1,322,103,150,-1,322,150,323,-1,323,150,148,-1,323,148,324,-1,324,148,146,-1,324,146,325,-1,325,146,144,-1,325,144,326,-1,326,144,142,-1,326,152,325,-1,325,152,154,-1,325,154,324,-1,324,154,156,-1,324,156,323,-1,323,156,158,-1,323,158,322,-1,322,158,160,-1,322,160,321,-1,321,160,162,-1,321,162,320,-1,320,162,327,-1,100,99,162,-1,162,99,328,-1,162,328,327,-1,329,98,330,-1,330,98,100,-1,330,100,331,-1,331,100,161,-1,331,161,332,-1,332,161,159,-1,332,159,333,-1,333,159,157,-1,333,157,334,-1,334,157,155,-1,334,155,335,-1,335,155,153,-1,335,336,334,-1,334,336,337,-1,334,337,333,-1,333,337,338,-1,333,338,332,-1,332,338,339,-1,332,339,331,-1,331,339,340,-1,331,340,330,-1,330,340,97,-1,330,97,329,-1,329,97,96,-1,341,95,173,-1,173,95,97,-1,173,97,171,-1,171,97,340,-1,171,340,169,-1,169,340,339,-1,169,339,167,-1,167,339,338,-1,167,338,165,-1,165,338,337,-1,165,337,163,-1,163,337,336,-1,94,93,173,-1,173,93,342,-1,173,342,341,-1,343,92,344,-1,344,92,94,-1,344,94,345,-1,345,94,172,-1,345,172,346,-1,346,172,170,-1,346,170,347,-1,347,170,168,-1,347,168,348,-1,348,168,166,-1,348,166,349,-1,349,166,164,-1,349,174,348,-1,348,174,176,-1,348,176,347,-1,347,176,178,-1,347,178,346,-1,346,178,180,-1,346,180,345,-1,345,180,182,-1,345,182,344,-1,344,182,184,-1,344,184,343,-1,343,184,350,-1,91,90,184,-1,184,90,351,-1,184,351,350,-1,352,89,353,-1,353,89,91,-1,353,91,354,-1,354,91,183,-1,354,183,355,-1,355,183,181,-1,355,181,356,-1,356,181,179,-1,356,179,357,-1,357,179,177,-1,357,177,358,-1,358,177,175,-1,358,359,357,-1,357,359,360,-1,357,360,356,-1,356,360,361,-1,356,361,355,-1,355,361,362,-1,355,362,354,-1,354,362,363,-1,354,363,353,-1,353,363,88,-1,353,88,352,-1,352,88,87,-1,84,86,85,-1,85,86,88,-1,85,88,364,-1,364,88,363,-1,364,363,365,-1,365,363,362,-1,365,362,366,-1,366,362,361,-1,366,361,367,-1,367,361,360,-1,367,360,368,-1,368,360,359,-1,81,83,82,-1,82,83,85,-1,82,85,369,-1,369,85,364,-1,369,364,370,-1,370,364,365,-1,370,365,371,-1,371,365,366,-1,371,366,372,-1,372,366,367,-1,372,367,373,-1,373,367,368,-1,374,80,375,-1,375,80,82,-1,375,82,376,-1,376,82,369,-1,376,369,377,-1,377,369,370,-1,377,370,378,-1,378,370,371,-1,378,371,379,-1,379,371,372,-1,379,372,380,-1,380,372,373,-1,380,185,379,-1,379,185,187,-1,379,187,378,-1,378,187,189,-1,378,189,377,-1,377,189,191,-1,377,191,376,-1,376,191,193,-1,376,193,375,-1,375,193,195,-1,375,195,374,-1,374,195,381,-1,79,78,195,-1,195,78,382,-1,195,382,381,-1,383,77,384,-1,384,77,79,-1,384,79,385,-1,385,79,194,-1,385,194,386,-1,386,194,192,-1,386,192,387,-1,387,192,190,-1,387,190,388,-1,388,190,188,-1,388,188,389,-1,389,188,186,-1,389,134,388,-1,388,134,203,-1,388,203,387,-1,387,203,202,-1,387,202,386,-1,386,202,200,-1,386,200,385,-1,385,200,198,-1,385,198,384,-1,384,198,196,-1,384,196,383,-1,383,196,390,-1,76,75,196,-1,196,75,391,-1,196,391,390,-1,392,74,393,-1,393,74,76,-1,393,76,394,-1,394,76,197,-1,394,197,395,-1,395,197,199,-1,395,199,396,-1,396,199,201,-1,396,201,397,-1,397,201,133,-1,397,133,398,-1,398,133,132,-1,398,399,397,-1,397,399,400,-1,397,400,396,-1,396,400,401,-1,396,401,395,-1,395,401,402,-1,395,402,394,-1,394,402,403,-1,394,403,393,-1,393,403,73,-1,393,73,392,-1,392,73,72,-1,404,71,212,-1,212,71,73,-1,212,73,210,-1,210,73,403,-1,210,403,208,-1,208,403,402,-1,208,402,206,-1,206,402,401,-1,206,401,130,-1,130,401,400,-1,130,400,135,-1,135,400,399,-1,70,69,212,-1,212,69,405,-1,212,405,404,-1,406,68,407,-1,407,68,70,-1,407,70,408,-1,408,70,211,-1,408,211,409,-1,409,211,209,-1,409,209,410,-1,410,209,207,-1,410,207,411,-1,411,207,205,-1,411,205,412,-1,412,205,204,-1,412,136,411,-1,411,136,127,-1,411,127,410,-1,410,127,213,-1,410,213,409,-1,409,213,215,-1,409,215,408,-1,408,215,217,-1,408,217,407,-1,407,217,219,-1,407,219,406,-1,406,219,413,-1,67,66,219,-1,219,66,414,-1,219,414,413,-1,415,65,416,-1,416,65,67,-1,416,67,417,-1,417,67,218,-1,417,218,418,-1,418,218,216,-1,418,216,419,-1,419,216,214,-1,419,214,420,-1,420,214,124,-1,420,124,421,-1,421,124,123,-1,421,422,420,-1,420,422,423,-1,420,423,419,-1,419,423,424,-1,419,424,418,-1,418,424,425,-1,418,425,417,-1,417,425,426,-1,417,426,416,-1,416,426,64,-1,416,64,415,-1,415,64,63,-1,427,62,228,-1,228,62,64,-1,228,64,226,-1,226,64,426,-1,226,426,224,-1,224,426,425,-1,224,425,222,-1,222,425,424,-1,222,424,121,-1,121,424,423,-1,121,423,137,-1,137,423,422,-1,61,60,228,-1,228,60,428,-1,228,428,427,-1,429,59,430,-1,430,59,61,-1,430,61,431,-1,431,61,227,-1,431,227,432,-1,432,227,225,-1,432,225,433,-1,433,225,223,-1,433,223,434,-1,434,223,221,-1,434,221,435,-1,435,221,220,-1,435,138,434,-1,434,138,118,-1,434,118,433,-1,433,118,231,-1,433,231,432,-1,432,231,233,-1,432,233,431,-1,431,233,235,-1,431,235,430,-1,430,235,237,-1,430,237,429,-1,429,237,436,-1,58,57,237,-1,237,57,437,-1,237,437,436,-1,438,56,439,-1,439,56,58,-1,439,58,440,-1,440,58,236,-1,440,236,441,-1,441,236,234,-1,441,234,442,-1,442,234,232,-1,442,232,115,-1,115,232,230,-1,115,230,113,-1,113,230,229,-1,114,238,115,-1,115,238,239,-1,115,239,442,-1,442,239,240,-1,442,240,441,-1,441,240,242,-1,441,242,440,-1,440,242,244,-1,440,244,439,-1,439,244,246,-1,439,246,438,-1,438,246,443,-1,55,54,246,-1,246,54,444,-1,246,444,443,-1,51,53,52,-1,52,53,55,-1,52,55,445,-1,445,55,245,-1,445,245,446,-1,446,245,243,-1,446,243,447,-1,447,243,241,-1,447,241,448,-1,448,241,112,-1,448,112,449,-1,449,112,111,-1,450,50,451,-1,451,50,52,-1,451,52,452,-1,452,52,445,-1,452,445,453,-1,453,445,446,-1,453,446,454,-1,454,446,447,-1,454,447,455,-1,455,447,448,-1,455,448,456,-1,456,448,449,-1,456,140,455,-1,455,140,109,-1,455,109,454,-1,454,109,249,-1,454,249,453,-1,453,249,251,-1,453,251,452,-1,452,251,253,-1,452,253,451,-1,451,253,255,-1,451,255,450,-1,450,255,457,-1,49,48,255,-1,255,48,458,-1,255,458,457,-1,459,47,460,-1,460,47,49,-1,460,49,461,-1,461,49,254,-1,461,254,462,-1,462,254,252,-1,462,252,463,-1,463,252,250,-1,463,250,106,-1,106,250,248,-1,106,248,104,-1,104,248,247,-1,105,256,106,-1,106,256,258,-1,106,258,463,-1,463,258,260,-1,463,260,462,-1,462,260,262,-1,462,262,461,-1,461,262,264,-1,461,264,460,-1,460,264,266,-1,460,266,459,-1,459,266,464,-1,46,45,266,-1,266,45,465,-1,266,465,464,-1,466,44,467,-1,467,44,46,-1,467,46,468,-1,468,46,265,-1,468,265,469,-1,469,265,263,-1,469,263,470,-1,470,263,261,-1,470,261,471,-1,471,261,259,-1,471,259,472,-1,472,259,257,-1,472,473,471,-1,471,473,474,-1,471,474,470,-1,470,474,475,-1,470,475,469,-1,469,475,476,-1,469,476,468,-1,468,476,477,-1,468,477,467,-1,467,477,43,-1,467,43,466,-1,466,43,42,-1,478,41,277,-1,277,41,43,-1,277,43,275,-1,275,43,477,-1,275,477,273,-1,273,477,476,-1,273,476,271,-1,271,476,475,-1,271,475,269,-1,269,475,474,-1,269,474,267,-1,267,474,473,-1,40,39,277,-1,277,39,479,-1,277,479,478,-1,480,38,481,-1,481,38,40,-1,481,40,482,-1,482,40,276,-1,482,276,483,-1,483,276,274,-1,483,274,484,-1,484,274,272,-1,484,272,485,-1,485,272,270,-1,485,270,486,-1,486,270,268,-1,486,278,485,-1,485,278,280,-1,485,280,484,-1,484,280,282,-1,484,282,483,-1,483,282,284,-1,483,284,482,-1,482,284,286,-1,482,286,481,-1,481,286,288,-1,481,288,480,-1,480,288,487,-1,37,36,288,-1,288,36,488,-1,288,488,487,-1,489,35,490,-1,490,35,37,-1,490,37,491,-1,491,37,287,-1,491,287,492,-1,492,287,285,-1,492,285,493,-1,493,285,283,-1,493,283,494,-1,494,283,281,-1,494,281,495,-1,495,281,279,-1,495,496,494,-1,494,496,497,-1,494,497,493,-1,493,497,498,-1,493,498,492,-1,492,498,499,-1,492,499,491,-1,491,499,500,-1,491,500,490,-1,490,500,34,-1,490,34,489,-1,489,34,33,-1,30,32,31,-1,31,32,34,-1,31,34,501,-1,501,34,500,-1,501,500,502,-1,502,500,499,-1,502,499,503,-1,503,499,498,-1,503,498,504,-1,504,498,497,-1,504,497,505,-1,505,497,496,-1,27,29,28,-1,28,29,31,-1,28,31,506,-1,506,31,501,-1,506,501,507,-1,507,501,502,-1,507,502,508,-1,508,502,503,-1,508,503,509,-1,509,503,504,-1,509,504,510,-1,510,504,505,-1,511,26,512,-1,512,26,28,-1,512,28,513,-1,513,28,506,-1,513,506,514,-1,514,506,507,-1,514,507,515,-1,515,507,508,-1,515,508,516,-1,516,508,509,-1,516,509,517,-1,517,509,510,-1,517,289,516,-1,516,289,291,-1,516,291,515,-1,515,291,293,-1,515,293,514,-1,514,293,295,-1,514,295,513,-1,513,295,297,-1,513,297,512,-1,512,297,299,-1,512,299,511,-1,511,299,518,-1,25,24,299,-1,299,24,519,-1,299,519,518,-1,520,23,521,-1,521,23,25,-1,521,25,522,-1,522,25,298,-1,522,298,523,-1,523,298,296,-1,523,296,524,-1,524,296,294,-1,524,294,525,-1,525,294,292,-1,525,292,526,-1,526,292,290,-1,526,300,525,-1,525,300,302,-1,525,302,524,-1,524,302,304,-1,524,304,523,-1,523,304,306,-1,523,306,522,-1,522,306,308,-1,522,308,521,-1,521,308,310,-1,521,310,520,-1,520,310,527,-1,22,21,310,-1,310,21,528,-1,310,528,527,-1,529,20,530,-1,530,20,22,-1,530,22,531,-1,531,22,309,-1,531,309,532,-1,532,309,307,-1,532,307,533,-1,533,307,305,-1,533,305,534,-1,534,305,303,-1,534,303,535,-1,535,303,301,-1,535,311,534,-1,534,311,312,-1,534,312,533,-1,533,312,313,-1,533,313,532,-1,532,313,314,-1,532,314,531,-1,531,314,315,-1,531,315,530,-1,530,315,316,-1,530,316,529,-1,529,316,317,-1,
        ]
    }
}
Shape{
    appearance Appearance {
        material  Material {
            diffuseColor 1.0 0.0 0.0
            specularColor 0.5019607843137255 0.0 0.0
            ambientIntensity 0.299
            transparency 0.0
            shininess 0.5
        }
    }
    geometry IndexedFaceSet {
        ccw TRUE
        solid FALSE
        coord DEF co Coordinate {
            point [
                0.6115 -0.9892 3.0394, 0.6128 -0.9884 3.0394, 0.6115 -0.9892 3.039, 0.7052 -0.9246 3.0394, 0.7393 -0.8975 3.039, 0.8529 -0.7888 3.0394, 0.8535 -0.7894 3.039, 0.7909 -0.8523 3.0394, 0.7385 -0.8965 3.0394, 0.8693 -0.772 3.0394, 0.9396 -0.6845 3.0394, 0.9521 -0.6669 3.039, 1.0954 -0.3877 3.0394, 1.0954 -0.3878 3.039, 1.0332 -0.5322 3.039, 1.0533 -0.4912 3.0394, 0.9514 -0.6664 3.0394, 1.0011 -0.5906 3.0394, 1.0321 -0.5316 3.0394, 1.1579 -0.0803 3.0394, 1.1588 -0.0804 3.039, 1.1375 -0.2362 3.039, 1.1492 -0.1696 3.0394, 1.0956 -0.3873 3.0394, 1.1277 -0.2797 3.0394, 1.1362 -0.236 3.0394, 1.1601 -0.0579 3.0394, 1.1601 0.0543 3.0394, 1.1588 0.0768 3.039, 1.0956 0.3837 3.0394, 1.0954 0.3842 3.039, 1.1375 0.2326 3.039, 1.1277 0.2761 3.0394, 1.1579 0.0767 3.0394, 1.1492 0.166 3.0394, 1.1362 0.2324 3.0394, 0.9514 0.6629 3.0394, 0.9521 0.6633 3.039, 1.0332 0.5286 3.039, 1.0011 0.587 3.0394, 1.0954 0.3841 3.0394, 1.0533 0.4876 3.0394, 1.0321 0.528 3.0394, 0.9396 0.6809 3.0394, 0.8693 0.7684 3.0394, 0.8535 0.7858 3.039, 0.7385 0.8929 3.0394, 0.7393 0.8939 3.039, 0.7909 0.8487 3.0394, 0.8529 0.7852 3.0394, 0.6115 0.9856 3.0394, 0.6115 0.9856 3.039, 0.6128 0.9848 3.0394, 0.7052 0.921 3.0394
            ]
        }
        coordIndex [
            0,1,2,-1,2,1,3,-1,2,3,4,-1,5,6,7,-1,7,6,4,-1,7,4,8,-1,8,4,3,-1,5,9,6,-1,6,9,10,-1,6,10,11,-1,12,13,14,-1,12,14,15,-1,10,16,11,-1,11,16,17,-1,11,17,14,-1,14,17,18,-1,14,18,15,-1,19,20,21,-1,19,21,22,-1,12,23,13,-1,13,23,24,-1,13,24,21,-1,21,24,25,-1,21,25,22,-1,19,26,20,-1,20,26,27,-1,20,27,28,-1,29,30,31,-1,29,31,32,-1,27,33,28,-1,28,33,34,-1,28,34,31,-1,31,34,35,-1,31,35,32,-1,36,37,38,-1,36,38,39,-1,29,40,30,-1,30,40,41,-1,30,41,38,-1,38,41,42,-1,38,42,39,-1,36,43,37,-1,37,43,44,-1,37,44,45,-1,46,47,48,-1,48,47,45,-1,48,45,49,-1,49,45,44,-1,50,51,52,-1,52,51,47,-1,52,47,53,-1,53,47,46,-1,2,51,0,-1,0,51,50,-1,6,51,4,-1,4,51,2,-1,6,11,51,-1,51,11,14,-1,51,14,13,-1,13,21,51,-1,51,21,20,-1,51,20,28,-1,37,45,38,-1,38,45,30,-1,28,31,51,-1,51,31,30,-1,51,30,47,-1,47,30,45,-1,
        ]
    }
}
Shape{
    appearance Appearance {
        material  Material {
            diffuseColor 0.0 0.0 0.0
            specularColor 0.0 0.0 0.0
            ambientIntensity 0.0
            transparency 0.0
            shininess 0.5
        }
    }
    geometry IndexedFaceSet {
        ccw TRUE
        solid FALSE
        coord DEF co Coordinate {
            point [
                -0.0415 1.2771 2.6428, -0.0416 1.281 2.6428, -0.0415 1.2771 2.56, -0.0416 1.281 2.56, -0.0294 1.2774 2.6428, -0.0295 1.2813 2.6428, -0.0294 1.2774 2.5493, -0.0295 1.2813 2.5493, -0.0786 1.2753 2.5493, -0.0789 1.2792 2.5493, -0.0786 1.2753 2.56, -0.0789 1.2792 2.56, -0.1281 1.2713 2.5585, -0.1285 1.2752 2.5585, -0.1299 1.2711 2.5586, -0.1303 1.275 2.5586, -0.1379 1.2703 2.5598, -0.1383 1.2742 2.5598, -0.1422 1.2698 2.5605, -0.1426 1.2737 2.5605, -0.1458 1.2694 2.5621, -0.1462 1.2733 2.5621, -0.1521 1.2687 2.5648, -0.1526 1.2726 2.5648, -0.1042 1.2735 2.5684, -0.1045 1.2774 2.5684, -0.1057 1.2734 2.5669, -0.107 1.2772 2.5661, -0.1067 1.2733 2.5662, -0.1071 1.2772 2.5659, -0.111 1.2729 2.5629, -0.1114 1.2768 2.563, -0.1116 1.2729 2.5625, -0.1126 1.2767 2.5622, -0.1154 1.2725 2.5609, -0.1158 1.2764 2.5609, -0.1177 1.2723 2.5599, -0.118 1.2762 2.56, -0.1204 1.272 2.5596, -0.1208 1.276 2.5596, -0.0951 1.2742 2.595, -0.0954 1.2781 2.595, -0.0952 1.2742 2.5942, -0.0955 1.2781 2.5942, -0.0962 1.2741 2.5847, -0.0965 1.278 2.5847, -0.0963 1.2741 2.5834, -0.0967 1.278 2.5835, -0.0979 1.274 2.579, -0.0983 1.2779 2.579, -0.099 1.2739 2.576, -0.0994 1.2778 2.5758, -0.1004 1.2738 2.574, -0.1007 1.2777 2.574, -0.1049 1.2734 2.6231, -0.1052 1.2773 2.6231, -0.1005 1.2738 2.6168, -0.1008 1.2777 2.6168, -0.0993 1.2739 2.6151, -0.1 1.2778 2.6157, -0.0979 1.274 2.6113, -0.0983 1.2779 2.6113, -0.0965 1.2741 2.6073, -0.0968 1.278 2.6075, -0.0962 1.2741 2.6051, -0.0966 1.278 2.6051, -0.1302 1.2711 2.6334, -0.1306 1.275 2.6334, -0.1281 1.2713 2.6334, -0.129 1.2752 2.6334, -0.1272 1.2714 2.6332, -0.1276 1.2753 2.6332, -0.1201 1.2721 2.632, -0.1204 1.276 2.632, -0.1188 1.2722 2.6318, -0.1192 1.2761 2.6318, -0.1149 1.2726 2.6301, -0.1152 1.2765 2.6301, -0.1123 1.2728 2.629, -0.1127 1.2767 2.629, -0.1103 1.273 2.6274, -0.1107 1.2769 2.6274, -0.1521 1.2687 2.6279, -0.1526 1.2726 2.6279, -0.1475 1.2692 2.6297, -0.148 1.2731 2.6297, -0.1417 1.2699 2.632, -0.1432 1.2736 2.6317, -0.1398 1.2701 2.6322, -0.1402 1.274 2.6321, -0.1521 1.2687 2.6405, -0.1526 1.2726 2.6405, -0.1301 1.2711 2.6443, -0.1305 1.275 2.6443, -0.1323 1.2709 2.6441, -0.1327 1.2748 2.6442, -0.1421 1.2698 2.6433, -0.1413 1.2739 2.6435, -0.1439 1.2696 2.6428, -0.1443 1.2735 2.6427, -0.0959 1.2741 2.6306, -0.0962 1.2781 2.6306, -0.0985 1.2739 2.633, -0.0983 1.2779 2.6325, -0.104 1.2735 2.6368, -0.1044 1.2774 2.6368, -0.1075 1.2732 2.6392, -0.1078 1.2771 2.6392, -0.1112 1.2729 2.6406, -0.1115 1.2768 2.6406, -0.1168 1.2724 2.6427, -0.1171 1.2763 2.6427, -0.1184 1.2722 2.6429, -0.1187 1.2762 2.6429, -0.0888 1.2786 2.6206, -0.0873 1.2748 2.6175, -0.0869 1.2787 2.6159, -0.0867 1.2748 2.6159, -0.0848 1.2789 2.6107, -0.0843 1.275 2.6097, -0.0845 1.2789 2.6082, -0.0841 1.275 2.6082, -0.0829 1.279 2.5967, -0.0827 1.2751 2.5967, -0.0827 1.279 2.5958, -0.0825 1.2751 2.5943, -0.0827 1.279 2.5943, -0.0905 1.2785 2.6228, -0.0902 1.2745 2.6228, -0.0885 1.2747 2.6205, -0.0944 1.2742 2.5605, -0.0947 1.2782 2.5605, -0.0937 1.2743 2.5615, -0.094 1.2782 2.5615, -0.089 1.2746 2.5683, -0.0892 1.2786 2.5683, -0.0876 1.2747 2.5703, -0.0882 1.2786 2.5696, -0.0873 1.2748 2.5711, -0.0862 1.2788 2.575, -0.0841 1.2789 2.5825, -0.0838 1.275 2.5825, -0.0844 1.2789 2.5797, -0.0841 1.275 2.5798, -0.0859 1.2748 2.5749, -0.1264 1.2715 2.5478, -0.1268 1.2754 2.5478, -0.1228 1.2718 2.5479, -0.1237 1.2757 2.5479, -0.1195 1.2721 2.5485, -0.1198 1.276 2.5485, -0.1122 1.2728 2.5497, -0.1126 1.2767 2.5498, -0.1112 1.2729 2.5499, -0.1116 1.2768 2.5499, -0.1058 1.2733 2.5523, -0.1061 1.2773 2.5524, -0.1031 1.2736 2.5535, -0.1034 1.2775 2.5536, -0.1002 1.2738 2.5559, -0.1005 1.2777 2.5559, -0.1486 1.2691 2.552, -0.1521 1.2687 2.5532, -0.1526 1.2726 2.5532, -0.1408 1.2739 2.5494, -0.1405 1.27 2.5492, -0.1428 1.2737 2.5496, -0.1491 1.273 2.5519, -0.1404 1.27 2.5492, -0.1826 1.2646 2.5914, -0.1831 1.2685 2.5914, -0.1826 1.2646 2.56, -0.1831 1.2685 2.56, -0.2156 1.2594 2.5914, -0.2162 1.2633 2.5914, -0.2156 1.2594 2.6021, -0.2162 1.2633 2.6021, -0.1826 1.2646 2.6021, -0.1831 1.2685 2.6021, -0.1826 1.2646 2.632, -0.1831 1.2685 2.632, -0.2182 1.259 2.632, -0.2189 1.2629 2.632, -0.2182 1.259 2.6428, -0.2189 1.2629 2.6428, -0.1706 1.2663 2.6428, -0.1712 1.2702 2.6428, -0.1706 1.2663 2.5493, -0.1712 1.2702 2.5493, -0.2203 1.2586 2.5493, -0.221 1.2625 2.5493, -0.2203 1.2586 2.56, -0.221 1.2625 2.56, -0.2377 1.2555 2.6428, -0.2384 1.2593 2.6428, -0.2603 1.251 2.6428, -0.2646 1.2541 2.6428, -0.2638 1.2502 2.6428, -0.2732 1.2482 2.6417, -0.2741 1.252 2.6417, -0.2765 1.2475 2.6413, -0.2774 1.2513 2.6413, -0.2823 1.2462 2.6393, -0.2832 1.25 2.6393, -0.2882 1.2449 2.6372, -0.289 1.2487 2.6372, -0.2906 1.2443 2.6355, -0.2915 1.2481 2.6355, -0.2982 1.2425 2.6304, -0.2992 1.2463 2.6304, -0.3016 1.2417 2.6269, -0.3025 1.2455 2.6269, -0.3019 1.2416 2.6266, -0.3029 1.2454 2.6265, -0.3057 1.2407 2.621, -0.3066 1.2445 2.621, -0.3074 1.2403 2.6185, -0.3083 1.2441 2.6184, -0.3086 1.24 2.6152, -0.3095 1.2438 2.6151, -0.3105 1.2395 2.61, -0.3114 1.2433 2.61, -0.3106 1.2395 2.6085, -0.3115 1.2433 2.6085, -0.3119 1.2391 2.5972, -0.3129 1.2429 2.5972, -0.3109 1.2434 2.583, -0.3116 1.2392 2.591, -0.3126 1.243 2.5927, -0.3117 1.2392 2.5926, -0.3127 1.243 2.5934, -0.2992 1.2463 2.5624, -0.2982 1.2425 2.5624, -0.3049 1.2449 2.5697, -0.304 1.2411 2.5697, -0.3065 1.2445 2.5718, -0.3057 1.2407 2.5718, -0.3084 1.2441 2.576, -0.3075 1.2402 2.5759, -0.3105 1.2435 2.5807, -0.3096 1.2397 2.5807, -0.31 1.2396 2.583, -0.2973 1.2427 2.5618, -0.2982 1.2465 2.5618, -0.29 1.2444 2.5565, -0.2909 1.2483 2.5564, -0.2878 1.2449 2.5549, -0.2894 1.2486 2.5554, -0.2829 1.246 2.5531, -0.2838 1.2499 2.5531, -0.2777 1.2472 2.5511, -0.2788 1.251 2.5512, -0.2749 1.2478 2.5508, -0.2757 1.2517 2.5508, -0.2629 1.2504 2.5493, -0.2637 1.2543 2.5493, -0.2384 1.2593 2.5493, -0.2377 1.2555 2.5493, -0.2603 1.251 2.5493, -0.2898 1.2485 2.5688, -0.2897 1.2485 2.5688, -0.2846 1.2497 2.5652, -0.283 1.2501 2.5641, -0.2794 1.2509 2.5628, -0.2756 1.2517 2.5614, -0.2737 1.2521 2.5611, -0.2636 1.2543 2.56, -0.2503 1.257 2.56, -0.2503 1.257 2.632, -0.2641 1.2542 2.632, -0.2722 1.2525 2.6311, -0.2744 1.252 2.6309, -0.2793 1.2509 2.6293, -0.2831 1.25 2.628, -0.2853 1.2495 2.6265, -0.2905 1.2484 2.6232, -0.2927 1.2478 2.6209, -0.2934 1.2477 2.6202, -0.2957 1.2471 2.6166, -0.297 1.2468 2.6145, -0.2979 1.2466 2.6121, -0.2908 1.2483 2.5697, -0.2946 1.2474 2.5748, -0.296 1.2471 2.5767, -0.2972 1.2468 2.5796, -0.299 1.2464 2.5842, -0.2991 1.2463 2.585, -0.3002 1.2461 2.5931, -0.3005 1.246 2.5951, -0.3005 1.246 2.5969, -0.2994 1.2463 2.6072, -0.2993 1.2463 2.608, -0.2628 1.2505 2.56, -0.2495 1.2532 2.56, -0.2899 1.2445 2.5697, -0.2887 1.2447 2.5689, -0.2728 1.2483 2.5612, -0.275 1.2478 2.5614, -0.2785 1.247 2.5628, -0.2828 1.2461 2.5645, -0.2837 1.2459 2.5652, -0.2996 1.2422 2.5969, -0.2995 1.2422 2.5945, -0.2993 1.2422 2.5931, -0.2981 1.2425 2.585, -0.2979 1.2426 2.5836, -0.2963 1.243 2.5796, -0.2951 1.2432 2.5767, -0.2937 1.2436 2.5748, -0.2896 1.2445 2.6232, -0.2918 1.244 2.6209, -0.2922 1.2439 2.6205, -0.2948 1.2433 2.6165, -0.2961 1.243 2.6146, -0.297 1.2428 2.6121, -0.2983 1.2425 2.6084, -0.2984 1.2424 2.6072, -0.2633 1.2503 2.632, -0.2714 1.2486 2.6311, -0.2736 1.2481 2.6309, -0.2784 1.2471 2.6293, -0.2823 1.2462 2.628, -0.2845 1.2457 2.6265, -0.2495 1.2532 2.632
            ]
        }
        coordIndex [
            0,1,2,-1,2,1,3,-1,4,5,0,-1,0,5,1,-1,6,7,4,-1,4,7,5,-1,8,9,6,-1,6,9,7,-1,10,11,8,-1,8,11,9,-1,3,11,2,-1,2,11,10,-1,1,5,3,-1,3,5,7,-1,3,7,11,-1,11,7,9,-1,12,13,14,-1,14,13,15,-1,14,15,16,-1,16,15,17,-1,16,17,18,-1,18,17,19,-1,18,19,20,-1,20,19,21,-1,20,21,22,-1,22,21,23,-1,24,25,26,-1,26,25,27,-1,26,27,28,-1,28,27,29,-1,28,29,30,-1,30,29,31,-1,30,31,32,-1,32,31,33,-1,32,33,34,-1,34,33,35,-1,34,35,36,-1,36,35,37,-1,36,37,38,-1,38,37,39,-1,38,39,12,-1,12,39,13,-1,40,41,42,-1,42,41,43,-1,42,43,44,-1,44,43,45,-1,44,45,46,-1,46,45,47,-1,46,47,48,-1,48,47,49,-1,48,49,50,-1,50,49,51,-1,50,51,52,-1,52,51,53,-1,52,53,24,-1,24,53,25,-1,54,55,56,-1,56,55,57,-1,56,57,58,-1,58,57,59,-1,58,59,60,-1,60,59,61,-1,60,61,62,-1,62,61,63,-1,62,63,64,-1,64,63,65,-1,64,65,40,-1,40,65,41,-1,66,67,68,-1,68,67,69,-1,68,69,70,-1,70,69,71,-1,70,71,72,-1,72,71,73,-1,72,73,74,-1,74,73,75,-1,74,75,76,-1,76,75,77,-1,76,77,78,-1,78,77,79,-1,78,79,80,-1,80,79,81,-1,80,81,54,-1,54,81,55,-1,82,83,84,-1,84,83,85,-1,84,85,86,-1,86,85,87,-1,86,87,88,-1,88,87,89,-1,88,89,66,-1,66,89,67,-1,90,91,82,-1,82,91,83,-1,92,93,94,-1,94,93,95,-1,94,95,96,-1,96,95,97,-1,96,97,98,-1,98,97,99,-1,98,99,90,-1,90,99,91,-1,100,101,102,-1,102,101,103,-1,102,103,104,-1,104,103,105,-1,104,105,106,-1,106,105,107,-1,106,107,108,-1,108,107,109,-1,108,109,110,-1,110,109,111,-1,110,111,112,-1,112,111,113,-1,112,113,92,-1,92,113,93,-1,114,115,116,-1,116,115,117,-1,116,117,118,-1,118,117,119,-1,118,119,120,-1,120,119,121,-1,120,121,122,-1,122,121,123,-1,122,123,124,-1,124,123,125,-1,124,125,126,-1,101,100,127,-1,127,100,128,-1,127,128,114,-1,114,128,129,-1,114,129,115,-1,130,131,132,-1,132,131,133,-1,132,133,134,-1,134,133,135,-1,134,135,136,-1,136,135,137,-1,136,137,138,-1,138,137,139,-1,126,125,140,-1,140,125,141,-1,140,141,142,-1,142,141,143,-1,142,143,139,-1,139,143,144,-1,139,144,138,-1,145,146,147,-1,147,146,148,-1,147,148,149,-1,149,148,150,-1,149,150,151,-1,151,150,152,-1,151,152,153,-1,153,152,154,-1,153,154,155,-1,155,154,156,-1,155,156,157,-1,157,156,158,-1,157,158,159,-1,159,158,160,-1,159,160,130,-1,130,160,131,-1,161,162,163,-1,164,165,166,-1,166,165,161,-1,166,161,167,-1,167,161,163,-1,146,145,164,-1,164,145,168,-1,164,168,165,-1,23,163,22,-1,22,163,162,-1,163,23,167,-1,167,23,21,-1,167,21,166,-1,166,21,19,-1,166,19,164,-1,164,19,17,-1,164,17,146,-1,17,15,146,-1,146,15,13,-1,146,13,148,-1,148,13,39,-1,148,39,150,-1,150,39,152,-1,152,39,37,-1,152,37,154,-1,154,37,35,-1,154,35,156,-1,156,35,33,-1,156,33,158,-1,158,33,31,-1,158,31,160,-1,31,29,160,-1,160,29,27,-1,160,27,131,-1,131,27,25,-1,131,25,133,-1,133,25,53,-1,133,53,135,-1,135,53,137,-1,137,53,51,-1,137,51,139,-1,139,51,49,-1,139,49,142,-1,142,49,47,-1,142,47,140,-1,47,45,140,-1,140,45,43,-1,140,43,126,-1,126,43,41,-1,126,41,124,-1,124,41,122,-1,122,41,120,-1,120,41,65,-1,120,65,118,-1,118,65,63,-1,118,63,116,-1,116,63,61,-1,116,61,114,-1,114,61,59,-1,114,59,127,-1,127,59,57,-1,127,57,101,-1,101,57,55,-1,101,55,103,-1,103,55,81,-1,103,81,105,-1,95,93,67,-1,105,81,107,-1,107,81,79,-1,107,79,109,-1,109,79,77,-1,109,77,111,-1,111,77,75,-1,111,75,113,-1,75,73,113,-1,113,73,71,-1,113,71,93,-1,93,71,69,-1,93,69,67,-1,95,67,97,-1,97,67,89,-1,97,89,99,-1,83,91,85,-1,85,91,99,-1,85,99,87,-1,87,99,89,-1,169,170,171,-1,171,170,172,-1,173,174,169,-1,169,174,170,-1,175,176,173,-1,173,176,174,-1,177,178,175,-1,175,178,176,-1,179,180,177,-1,177,180,178,-1,181,182,179,-1,179,182,180,-1,183,184,181,-1,181,184,182,-1,185,186,183,-1,183,186,184,-1,187,188,185,-1,185,188,186,-1,189,190,187,-1,187,190,188,-1,191,192,189,-1,189,192,190,-1,172,192,171,-1,171,192,191,-1,188,190,192,-1,192,172,188,-1,188,172,170,-1,188,170,186,-1,182,184,180,-1,180,184,186,-1,180,186,178,-1,178,186,170,-1,178,170,176,-1,176,170,174,-1,193,194,195,-1,195,194,196,-1,195,196,197,-1,197,196,198,-1,198,196,199,-1,198,199,200,-1,200,199,201,-1,200,201,202,-1,202,201,203,-1,202,203,204,-1,204,203,205,-1,204,205,206,-1,206,205,207,-1,206,207,208,-1,208,207,209,-1,208,209,210,-1,210,209,211,-1,210,211,212,-1,212,211,213,-1,212,213,214,-1,214,213,215,-1,214,215,216,-1,216,215,217,-1,216,217,218,-1,218,217,219,-1,218,219,220,-1,220,219,221,-1,220,221,222,-1,222,221,223,-1,222,223,224,-1,224,223,225,-1,226,227,228,-1,228,227,229,-1,228,229,230,-1,230,229,224,-1,230,224,225,-1,231,232,233,-1,233,232,234,-1,233,234,235,-1,235,234,236,-1,235,236,237,-1,237,236,238,-1,237,238,239,-1,239,238,240,-1,239,240,226,-1,226,240,241,-1,226,241,227,-1,232,231,242,-1,242,231,243,-1,242,243,244,-1,244,243,245,-1,244,245,246,-1,246,245,247,-1,246,247,248,-1,248,247,249,-1,248,249,250,-1,250,249,251,-1,250,251,252,-1,252,251,253,-1,252,253,254,-1,254,253,255,-1,256,257,255,-1,255,257,258,-1,255,258,254,-1,193,257,194,-1,194,257,256,-1,243,259,260,-1,243,260,245,-1,245,260,261,-1,245,261,247,-1,247,261,262,-1,247,262,249,-1,249,262,263,-1,249,263,251,-1,251,263,264,-1,251,264,253,-1,253,264,265,-1,253,265,255,-1,255,265,266,-1,255,266,256,-1,256,266,267,-1,256,267,194,-1,194,267,268,-1,194,268,196,-1,196,268,269,-1,196,269,199,-1,199,269,270,-1,199,270,201,-1,201,270,271,-1,201,271,203,-1,203,271,272,-1,203,272,205,-1,205,272,273,-1,205,273,207,-1,207,273,274,-1,207,274,209,-1,274,275,209,-1,209,275,276,-1,209,276,211,-1,211,276,277,-1,211,277,213,-1,213,277,278,-1,213,278,215,-1,215,278,279,-1,215,279,217,-1,217,279,280,-1,259,243,281,-1,281,243,231,-1,281,231,282,-1,282,231,233,-1,282,233,283,-1,283,233,235,-1,283,235,284,-1,284,235,237,-1,284,237,285,-1,285,237,239,-1,285,239,286,-1,286,239,226,-1,286,226,287,-1,287,226,228,-1,287,228,288,-1,288,228,230,-1,288,230,289,-1,289,230,225,-1,289,225,290,-1,290,225,223,-1,290,223,291,-1,291,223,221,-1,291,221,280,-1,280,221,219,-1,280,219,217,-1,266,292,267,-1,267,292,293,-1,281,294,259,-1,259,294,295,-1,292,266,296,-1,296,266,265,-1,296,265,297,-1,297,265,264,-1,297,264,298,-1,298,264,263,-1,298,263,299,-1,299,263,262,-1,299,262,300,-1,300,262,261,-1,300,261,295,-1,295,261,260,-1,295,260,259,-1,289,301,288,-1,288,301,302,-1,288,302,287,-1,287,302,303,-1,287,303,286,-1,286,303,304,-1,286,304,285,-1,285,304,305,-1,285,305,284,-1,284,305,306,-1,284,306,283,-1,283,306,307,-1,283,307,282,-1,282,307,308,-1,282,308,281,-1,281,308,294,-1,275,309,276,-1,276,309,310,-1,276,310,277,-1,277,310,311,-1,277,311,278,-1,278,311,312,-1,278,312,279,-1,279,312,313,-1,279,313,280,-1,280,313,314,-1,280,314,291,-1,291,314,315,-1,291,315,290,-1,290,315,316,-1,290,316,289,-1,289,316,301,-1,269,317,270,-1,270,317,318,-1,270,318,271,-1,271,318,319,-1,271,319,272,-1,272,319,320,-1,272,320,273,-1,273,320,321,-1,273,321,274,-1,274,321,322,-1,274,322,275,-1,275,322,309,-1,268,323,269,-1,269,323,317,-1,268,267,323,-1,323,267,293,-1,
        ]
    }
}
Shape{
    appearance Appearance {
        material  Material {
            diffuseColor 1.0 1.0 1.0
            specularColor 0.5019607843137255 0.5019607843137255 0.5019607843137255
            ambientIntensity 1.0
            transparency 0.0
            shininess 0.5
        }
    }
    geometry IndexedFaceSet {
        ccw TRUE
        solid FALSE
        coord DEF co Coordinate {
            point [
                -0.297 1.2428 2.6121, -0.2628 1.2505 2.56, -0.2728 1.2483 2.5612, -0.2785 1.247 2.5628, -0.2828 1.2461 2.5645, -0.2837 1.2459 2.5652, -0.2899 1.2445 2.5697, -0.2937 1.2436 2.5748, -0.2887 1.2447 2.5689, -0.2963 1.243 2.5796, -0.2951 1.2432 2.5767, -0.2979 1.2426 2.5836, -0.2981 1.2425 2.585, -0.2993 1.2422 2.5931, -0.2995 1.2422 2.5945, -0.2996 1.2422 2.5969, -0.2984 1.2424 2.6072, -0.275 1.2478 2.5614, -0.2983 1.2425 2.6084, -0.2961 1.243 2.6146, -0.2948 1.2433 2.6165, -0.2922 1.2439 2.6205, -0.2918 1.244 2.6209, -0.2896 1.2445 2.6232, -0.2845 1.2457 2.6265, -0.2823 1.2462 2.628, -0.2784 1.2471 2.6293, -0.2736 1.2481 2.6309, -0.2495 1.2532 2.632, -0.2495 1.2532 2.56, -0.2633 1.2503 2.632, -0.2714 1.2486 2.6311
            ]
        }
        coordIndex [
            0,1,2,-1,3,4,5,-1,6,7,8,-1,8,7,5,-1,3,5,9,-1,9,5,7,-1,9,7,10,-1,9,11,3,-1,3,11,12,-1,3,12,13,-1,13,14,3,-1,3,14,15,-1,3,15,16,-1,2,17,0,-1,0,17,3,-1,0,3,18,-1,18,3,16,-1,0,19,1,-1,1,19,20,-1,1,20,21,-1,21,22,1,-1,1,22,23,-1,1,23,24,-1,24,25,1,-1,1,25,26,-1,1,26,27,-1,28,29,30,-1,30,29,1,-1,30,1,31,-1,31,1,27,-1,
        ]
    }
}
Shape{
    appearance Appearance {
        material  Material {
            diffuseColor 0.0 0.0 0.0
            specularColor 0.0 0.0 0.0
            ambientIntensity 0.0
            transparency 0.0
            shininess 0.5
        }
    }
    geometry IndexedFaceSet {
        ccw TRUE
        solid FALSE
        coord DEF co Coordinate {
            point [
                -0.3169 1.2379 2.5493, -0.3179 1.2417 2.5493, -0.3341 1.2333 2.5961, -0.3524 1.2323 2.6428, -0.3513 1.2286 2.6428, -0.3298 1.2345 2.5493, -0.3309 1.2383 2.5493, -0.3385 1.2321 2.5749, -0.3395 1.2359 2.5749, -0.3342 1.2333 2.5621, -0.3759 1.2213 2.5749, -0.377 1.225 2.5749, -0.385 1.2184 2.5493, -0.3861 1.2222 2.5493, -0.3804 1.2199 2.5621, -0.3976 1.2144 2.5493, -0.3989 1.2181 2.5493, -0.3637 1.225 2.6428, -0.3648 1.2287 2.6428, -0.3807 1.2198 2.5961, -0.3734 1.2261 2.5854, -0.3432 1.2349 2.5854, -0.35 1.233 2.6049, -0.3567 1.2311 2.6243, -0.3584 1.2306 2.6308, -0.3599 1.2302 2.6243, -0.3667 1.2282 2.6049, -0.3556 1.2273 2.6243, -0.3573 1.2268 2.6308, -0.3588 1.2264 2.6243, -0.3723 1.2224 2.5854, -0.3422 1.2311 2.5854
            ]
        }
        coordIndex [
            0,1,2,-1,2,1,3,-1,2,3,4,-1,5,6,0,-1,0,6,1,-1,7,8,9,-1,9,8,6,-1,9,6,5,-1,10,11,7,-1,7,11,8,-1,12,13,14,-1,14,13,11,-1,14,11,10,-1,15,16,12,-1,12,16,13,-1,17,18,19,-1,19,18,16,-1,19,16,15,-1,3,18,4,-1,4,18,17,-1,1,6,8,-1,11,20,8,-1,8,20,21,-1,8,21,1,-1,1,21,22,-1,1,22,3,-1,22,23,3,-1,3,23,24,-1,3,24,18,-1,18,24,25,-1,25,26,18,-1,18,26,20,-1,18,20,16,-1,16,20,11,-1,16,11,13,-1,23,27,24,-1,24,27,28,-1,24,28,25,-1,25,28,29,-1,25,29,26,-1,26,29,30,-1,26,30,20,-1,31,21,30,-1,30,21,20,-1,21,31,22,-1,22,31,27,-1,22,27,23,-1,
        ]
    }
}
Shape{
    appearance Appearance {
        material  Material {
            diffuseColor 1.0 1.0 1.0
            specularColor 0.5019607843137255 0.5019607843137255 0.5019607843137255
            ambientIntensity 1.0
            transparency 0.0
            shininess 0.5
        }
    }
    geometry IndexedFaceSet {
        ccw TRUE
        solid FALSE
        coord DEF co Coordinate {
            point [
                -0.3422 1.2311 2.5854, -0.3723 1.2224 2.5854, -0.3556 1.2273 2.6243, -0.3588 1.2264 2.6243, -0.3573 1.2268 2.6308
            ]
        }
        coordIndex [
            0,1,2,-1,2,1,3,-1,2,3,4,-1,
        ]
    }
}
Shape{
    appearance Appearance {
        material  Material {
            diffuseColor 0.0 0.0 0.0
            specularColor 0.0 0.0 0.0
            ambientIntensity 0.0
            transparency 0.0
            shininess 0.5
        }
    }
    geometry IndexedFaceSet {
        ccw TRUE
        solid FALSE
        coord DEF co Coordinate {
            point [
                -0.0415 1.2771 2.4432, -0.0416 1.281 2.4432, -0.0415 1.2771 2.4118, -0.0416 1.281 2.4118, -0.0749 1.2755 2.4432, -0.0751 1.2795 2.4432, -0.0749 1.2755 2.4539, -0.0751 1.2795 2.4539, -0.0415 1.2771 2.4539, -0.0416 1.281 2.4539, -0.0415 1.2771 2.4838, -0.0416 1.281 2.4838, -0.0775 1.2754 2.4838, -0.0777 1.2793 2.4838, -0.0775 1.2754 2.4946, -0.0777 1.2793 2.4946, -0.0294 1.2774 2.4946, -0.0295 1.2813 2.4946, -0.0294 1.2774 2.4012, -0.0295 1.2813 2.4012, -0.0796 1.2752 2.4012, -0.0799 1.2792 2.4012, -0.0796 1.2752 2.4118, -0.0799 1.2792 2.4118, -0.1191 1.2722 2.4599, -0.1195 1.2761 2.4599, -0.1153 1.2725 2.4595, -0.1156 1.2764 2.4595, -0.1136 1.2727 2.4594, -0.1136 1.2766 2.4593, -0.1089 1.2731 2.4579, -0.1092 1.277 2.4579, -0.1058 1.2733 2.457, -0.1062 1.2773 2.457, -0.1031 1.2736 2.4554, -0.1035 1.2775 2.4553, -0.0973 1.274 2.4518, -0.0976 1.2779 2.4518, -0.1324 1.2709 2.4457, -0.1325 1.2708 2.4436, -0.133 1.2748 2.4436, -0.1328 1.2748 2.4457, -0.1327 1.2748 2.4468, -0.1322 1.2709 2.4482, -0.132 1.2749 2.4504, -0.1316 1.2709 2.4504, -0.1311 1.271 2.4526, -0.1316 1.2749 2.452, -0.1308 1.271 2.4532, -0.1295 1.2712 2.4554, -0.1299 1.2711 2.4549, -0.1302 1.275 2.4549, -0.1299 1.2711 2.4549, -0.1303 1.275 2.4548, -0.1311 1.275 2.4531, -0.1298 1.2751 2.4554, -0.1288 1.2752 2.4566, -0.1283 1.2713 2.4568, -0.1286 1.2752 2.4567, -0.1268 1.2714 2.4578, -0.1272 1.2753 2.4578, -0.1263 1.2715 2.4581, -0.1268 1.2754 2.4581, -0.1251 1.2716 2.4586, -0.1255 1.2755 2.4586, -0.1236 1.2717 2.4592, -0.124 1.2757 2.4592, -0.1227 1.2718 2.4594, -0.1231 1.2757 2.4594, -0.1132 1.2767 2.4408, -0.1227 1.2718 2.4422, -0.1129 1.2727 2.4408, -0.0908 1.2745 2.419, -0.0911 1.2784 2.419, -0.0913 1.2745 2.424, -0.0918 1.2784 2.4244, -0.0915 1.2745 2.4244, -0.092 1.2784 2.4258, -0.0925 1.2744 2.4278, -0.0929 1.2783 2.4278, -0.0927 1.2744 2.4285, -0.0937 1.2782 2.4299, -0.094 1.2743 2.4306, -0.0942 1.2782 2.4307, -0.095 1.2742 2.4323, -0.0959 1.2781 2.4331, -0.0957 1.2741 2.433, -0.096 1.2781 2.4331, -0.0982 1.274 2.4354, -0.0985 1.2779 2.4354, -0.0983 1.274 2.4355, -0.099 1.2778 2.4358, -0.1011 1.2737 2.4371, -0.1015 1.2776 2.4371, -0.1025 1.2736 2.4379, -0.1037 1.2775 2.4383, -0.1056 1.2734 2.4388, -0.1059 1.2773 2.4389, -0.0965 1.2741 2.4048, -0.0968 1.278 2.4048, -0.096 1.2741 2.4054, -0.0962 1.2781 2.4055, -0.0917 1.2784 2.4146, -0.0915 1.2745 2.4146, -0.092 1.2784 2.413, -0.0917 1.2744 2.413, -0.0928 1.2783 2.4111, -0.0925 1.2744 2.4111, -0.0939 1.2782 2.4086, -0.0934 1.2743 2.4088, -0.0941 1.2782 2.4082, -0.0939 1.2743 2.4082, -0.0959 1.2741 2.4055, -0.1119 1.2728 2.3996, -0.1122 1.2767 2.3996, -0.1078 1.2732 2.4, -0.1082 1.2771 2.4, -0.1063 1.2733 2.4002, -0.1066 1.2772 2.4002, -0.1036 1.2735 2.4011, -0.104 1.2774 2.4011, -0.1011 1.2737 2.4019, -0.1014 1.2777 2.4019, -0.1 1.2738 2.4026, -0.1003 1.2777 2.4026, -0.1322 1.2709 2.4115, -0.1326 1.2748 2.4115, -0.1316 1.2709 2.4104, -0.1315 1.2749 2.4098, -0.1295 1.2712 2.408, -0.1299 1.2751 2.408, -0.1273 1.2714 2.4052, -0.1273 1.2753 2.405, -0.127 1.2714 2.405, -0.1272 1.2753 2.4048, -0.1241 1.2717 2.4028, -0.1244 1.2756 2.4029, -0.1233 1.2718 2.4023, -0.1233 1.2757 2.4021, -0.121 1.272 2.4014, -0.1214 1.2759 2.4014, -0.1189 1.2722 2.4005, -0.1188 1.2762 2.4004, -0.1174 1.2723 2.4003, -0.1177 1.2763 2.4003, -0.1325 1.2708 2.4115, -0.133 1.2748 2.4115, -0.1325 1.2708 2.4012, -0.133 1.2748 2.4012, -0.1442 1.2696 2.4012, -0.1446 1.2735 2.4012, -0.1442 1.2696 2.4441, -0.1446 1.2735 2.4441, -0.1393 1.2741 2.4622, -0.1388 1.2702 2.4624, -0.1389 1.2741 2.4628, -0.1368 1.2704 2.4644, -0.137 1.2743 2.4644, -0.1367 1.2704 2.4645, -0.1358 1.2745 2.4654, -0.134 1.2707 2.4662, -0.1344 1.2746 2.4661, -0.1333 1.2708 2.4667, -0.1316 1.2749 2.4675, -0.1309 1.271 2.4676, -0.1313 1.2749 2.4676, -0.1288 1.2712 2.4683, -0.1263 1.2754 2.4688, -0.1259 1.2715 2.4687, -0.1247 1.2756 2.4691, -0.1202 1.2721 2.4694, -0.1206 1.276 2.4694, -0.1437 1.2736 2.4517, -0.1433 1.2697 2.4517, -0.1434 1.2736 2.4537, -0.143 1.2697 2.4538, -0.1425 1.2737 2.4563, -0.1421 1.2698 2.4563, -0.1415 1.2738 2.459, -0.1412 1.2699 2.4588, -0.141 1.2739 2.4597, -0.1406 1.27 2.4597, -0.1389 1.2702 2.4623, -0.0973 1.274 2.4632, -0.0976 1.2779 2.4632, -0.0988 1.2739 2.4641, -0.0989 1.2778 2.4639, -0.1034 1.2735 2.4659, -0.1037 1.2775 2.4659, -0.108 1.2732 2.4677, -0.1081 1.2771 2.4677, -0.1107 1.2729 2.4681, -0.111 1.2768 2.4681, -0.11 1.2769 2.4306, -0.1108 1.2769 2.4309, -0.1081 1.2771 2.4297, -0.1174 1.2763 2.4325, -0.1252 1.2755 2.4336, -0.133 1.2748 2.4346, -0.1279 1.2753 2.4146, -0.1266 1.2754 2.4133, -0.1263 1.2754 2.4131, -0.1239 1.2757 2.4114, -0.1202 1.276 2.4098, -0.1217 1.2759 2.4104, -0.1233 1.2757 2.411, -0.1063 1.2773 2.4122, -0.1084 1.2771 2.411, -0.1094 1.277 2.4104, -0.1107 1.2769 2.41, -0.1127 1.2767 2.4094, -0.1134 1.2766 2.4094, -0.1153 1.2765 2.4092, -0.1192 1.2761 2.4097, -0.1044 1.2774 2.4146, -0.105 1.2774 2.414, -0.1062 1.2773 2.4124, -0.1039 1.2774 2.4248, -0.1034 1.2775 2.4234, -0.1033 1.2775 2.4226, -0.1029 1.2775 2.42, -0.1033 1.2775 2.4177, -0.1034 1.2775 2.417, -0.104 1.2774 2.4158, -0.106 1.2773 2.4284, -0.1049 1.2774 2.4267, -0.1045 1.2774 2.4262, -0.1068 1.2772 2.429, -0.133 1.2748 2.4282, -0.1325 1.2748 2.4247, -0.1323 1.2748 2.4233, -0.1315 1.2749 2.421, -0.1306 1.275 2.4186, -0.13 1.2751 2.4176, -0.106 1.2733 2.4122, -0.1058 1.2733 2.4124, -0.1046 1.2734 2.414, -0.1041 1.2735 2.4146, -0.1036 1.2735 2.4158, -0.1031 1.2736 2.417, -0.103 1.2736 2.4177, -0.1026 1.2736 2.42, -0.1149 1.2726 2.4092, -0.113 1.2727 2.4094, -0.1124 1.2728 2.4094, -0.1104 1.273 2.41, -0.109 1.2731 2.4104, -0.1081 1.2732 2.411, -0.1276 1.2714 2.4146, -0.1268 1.2714 2.4139, -0.1262 1.2715 2.4134, -0.1235 1.2718 2.4114, -0.1188 1.2722 2.4097, -0.1201 1.2721 2.4099, -0.1213 1.272 2.4104, -0.123 1.2718 2.4111, -0.1325 1.2708 2.4282, -0.1321 1.2709 2.4247, -0.1319 1.2709 2.4233, -0.1311 1.271 2.421, -0.1302 1.2711 2.4186, -0.1296 1.2712 2.4176, -0.1325 1.2708 2.4346, -0.117 1.2724 2.4325, -0.1057 1.2734 2.4284, -0.1065 1.2733 2.429, -0.1078 1.2732 2.4297, -0.1097 1.273 2.4307, -0.1105 1.2729 2.4309, -0.103 1.2736 2.4226, -0.1031 1.2736 2.4234, -0.1036 1.2735 2.4248, -0.1042 1.2735 2.4262, -0.1046 1.2734 2.4267
            ]
        }
        coordIndex [
            0,1,2,-1,2,1,3,-1,4,5,0,-1,0,5,1,-1,6,7,4,-1,4,7,5,-1,8,9,6,-1,6,9,7,-1,10,11,8,-1,8,11,9,-1,12,13,10,-1,10,13,11,-1,14,15,12,-1,12,15,13,-1,16,17,14,-1,14,17,15,-1,18,19,16,-1,16,19,17,-1,20,21,18,-1,18,21,19,-1,22,23,20,-1,20,23,21,-1,3,23,2,-1,2,23,22,-1,19,21,23,-1,23,3,19,-1,19,3,1,-1,19,1,17,-1,13,15,11,-1,11,15,17,-1,11,17,9,-1,9,17,1,-1,9,1,7,-1,7,1,5,-1,24,25,26,-1,26,25,27,-1,26,27,28,-1,28,27,29,-1,28,29,30,-1,30,29,31,-1,30,31,32,-1,32,31,33,-1,32,33,34,-1,34,33,35,-1,34,35,36,-1,36,35,37,-1,38,39,40,-1,40,41,38,-1,38,41,42,-1,38,42,43,-1,43,42,44,-1,43,44,45,-1,45,44,46,-1,46,44,47,-1,46,47,48,-1,49,50,51,-1,51,50,52,-1,51,52,53,-1,53,52,48,-1,53,48,54,-1,54,48,47,-1,51,55,49,-1,49,55,56,-1,49,56,57,-1,57,56,58,-1,57,58,59,-1,59,58,60,-1,59,60,61,-1,61,60,62,-1,61,62,63,-1,63,62,64,-1,63,64,65,-1,65,64,66,-1,65,66,67,-1,67,66,68,-1,67,68,24,-1,24,68,25,-1,40,39,69,-1,69,39,70,-1,69,70,71,-1,72,73,74,-1,74,73,75,-1,74,75,76,-1,76,75,77,-1,76,77,78,-1,78,77,79,-1,78,79,80,-1,80,79,81,-1,80,81,82,-1,82,81,83,-1,82,83,84,-1,84,83,85,-1,84,85,86,-1,86,85,87,-1,86,87,88,-1,88,87,89,-1,88,89,90,-1,90,89,91,-1,90,91,92,-1,92,91,93,-1,92,93,94,-1,94,93,95,-1,94,95,96,-1,96,95,97,-1,96,97,71,-1,71,97,69,-1,98,99,100,-1,100,99,101,-1,73,72,102,-1,102,72,103,-1,102,103,104,-1,104,103,105,-1,104,105,106,-1,106,105,107,-1,106,107,108,-1,108,107,109,-1,108,109,110,-1,110,109,111,-1,110,111,101,-1,101,111,112,-1,101,112,100,-1,113,114,115,-1,115,114,116,-1,115,116,117,-1,117,116,118,-1,117,118,119,-1,119,118,120,-1,119,120,121,-1,121,120,122,-1,121,122,123,-1,123,122,124,-1,123,124,98,-1,98,124,99,-1,125,126,127,-1,127,126,128,-1,127,128,129,-1,129,128,130,-1,129,130,131,-1,131,130,132,-1,131,132,133,-1,133,132,134,-1,133,134,135,-1,135,134,136,-1,135,136,137,-1,137,136,138,-1,137,138,139,-1,139,138,140,-1,139,140,141,-1,141,140,142,-1,141,142,143,-1,143,142,144,-1,143,144,113,-1,113,144,114,-1,145,146,125,-1,125,146,126,-1,147,148,145,-1,145,148,146,-1,149,150,147,-1,147,150,148,-1,151,152,149,-1,149,152,150,-1,153,154,155,-1,155,154,156,-1,155,156,157,-1,157,156,158,-1,157,158,159,-1,159,158,160,-1,159,160,161,-1,161,160,162,-1,161,162,163,-1,163,162,164,-1,163,164,165,-1,165,164,166,-1,165,166,167,-1,167,166,168,-1,167,168,169,-1,169,168,170,-1,169,170,171,-1,152,151,172,-1,172,151,173,-1,172,173,174,-1,174,173,175,-1,174,175,176,-1,176,175,177,-1,176,177,178,-1,178,177,179,-1,178,179,180,-1,180,179,181,-1,180,181,153,-1,153,181,182,-1,153,182,154,-1,183,184,185,-1,185,184,186,-1,185,186,187,-1,187,186,188,-1,187,188,189,-1,189,188,190,-1,189,190,191,-1,191,190,192,-1,191,192,170,-1,170,192,171,-1,37,184,36,-1,36,184,183,-1,184,37,186,-1,186,37,35,-1,186,35,188,-1,188,35,33,-1,188,33,190,-1,190,33,31,-1,190,31,192,-1,31,29,192,-1,192,29,27,-1,192,27,171,-1,171,27,25,-1,171,25,169,-1,169,25,68,-1,169,68,167,-1,167,68,66,-1,167,66,165,-1,165,66,64,-1,165,64,163,-1,64,62,163,-1,163,62,60,-1,163,60,161,-1,161,60,58,-1,161,58,159,-1,159,58,157,-1,157,58,56,-1,157,56,155,-1,155,56,55,-1,155,55,153,-1,55,51,153,-1,153,51,53,-1,153,53,180,-1,180,53,54,-1,180,54,178,-1,178,54,47,-1,178,47,176,-1,176,47,174,-1,174,47,44,-1,174,44,172,-1,172,44,42,-1,172,42,41,-1,193,194,40,-1,193,40,195,-1,194,196,40,-1,40,196,197,-1,40,197,198,-1,126,199,128,-1,128,199,200,-1,128,200,130,-1,130,200,201,-1,130,201,132,-1,132,201,202,-1,132,202,134,-1,203,136,204,-1,204,136,134,-1,204,134,205,-1,205,134,202,-1,206,122,207,-1,207,122,120,-1,207,120,208,-1,208,120,118,-1,208,118,209,-1,209,118,116,-1,209,116,210,-1,210,116,114,-1,210,114,211,-1,211,114,144,-1,211,144,212,-1,212,144,142,-1,212,142,213,-1,213,142,140,-1,213,140,203,-1,203,140,138,-1,203,138,136,-1,214,110,215,-1,215,110,101,-1,215,101,216,-1,216,101,99,-1,216,99,206,-1,206,99,124,-1,206,124,122,-1,217,79,218,-1,218,79,77,-1,218,77,219,-1,219,77,75,-1,219,75,220,-1,220,75,73,-1,220,73,221,-1,221,73,102,-1,221,102,222,-1,222,102,104,-1,222,104,223,-1,223,104,106,-1,223,106,214,-1,214,106,108,-1,214,108,110,-1,224,87,225,-1,225,87,85,-1,225,85,226,-1,226,85,83,-1,226,83,217,-1,217,83,81,-1,217,81,79,-1,227,91,224,-1,224,91,89,-1,224,89,87,-1,195,40,227,-1,227,40,69,-1,227,69,97,-1,97,95,227,-1,227,95,93,-1,227,93,91,-1,41,40,172,-1,172,40,198,-1,172,198,152,-1,152,198,228,-1,152,228,229,-1,230,231,146,-1,146,231,232,-1,146,232,126,-1,126,232,233,-1,126,233,199,-1,148,150,146,-1,146,150,152,-1,146,152,230,-1,230,152,229,-1,206,234,216,-1,216,234,235,-1,216,235,215,-1,215,235,236,-1,215,236,214,-1,214,236,237,-1,214,237,223,-1,223,237,238,-1,223,238,222,-1,222,238,239,-1,222,239,221,-1,221,239,240,-1,221,240,220,-1,220,240,241,-1,212,242,211,-1,211,242,243,-1,211,243,210,-1,210,243,244,-1,210,244,209,-1,209,244,245,-1,209,245,208,-1,208,245,246,-1,208,246,207,-1,207,246,247,-1,207,247,206,-1,206,247,234,-1,200,199,248,-1,248,249,200,-1,200,249,250,-1,200,250,201,-1,201,250,251,-1,242,212,252,-1,252,212,213,-1,252,213,253,-1,253,213,203,-1,253,203,254,-1,254,203,204,-1,254,204,255,-1,255,204,205,-1,255,205,251,-1,251,205,202,-1,251,202,201,-1,228,256,229,-1,229,256,257,-1,229,257,230,-1,230,257,258,-1,230,258,231,-1,231,258,259,-1,231,259,232,-1,232,259,260,-1,232,260,233,-1,233,260,261,-1,233,261,199,-1,199,261,248,-1,198,262,228,-1,228,262,256,-1,262,198,263,-1,263,198,197,-1,263,197,196,-1,224,264,227,-1,227,264,265,-1,227,265,195,-1,195,265,266,-1,195,266,193,-1,193,266,267,-1,193,267,194,-1,194,267,268,-1,194,268,196,-1,196,268,263,-1,220,241,219,-1,219,241,269,-1,219,269,218,-1,218,269,270,-1,218,270,217,-1,217,270,271,-1,217,271,226,-1,226,271,272,-1,226,272,225,-1,225,272,273,-1,225,273,224,-1,224,273,264,-1,
        ]
    }
}
Shape{
    appearance Appearance {
        material  Material {
            diffuseColor 1.0 1.0 1.0
            specularColor 0.5019607843137255 0.5019607843137255 0.5019607843137255
            ambientIntensity 1.0
            transparency 0.0
            shininess 0.5
        }
    }
    geometry IndexedFaceSet {
        ccw TRUE
        solid FALSE
        coord DEF co Coordinate {
            point [
                -0.1046 1.2734 2.4267, -0.1042 1.2735 2.4262, -0.1036 1.2735 2.4248, -0.1057 1.2734 2.4284, -0.1065 1.2733 2.429, -0.1078 1.2732 2.4297, -0.1031 1.2736 2.4234, -0.103 1.2736 2.4226, -0.1105 1.2729 2.4309, -0.1097 1.273 2.4307, -0.103 1.2736 2.4177, -0.1026 1.2736 2.42, -0.117 1.2724 2.4325, -0.1031 1.2736 2.417, -0.1036 1.2735 2.4158, -0.1058 1.2733 2.4124, -0.106 1.2733 2.4122, -0.1081 1.2732 2.411, -0.1041 1.2735 2.4146, -0.1046 1.2734 2.414, -0.109 1.2731 2.4104, -0.1104 1.273 2.41, -0.1124 1.2728 2.4094, -0.113 1.2727 2.4094, -0.1149 1.2726 2.4092, -0.1188 1.2722 2.4097, -0.1201 1.2721 2.4099, -0.1213 1.272 2.4104, -0.123 1.2718 2.4111, -0.1235 1.2718 2.4114, -0.1262 1.2715 2.4134, -0.1268 1.2714 2.4139, -0.1276 1.2714 2.4146, -0.1296 1.2712 2.4176, -0.1302 1.2711 2.4186, -0.1311 1.271 2.421, -0.1319 1.2709 2.4233, -0.1321 1.2709 2.4247, -0.1325 1.2708 2.4282, -0.1325 1.2708 2.4346
            ]
        }
        coordIndex [
            0,1,2,-1,3,0,4,-1,4,0,5,-1,0,2,5,-1,5,2,6,-1,5,6,7,-1,8,9,10,-1,10,9,5,-1,10,5,11,-1,11,5,7,-1,8,10,12,-1,12,10,13,-1,12,13,14,-1,15,16,17,-1,14,18,12,-1,12,18,19,-1,12,19,15,-1,15,17,12,-1,12,17,20,-1,12,20,21,-1,21,22,12,-1,12,22,23,-1,12,23,24,-1,24,25,12,-1,12,25,26,-1,12,26,27,-1,27,28,12,-1,12,28,29,-1,12,29,30,-1,30,31,12,-1,12,31,32,-1,12,32,33,-1,33,34,12,-1,12,34,35,-1,12,35,36,-1,36,37,12,-1,12,37,38,-1,12,38,39,-1,
        ]
    }
}
Shape{
    appearance Appearance {
        material  Material {
            diffuseColor 0.0 0.0 0.0
            specularColor 0.0 0.0 0.0
            ambientIntensity 0.0
            transparency 0.0
            shininess 0.5
        }
    }
    geometry IndexedFaceSet {
        ccw TRUE
        solid FALSE
        coord DEF co Coordinate {
            point [
                -0.1779 1.2653 2.3996, -0.1784 1.2692 2.3996, -0.1732 1.2659 2.4001, -0.1737 1.2698 2.4001, -0.1683 1.2666 2.4006, -0.1695 1.2704 2.4005, -0.1659 1.2669 2.4014, -0.1665 1.2708 2.4015, -0.1599 1.2677 2.4035, -0.1604 1.2716 2.4035, -0.1971 1.2625 2.4049, -0.1977 1.2663 2.4049, -0.1957 1.2627 2.404, -0.1963 1.2666 2.404, -0.1951 1.2628 2.4037, -0.1959 1.2666 2.4038, -0.191 1.2634 2.402, -0.1916 1.2673 2.402, -0.1885 1.2638 2.401, -0.1894 1.2676 2.4011, -0.1851 1.2643 2.4006, -0.1857 1.2682 2.4006, -0.2045 1.2613 2.4193, -0.2051 1.2652 2.4193, -0.2044 1.2613 2.4185, -0.205 1.2652 2.4185, -0.204 1.2614 2.4148, -0.2045 1.2653 2.4146, -0.2039 1.2614 2.4145, -0.2045 1.2653 2.4145, -0.203 1.2615 2.412, -0.2036 1.2654 2.412, -0.2028 1.2616 2.4113, -0.2033 1.2655 2.4111, -0.2019 1.2617 2.4099, -0.2025 1.2656 2.4099, -0.2009 1.2619 2.4085, -0.2016 1.2657 2.4086, -0.2002 1.262 2.4077, -0.2007 1.2659 2.4078, -0.2006 1.2619 2.4303, -0.2013 1.2658 2.4303, -0.2016 1.2617 2.4288, -0.2023 1.2656 2.4288, -0.2023 1.2616 2.4278, -0.2029 1.2655 2.4279, -0.2031 1.2615 2.4259, -0.2037 1.2654 2.4259, -0.2039 1.2614 2.4239, -0.2045 1.2653 2.4239, -0.204 1.2614 2.4229, -0.2046 1.2652 2.4229, -0.1983 1.2662 2.4327, -0.1977 1.2624 2.4327, -0.1973 1.2664 2.4336, -0.1967 1.2625 2.4336, -0.192 1.2672 2.4361, -0.1915 1.2633 2.4363, -0.1863 1.2681 2.439, -0.1886 1.2638 2.4378, -0.1857 1.2642 2.439, -0.1795 1.269 2.4423, -0.1789 1.2652 2.442, -0.1762 1.2695 2.4439, -0.1745 1.2658 2.4447, -0.175 1.2697 2.4447, -0.1719 1.2661 2.4509, -0.1725 1.27 2.4509, -0.1723 1.2661 2.4489, -0.1728 1.27 2.4489, -0.1724 1.2661 2.4483, -0.1729 1.27 2.4483, -0.1728 1.266 2.4473, -0.1734 1.2699 2.4473, -0.1732 1.2659 2.4464, -0.1738 1.2698 2.4464, -0.1735 1.2659 2.446, -0.1741 1.2698 2.446, -0.175 1.2697 2.4565, -0.1744 1.2658 2.4565, -0.1751 1.2697 2.4566, -0.1755 1.2656 2.4574, -0.176 1.2695 2.4574, -0.1728 1.27 2.4525, -0.1722 1.2661 2.4525, -0.1729 1.27 2.4532, -0.1723 1.2661 2.453, -0.1733 1.2699 2.4539, -0.1727 1.266 2.4539, -0.1738 1.2698 2.455, -0.1731 1.266 2.4548, -0.174 1.2698 2.4553, -0.1735 1.2659 2.4553, -0.1744 1.2658 2.4564, -0.1846 1.2643 2.4599, -0.1852 1.2682 2.4599, -0.1831 1.2646 2.4598, -0.1842 1.2684 2.4599, -0.181 1.2649 2.4594, -0.1815 1.2688 2.4594, -0.179 1.2651 2.459, -0.1795 1.269 2.459, -0.1781 1.2653 2.4586, -0.1787 1.2692 2.4586, -0.2014 1.2618 2.4551, -0.202 1.2657 2.4551, -0.2002 1.262 2.4557, -0.2011 1.2658 2.4556, -0.1963 1.2626 2.4574, -0.1969 1.2665 2.4574, -0.1932 1.2631 2.4587, -0.1938 1.2669 2.4586, -0.1908 1.2634 2.459, -0.1914 1.2673 2.459, -0.2014 1.2618 2.4664, -0.202 1.2657 2.4664, -0.1938 1.263 2.4686, -0.1857 1.2642 2.4694, -0.1863 1.2681 2.4694, -0.1943 1.2669 2.4683, -0.1916 1.2673 2.469, -0.1674 1.2667 2.4641, -0.1679 1.2706 2.4641, -0.1686 1.2666 2.4648, -0.1691 1.2705 2.4648, -0.1694 1.2665 2.4653, -0.1694 1.2704 2.465, -0.1734 1.2659 2.4669, -0.1739 1.2698 2.4669, -0.176 1.2656 2.468, -0.1766 1.2695 2.468, -0.179 1.2651 2.4684, -0.1795 1.269 2.4684, -0.16 1.2677 2.4503, -0.16 1.2677 2.4499, -0.1605 1.2716 2.4499, -0.1611 1.2715 2.4542, -0.1604 1.2676 2.4539, -0.1609 1.2715 2.4534, -0.1605 1.2716 2.4503, -0.1648 1.271 2.4611, -0.1643 1.2671 2.4611, -0.1639 1.2712 2.4602, -0.1635 1.2672 2.4604, -0.1631 1.2713 2.4589, -0.1626 1.2674 2.4589, -0.162 1.2714 2.4572, -0.1616 1.2675 2.4575, -0.1619 1.2714 2.4568, -0.1614 1.2675 2.4568, -0.1605 1.2676 2.4542, -0.1633 1.2673 2.4393, -0.1638 1.2712 2.4393, -0.1629 1.2673 2.4399, -0.1634 1.2712 2.4399, -0.1626 1.2674 2.4403, -0.163 1.2713 2.4406, -0.1616 1.2675 2.4427, -0.1621 1.2714 2.4427, -0.1609 1.2676 2.4442, -0.1613 1.2715 2.4447, -0.1606 1.2676 2.4459, -0.1611 1.2715 2.4459, -0.1776 1.2654 2.4305, -0.1781 1.2692 2.4305, -0.1736 1.2659 2.4322, -0.1752 1.2697 2.4317, -0.1701 1.2664 2.4343, -0.1706 1.2703 2.4344, -0.1662 1.2669 2.4366, -0.1667 1.2708 2.4366, -0.1654 1.267 2.4373, -0.1659 1.2709 2.4373, -0.1853 1.2682 2.4271, -0.1848 1.2643 2.4273, -0.1891 1.2677 2.4253, -0.1897 1.2636 2.4245, -0.1903 1.2675 2.4245, -0.1925 1.2632 2.4191, -0.1926 1.2631 2.4182, -0.1932 1.267 2.4182, -0.1931 1.2671 2.4191, -0.1931 1.2671 2.4193, -0.1922 1.2632 2.4209, -0.1927 1.2671 2.4209, -0.1921 1.2632 2.4212, -0.1926 1.2671 2.4214, -0.1918 1.2633 2.4219, -0.1923 1.2672 2.4219, -0.1916 1.2633 2.4223, -0.1919 1.2672 2.4227, -0.1912 1.2634 2.4228, -0.1918 1.2673 2.4228, -0.179 1.2651 2.4091, -0.1795 1.269 2.4091, -0.1806 1.2649 2.4092, -0.1812 1.2688 2.4092, -0.182 1.2647 2.4093, -0.1834 1.2685 2.4094, -0.1854 1.2642 2.4099, -0.186 1.2681 2.4099, -0.1867 1.264 2.4102, -0.1876 1.2679 2.4103, -0.1877 1.2639 2.4106, -0.1883 1.2678 2.4106, -0.1887 1.2637 2.4111, -0.1896 1.2676 2.4113, -0.189 1.2637 2.4113, -0.1896 1.2676 2.4113, -0.1902 1.2635 2.4122, -0.1908 1.2674 2.4122, -0.1902 1.2635 2.4122, -0.1909 1.2674 2.4123, -0.1911 1.2634 2.4133, -0.1917 1.2673 2.4133, -0.1913 1.2633 2.4136, -0.192 1.2672 2.4138, -0.1917 1.2633 2.4146, -0.1924 1.2672 2.4146, -0.1922 1.2632 2.4156, -0.1928 1.2671 2.4156, -0.1923 1.2632 2.4161, -0.1929 1.2671 2.4161, -0.1599 1.2677 2.4156, -0.1604 1.2716 2.4156, -0.161 1.2676 2.4149, -0.1615 1.2715 2.4149, -0.163 1.2673 2.4137, -0.1633 1.2712 2.4138, -0.1671 1.2668 2.4119, -0.1676 1.2707 2.4119, -0.1708 1.2663 2.4104, -0.1713 1.2702 2.4104, -0.173 1.266 2.41, -0.1735 1.2699 2.41, -0.2444 1.2582 2.4176, -0.2437 1.2543 2.4176, -0.2429 1.2585 2.4122, -0.242 1.2546 2.4122, -0.2406 1.2549 2.4177, -0.2413 1.2588 2.4177, -0.2234 1.2581 2.4679, -0.2241 1.2619 2.4679, -0.232 1.2565 2.4428, -0.2105 1.2603 2.4679, -0.2112 1.2642 2.4679, -0.2363 1.2557 2.4013, -0.237 1.2596 2.4013, -0.2234 1.2581 2.4346, -0.2312 1.2567 2.3892, -0.232 1.2605 2.3892, -0.2194 1.2588 2.3798, -0.2201 1.2626 2.3798, -0.2208 1.2585 2.3799, -0.2215 1.2624 2.3799, -0.2223 1.2583 2.3801, -0.2227 1.2622 2.3801, -0.2229 1.2582 2.3804, -0.2254 1.2617 2.3811, -0.2247 1.2578 2.381, -0.2252 1.2617 2.381, -0.2236 1.262 2.3804, -0.2298 1.2609 2.3855, -0.2292 1.257 2.3854, -0.2292 1.261 2.3843, -0.2288 1.2571 2.3847, -0.2284 1.2612 2.3835, -0.2277 1.2573 2.3835, -0.2273 1.2614 2.3823, -0.2267 1.2575 2.3824, -0.2269 1.2615 2.382, -0.2262 1.2576 2.382, -0.2247 1.2578 2.381, -0.2129 1.2599 2.3811, -0.2136 1.2638 2.3811, -0.2148 1.2596 2.3805, -0.2154 1.2635 2.3805, -0.2163 1.2593 2.3803, -0.217 1.2632 2.3803, -0.2129 1.2599 2.3707, -0.2136 1.2638 2.3707, -0.2203 1.2586 2.3697, -0.221 1.2625 2.3697, -0.2164 1.2593 2.37, -0.2438 1.2543 2.3911, -0.2445 1.2582 2.3911, -0.2424 1.2546 2.3879, -0.2418 1.2587 2.3856, -0.2411 1.2548 2.3856, -0.2372 1.2556 2.3789, -0.2396 1.2591 2.3812, -0.2378 1.2594 2.379, -0.2251 1.2618 2.3704, -0.2244 1.2579 2.3704, -0.2267 1.2615 2.3706, -0.226 1.2576 2.3706, -0.2285 1.2612 2.3715, -0.2278 1.2573 2.3715, -0.2311 1.2607 2.3726, -0.2304 1.2568 2.3726, -0.2319 1.2605 2.3732, -0.2312 1.2567 2.3732, -0.2351 1.2599 2.3757, -0.2344 1.2561 2.3757, -0.2352 1.2599 2.3757, -0.2345 1.2561 2.3758, -0.237 1.2556 2.3786, -0.2586 1.2513 2.4295, -0.2742 1.252 2.4679, -0.2603 1.251 2.434, -0.2734 1.2482 2.4679, -0.2615 1.2507 2.4679, -0.2623 1.2546 2.4679, -0.2526 1.2525 2.4427, -0.2603 1.251 2.4644, -0.2974 1.2427 2.4432, -0.2984 1.2465 2.4432, -0.2974 1.2427 2.4118, -0.2984 1.2465 2.4118, -0.3298 1.2345 2.4432, -0.3309 1.2383 2.4432, -0.3298 1.2345 2.4539, -0.3309 1.2383 2.4539, -0.2974 1.2427 2.4539, -0.2984 1.2465 2.4539, -0.2974 1.2427 2.4838, -0.2984 1.2465 2.4838, -0.3324 1.2338 2.4838, -0.3334 1.2376 2.4838, -0.3324 1.2338 2.4946, -0.3334 1.2376 2.4946, -0.2857 1.2454 2.4946, -0.2866 1.2493 2.4946, -0.2857 1.2454 2.4012, -0.2866 1.2493 2.4012, -0.3344 1.2332 2.4012, -0.3355 1.237 2.4012, -0.3344 1.2332 2.4118, -0.3355 1.237 2.4118, -0.3782 1.2247 2.4946, -0.377 1.2209 2.4946, -0.3525 1.2323 2.4946, -0.3514 1.2285 2.4946, -0.3862 1.218 2.4935, -0.3874 1.2218 2.4935, -0.3895 1.217 2.4931, -0.3906 1.2208 2.4931, -0.3951 1.2152 2.4911, -0.3963 1.2189 2.4911, -0.4008 1.2133 2.489, -0.402 1.2171 2.489, -0.4032 1.2125 2.4873, -0.4044 1.2163 2.4873, -0.4106 1.2101 2.4822, -0.4119 1.2138 2.4822, -0.4138 1.209 2.4787, -0.4151 1.2127 2.4787, -0.4141 1.2089 2.4784, -0.4155 1.2126 2.4783, -0.4178 1.2076 2.4728, -0.4191 1.2113 2.4728, -0.4195 1.207 2.4703, -0.4207 1.2107 2.4702, -0.4207 1.2066 2.467, -0.4219 1.2103 2.4669, -0.4225 1.206 2.4618, -0.4237 1.2097 2.4618, -0.4227 1.2059 2.4603, -0.4239 1.2096 2.4603, -0.4239 1.2055 2.4491, -0.4252 1.2092 2.4491, -0.4233 1.2098 2.4348, -0.4236 1.2056 2.4428, -0.4249 1.2093 2.4445, -0.4237 1.2056 2.4444, -0.4251 1.2092 2.4452, -0.4119 1.2138 2.4142, -0.4106 1.2101 2.4142, -0.4175 1.2119 2.4215, -0.4162 1.2082 2.4215, -0.419 1.2113 2.4236, -0.4178 1.2076 2.4237, -0.4209 1.2107 2.4278, -0.4196 1.207 2.4277, -0.4229 1.21 2.4325, -0.4216 1.2063 2.4325, -0.4221 1.2061 2.4348, -0.4097 1.2104 2.4136, -0.411 1.2141 2.4136, -0.4026 1.2127 2.4083, -0.4038 1.2165 2.4082, -0.4004 1.2135 2.4067, -0.4024 1.217 2.4072, -0.3957 1.215 2.4049, -0.3969 1.2187 2.405, -0.3906 1.2167 2.4029, -0.392 1.2203 2.403, -0.3878 1.2175 2.4026, -0.389 1.2213 2.4026, -0.3761 1.2212 2.4012, -0.3772 1.225 2.4012, -0.3525 1.2323 2.4012, -0.3514 1.2285 2.4012, -0.4027 1.2169 2.4206, -0.3976 1.2185 2.417, -0.3961 1.219 2.416, -0.3926 1.2201 2.4146, -0.3889 1.2213 2.4132, -0.387 1.2219 2.4129, -0.3772 1.225 2.4118, -0.3641 1.2289 2.4118, -0.3641 1.2289 2.4838, -0.3777 1.2248 2.4838, -0.3856 1.2224 2.4829, -0.3878 1.2217 2.4827, -0.3925 1.2202 2.4811, -0.3963 1.219 2.4798, -0.3984 1.2183 2.4784, -0.4035 1.2166 2.475, -0.4056 1.2159 2.4727, -0.4062 1.2157 2.472, -0.4085 1.2149 2.4684, -0.4098 1.2145 2.4663, -0.4106 1.2142 2.4639, -0.412 1.2137 2.4598, -0.4121 1.2137 2.459, -0.4132 1.2133 2.4487, -0.4132 1.2133 2.4469, -0.4129 1.2134 2.4449, -0.4118 1.2138 2.4368, -0.4117 1.2138 2.436, -0.4099 1.2144 2.4314, -0.4088 1.2148 2.4285, -0.4074 1.2153 2.4266, -0.4037 1.2165 2.4215, -0.4027 1.2168 2.4206, -0.376 1.2212 2.4118, -0.363 1.2251 2.4118, -0.4025 1.2128 2.4215, -0.4013 1.2132 2.4207, -0.3858 1.2182 2.413, -0.3879 1.2175 2.4132, -0.3914 1.2164 2.4146, -0.3955 1.2151 2.4163, -0.3964 1.2148 2.417, -0.4119 1.2096 2.4487, -0.4119 1.2096 2.4463, -0.4117 1.2097 2.4449, -0.4105 1.2101 2.4368, -0.4103 1.2102 2.4354, -0.4087 1.2107 2.4314, -0.4075 1.2111 2.4285, -0.4062 1.2115 2.4267, -0.4022 1.2129 2.475, -0.4044 1.2122 2.4727, -0.4047 1.212 2.4723, -0.4073 1.2112 2.4684, -0.4085 1.2108 2.4664, -0.4094 1.2105 2.4639, -0.4107 1.21 2.4602, -0.4108 1.21 2.459, -0.3765 1.2211 2.4838, -0.3844 1.2186 2.4829, -0.3866 1.2179 2.4827, -0.3913 1.2164 2.4811, -0.3951 1.2152 2.4798, -0.3972 1.2145 2.4784, -0.363 1.2251 2.4838
            ]
        }
        coordIndex [
            0,1,2,-1,2,1,3,-1,2,3,4,-1,4,3,5,-1,4,5,6,-1,6,5,7,-1,6,7,8,-1,8,7,9,-1,10,11,12,-1,12,11,13,-1,12,13,14,-1,14,13,15,-1,14,15,16,-1,16,15,17,-1,16,17,18,-1,18,17,19,-1,18,19,20,-1,20,19,21,-1,20,21,0,-1,0,21,1,-1,22,23,24,-1,24,23,25,-1,24,25,26,-1,26,25,27,-1,26,27,28,-1,28,27,29,-1,28,29,30,-1,30,29,31,-1,30,31,32,-1,32,31,33,-1,32,33,34,-1,34,33,35,-1,34,35,36,-1,36,35,37,-1,36,37,38,-1,38,37,39,-1,38,39,10,-1,10,39,11,-1,40,41,42,-1,42,41,43,-1,42,43,44,-1,44,43,45,-1,44,45,46,-1,46,45,47,-1,46,47,48,-1,48,47,49,-1,48,49,50,-1,50,49,51,-1,50,51,22,-1,22,51,23,-1,41,40,52,-1,52,40,53,-1,52,53,54,-1,54,53,55,-1,54,55,56,-1,56,55,57,-1,56,57,58,-1,58,57,59,-1,58,59,60,-1,58,60,61,-1,61,60,62,-1,61,62,63,-1,63,62,64,-1,63,64,65,-1,66,67,68,-1,68,67,69,-1,68,69,70,-1,70,69,71,-1,70,71,72,-1,72,71,73,-1,72,73,74,-1,74,73,75,-1,74,75,76,-1,76,75,77,-1,76,77,64,-1,64,77,65,-1,78,79,80,-1,80,79,81,-1,80,81,82,-1,67,66,83,-1,83,66,84,-1,83,84,85,-1,85,84,86,-1,85,86,87,-1,87,86,88,-1,87,88,89,-1,89,88,90,-1,89,90,91,-1,91,90,92,-1,91,92,78,-1,78,92,93,-1,78,93,79,-1,94,95,96,-1,96,95,97,-1,96,97,98,-1,98,97,99,-1,98,99,100,-1,100,99,101,-1,100,101,102,-1,102,101,103,-1,102,103,81,-1,81,103,82,-1,104,105,106,-1,106,105,107,-1,106,107,108,-1,108,107,109,-1,108,109,110,-1,110,109,111,-1,110,111,112,-1,112,111,113,-1,112,113,94,-1,94,113,95,-1,114,115,104,-1,104,115,105,-1,116,117,118,-1,115,114,119,-1,119,114,116,-1,119,116,120,-1,120,116,118,-1,121,122,123,-1,123,122,124,-1,123,124,125,-1,125,124,126,-1,125,126,127,-1,127,126,128,-1,127,128,129,-1,129,128,130,-1,129,130,131,-1,131,130,132,-1,131,132,117,-1,117,132,118,-1,133,134,135,-1,136,137,138,-1,138,137,133,-1,138,133,139,-1,139,133,135,-1,122,121,140,-1,140,121,141,-1,140,141,142,-1,142,141,143,-1,142,143,144,-1,144,143,145,-1,144,145,146,-1,146,145,147,-1,146,147,148,-1,148,147,149,-1,148,149,136,-1,136,149,150,-1,136,150,137,-1,151,152,153,-1,153,152,154,-1,153,154,155,-1,155,154,156,-1,155,156,157,-1,157,156,158,-1,157,158,159,-1,159,158,160,-1,159,160,161,-1,161,160,162,-1,161,162,134,-1,134,162,135,-1,163,164,165,-1,165,164,166,-1,165,166,167,-1,167,166,168,-1,167,168,169,-1,169,168,170,-1,169,170,171,-1,171,170,172,-1,171,172,151,-1,151,172,152,-1,164,163,173,-1,173,163,174,-1,173,174,175,-1,175,174,176,-1,175,176,177,-1,178,179,180,-1,180,181,178,-1,178,181,182,-1,178,182,183,-1,183,182,184,-1,183,184,185,-1,185,184,186,-1,185,186,187,-1,187,186,188,-1,187,188,189,-1,189,188,190,-1,189,190,191,-1,191,190,192,-1,191,192,176,-1,176,192,177,-1,193,194,195,-1,195,194,196,-1,195,196,197,-1,197,196,198,-1,197,198,199,-1,199,198,200,-1,199,200,201,-1,201,200,202,-1,201,202,203,-1,203,202,204,-1,203,204,205,-1,205,204,206,-1,205,206,207,-1,207,206,208,-1,207,208,209,-1,209,208,210,-1,209,210,211,-1,211,210,212,-1,211,212,213,-1,213,212,214,-1,213,214,215,-1,215,214,216,-1,215,216,217,-1,217,216,218,-1,217,218,219,-1,219,218,220,-1,219,220,221,-1,221,220,222,-1,221,222,179,-1,179,222,180,-1,223,224,225,-1,225,224,226,-1,225,226,227,-1,227,226,228,-1,227,228,229,-1,229,228,230,-1,229,230,231,-1,231,230,232,-1,231,232,233,-1,233,232,234,-1,233,234,193,-1,193,234,194,-1,9,224,8,-1,8,224,223,-1,226,224,9,-1,170,168,63,-1,63,168,166,-1,63,166,61,-1,61,166,164,-1,61,164,58,-1,58,164,173,-1,58,173,56,-1,56,173,175,-1,56,175,54,-1,54,175,177,-1,54,177,52,-1,52,177,192,-1,52,192,41,-1,41,192,190,-1,41,190,43,-1,43,190,188,-1,222,27,180,-1,180,27,25,-1,180,25,181,-1,181,25,23,-1,181,23,182,-1,182,23,51,-1,182,51,184,-1,184,51,49,-1,184,49,186,-1,186,49,47,-1,186,47,188,-1,188,47,45,-1,188,45,43,-1,218,33,220,-1,220,33,31,-1,220,31,222,-1,222,31,29,-1,222,29,27,-1,208,15,210,-1,210,15,13,-1,210,13,212,-1,212,13,11,-1,212,11,214,-1,214,11,39,-1,214,39,216,-1,216,39,37,-1,216,37,218,-1,218,37,35,-1,218,35,33,-1,208,206,15,-1,15,206,204,-1,15,204,17,-1,17,204,202,-1,17,202,19,-1,19,202,200,-1,19,200,21,-1,200,198,21,-1,21,198,196,-1,21,196,1,-1,1,196,194,-1,1,194,3,-1,3,194,234,-1,3,234,5,-1,5,234,232,-1,5,232,7,-1,7,232,230,-1,7,230,9,-1,9,230,228,-1,9,228,226,-1,154,152,75,-1,75,152,172,-1,75,172,77,-1,77,172,170,-1,77,170,65,-1,65,170,63,-1,154,75,156,-1,156,75,73,-1,156,73,158,-1,158,73,160,-1,160,73,71,-1,160,71,162,-1,162,71,69,-1,162,69,135,-1,135,69,67,-1,135,67,139,-1,139,67,138,-1,138,67,83,-1,138,83,136,-1,136,83,148,-1,148,83,85,-1,148,85,146,-1,146,85,87,-1,146,87,144,-1,144,87,142,-1,142,87,89,-1,142,89,140,-1,140,89,91,-1,140,91,122,-1,91,78,122,-1,122,78,80,-1,122,80,124,-1,124,80,82,-1,124,82,126,-1,126,82,128,-1,128,82,103,-1,128,103,130,-1,130,103,101,-1,130,101,132,-1,132,101,99,-1,132,99,118,-1,99,97,118,-1,118,97,95,-1,118,95,120,-1,120,95,113,-1,120,113,119,-1,113,111,119,-1,119,111,109,-1,119,109,115,-1,115,109,107,-1,115,107,105,-1,235,236,237,-1,237,236,238,-1,239,240,238,-1,238,240,237,-1,241,242,243,-1,243,242,240,-1,243,240,239,-1,244,245,241,-1,241,245,242,-1,246,247,248,-1,248,247,245,-1,248,245,244,-1,249,250,246,-1,246,250,247,-1,251,252,253,-1,253,252,254,-1,253,254,255,-1,255,254,256,-1,255,256,257,-1,258,259,260,-1,260,259,257,-1,260,257,261,-1,261,257,256,-1,250,249,262,-1,262,249,263,-1,262,263,264,-1,264,263,265,-1,264,265,266,-1,266,265,267,-1,266,267,268,-1,268,267,269,-1,268,269,270,-1,270,269,271,-1,270,271,258,-1,258,271,272,-1,258,272,259,-1,273,274,275,-1,275,274,276,-1,275,276,277,-1,277,276,278,-1,277,278,251,-1,251,278,252,-1,279,280,273,-1,273,280,274,-1,281,282,283,-1,283,282,280,-1,283,280,279,-1,284,285,286,-1,286,285,287,-1,286,287,288,-1,288,287,289,-1,289,287,290,-1,289,290,291,-1,282,281,292,-1,292,281,293,-1,292,293,294,-1,294,293,295,-1,294,295,296,-1,296,295,297,-1,296,297,298,-1,298,297,299,-1,298,299,300,-1,300,299,301,-1,300,301,302,-1,302,301,303,-1,302,303,304,-1,304,303,305,-1,304,305,291,-1,291,305,306,-1,291,306,289,-1,285,284,307,-1,285,307,308,-1,308,307,309,-1,308,309,310,-1,311,312,310,-1,310,312,308,-1,236,235,313,-1,313,235,312,-1,313,312,314,-1,314,312,311,-1,285,308,312,-1,312,235,285,-1,285,235,237,-1,285,237,287,-1,242,245,240,-1,240,245,247,-1,240,247,237,-1,237,247,287,-1,287,247,250,-1,287,250,290,-1,290,250,262,-1,290,262,291,-1,291,262,264,-1,291,264,304,-1,304,264,266,-1,304,266,302,-1,302,266,268,-1,302,268,300,-1,300,268,270,-1,300,270,298,-1,298,270,258,-1,298,258,296,-1,296,258,260,-1,296,260,294,-1,294,260,261,-1,294,261,292,-1,261,256,292,-1,292,256,254,-1,292,254,282,-1,254,252,282,-1,282,252,278,-1,282,278,280,-1,280,278,276,-1,280,276,274,-1,315,316,317,-1,317,316,318,-1,319,320,315,-1,315,320,316,-1,321,322,319,-1,319,322,320,-1,323,324,321,-1,321,324,322,-1,325,326,323,-1,323,326,324,-1,327,328,325,-1,325,328,326,-1,329,330,327,-1,327,330,328,-1,331,332,329,-1,329,332,330,-1,333,334,331,-1,331,334,332,-1,335,336,333,-1,333,336,334,-1,337,338,335,-1,335,338,336,-1,318,338,317,-1,317,338,337,-1,334,336,338,-1,338,318,334,-1,334,318,316,-1,334,316,332,-1,328,330,326,-1,326,330,332,-1,326,332,324,-1,324,332,316,-1,324,316,322,-1,322,316,320,-1,339,340,341,-1,341,340,342,-1,340,339,343,-1,343,339,344,-1,343,344,345,-1,345,344,346,-1,345,346,347,-1,347,346,348,-1,347,348,349,-1,349,348,350,-1,349,350,351,-1,351,350,352,-1,351,352,353,-1,353,352,354,-1,353,354,355,-1,355,354,356,-1,355,356,357,-1,357,356,358,-1,357,358,359,-1,359,358,360,-1,359,360,361,-1,361,360,362,-1,361,362,363,-1,363,362,364,-1,363,364,365,-1,365,364,366,-1,365,366,367,-1,367,366,368,-1,367,368,369,-1,369,368,370,-1,371,372,373,-1,373,372,374,-1,373,374,375,-1,375,374,369,-1,375,369,370,-1,376,377,378,-1,378,377,379,-1,378,379,380,-1,380,379,381,-1,380,381,382,-1,382,381,383,-1,382,383,384,-1,384,383,385,-1,384,385,371,-1,371,385,386,-1,371,386,372,-1,377,376,387,-1,387,376,388,-1,387,388,389,-1,389,388,390,-1,389,390,391,-1,391,390,392,-1,391,392,393,-1,393,392,394,-1,393,394,395,-1,395,394,396,-1,395,396,397,-1,397,396,398,-1,397,398,399,-1,399,398,400,-1,401,402,400,-1,400,402,399,-1,342,402,341,-1,341,402,401,-1,388,403,390,-1,390,403,404,-1,390,404,392,-1,392,404,405,-1,392,405,394,-1,394,405,406,-1,394,406,396,-1,396,406,407,-1,396,407,398,-1,398,407,408,-1,398,408,400,-1,400,408,409,-1,400,409,401,-1,401,409,410,-1,401,410,341,-1,341,410,411,-1,341,411,339,-1,339,411,412,-1,339,412,344,-1,344,412,413,-1,344,413,346,-1,346,413,414,-1,346,414,348,-1,348,414,415,-1,348,415,350,-1,350,415,416,-1,350,416,352,-1,352,416,417,-1,352,417,354,-1,417,418,354,-1,354,418,419,-1,354,419,356,-1,356,419,420,-1,356,420,358,-1,358,420,421,-1,358,421,360,-1,360,421,422,-1,360,422,362,-1,362,422,423,-1,362,423,364,-1,364,423,366,-1,366,423,424,-1,366,424,368,-1,368,424,425,-1,368,425,370,-1,370,425,426,-1,370,426,375,-1,375,426,427,-1,375,427,373,-1,373,427,428,-1,373,428,371,-1,371,428,429,-1,371,429,384,-1,384,429,430,-1,384,430,382,-1,382,430,431,-1,382,431,380,-1,380,431,432,-1,380,432,378,-1,378,432,433,-1,378,433,376,-1,376,433,434,-1,376,434,388,-1,388,434,435,-1,388,435,403,-1,409,436,410,-1,410,436,437,-1,434,438,435,-1,435,438,439,-1,436,409,440,-1,440,409,408,-1,440,408,441,-1,441,408,407,-1,441,407,442,-1,442,407,406,-1,442,406,443,-1,443,406,405,-1,443,405,444,-1,444,405,404,-1,444,404,439,-1,439,404,403,-1,439,403,435,-1,426,445,427,-1,427,445,446,-1,427,446,428,-1,428,446,447,-1,428,447,429,-1,429,447,448,-1,429,448,430,-1,430,448,449,-1,430,449,431,-1,431,449,450,-1,431,450,432,-1,432,450,451,-1,432,451,433,-1,433,451,452,-1,433,452,434,-1,434,452,438,-1,418,453,419,-1,419,453,454,-1,419,454,420,-1,420,454,455,-1,420,455,421,-1,421,455,456,-1,421,456,422,-1,422,456,457,-1,422,457,423,-1,423,457,458,-1,423,458,424,-1,424,458,459,-1,424,459,425,-1,425,459,460,-1,425,460,426,-1,426,460,445,-1,412,461,413,-1,413,461,462,-1,413,462,414,-1,414,462,463,-1,414,463,415,-1,415,463,464,-1,415,464,416,-1,416,464,465,-1,416,465,417,-1,417,465,466,-1,417,466,418,-1,418,466,453,-1,411,467,412,-1,412,467,461,-1,411,410,467,-1,467,410,437,-1,
        ]
    }
}
Shape{
    appearance Appearance {
        material  Material {
            diffuseColor 1.0 1.0 1.0
            specularColor 0.5019607843137255 0.5019607843137255 0.5019607843137255
            ambientIntensity 1.0
            transparency 0.0
            shininess 0.5
        }
    }
    geometry IndexedFaceSet {
        ccw TRUE
        solid FALSE
        coord DEF co Coordinate {
            point [
                -0.3914 1.2164 2.4146, -0.4073 1.2112 2.4684, -0.3879 1.2175 2.4132, -0.3858 1.2182 2.413, -0.4062 1.2115 2.4267, -0.4075 1.2111 2.4285, -0.4087 1.2107 2.4314, -0.4025 1.2128 2.4215, -0.4013 1.2132 2.4207, -0.3964 1.2148 2.417, -0.4103 1.2102 2.4354, -0.4105 1.2101 2.4368, -0.4117 1.2097 2.4449, -0.4119 1.2096 2.4463, -0.4119 1.2096 2.4487, -0.4108 1.21 2.459, -0.4107 1.21 2.4602, -0.4094 1.2105 2.4639, -0.3955 1.2151 2.4163, -0.4085 1.2108 2.4664, -0.4047 1.212 2.4723, -0.363 1.2251 2.4118, -0.376 1.2212 2.4118, -0.4044 1.2122 2.4727, -0.4022 1.2129 2.475, -0.3972 1.2145 2.4784, -0.3951 1.2152 2.4798, -0.3913 1.2164 2.4811, -0.3866 1.2179 2.4827, -0.3844 1.2186 2.4829, -0.3765 1.2211 2.4838, -0.363 1.2251 2.4838
            ]
        }
        coordIndex [
            0,1,2,-1,2,1,3,-1,4,5,6,-1,7,4,8,-1,8,4,9,-1,4,6,9,-1,9,6,10,-1,9,10,11,-1,11,12,9,-1,9,12,13,-1,9,13,14,-1,14,15,9,-1,9,15,16,-1,9,16,17,-1,0,18,1,-1,1,18,9,-1,1,9,19,-1,19,9,17,-1,20,21,1,-1,1,21,22,-1,1,22,3,-1,20,23,21,-1,21,23,24,-1,21,24,25,-1,25,26,21,-1,21,26,27,-1,21,27,28,-1,28,29,21,-1,21,29,30,-1,21,30,31,-1,
        ]
    }
}
Shape{
    appearance Appearance {
        material  Material {
            diffuseColor 0.0 0.0 0.0
            specularColor 0.0 0.0 0.0
            ambientIntensity 0.0
            transparency 0.0
            shininess 0.5
        }
    }
    geometry IndexedFaceSet {
        ccw TRUE
        solid FALSE
        coord DEF co Coordinate {
            point [
                -0.4288 1.2037 2.4012, -0.4301 1.2074 2.4012, -0.4455 1.1977 2.4479, -0.4636 1.195 2.4946, -0.4622 1.1914 2.4946, -0.4413 1.1992 2.4012, -0.4427 1.2029 2.4012, -0.4497 1.1961 2.4267, -0.4511 1.1998 2.4267, -0.4455 1.1977 2.4139, -0.4859 1.1819 2.4267, -0.4874 1.1855 2.4267, -0.4947 1.1782 2.4012, -0.4963 1.1818 2.4012, -0.4904 1.18 2.4139, -0.507 1.173 2.4012, -0.5086 1.1766 2.4012, -0.4742 1.1866 2.4946, -0.4756 1.1903 2.4946, -0.4906 1.1799 2.4479, -0.484 1.1869 2.4373, -0.4547 1.1984 2.4373, -0.4613 1.1959 2.4567, -0.4678 1.1934 2.4761, -0.4694 1.1927 2.4826, -0.4708 1.1922 2.4761, -0.4774 1.1896 2.4567, -0.4664 1.1897 2.4761, -0.468 1.1891 2.4826, -0.4694 1.1885 2.4761, -0.4825 1.1833 2.4373, -0.4533 1.1947 2.4373
            ]
        }
        coordIndex [
            0,1,2,-1,2,1,3,-1,2,3,4,-1,5,6,0,-1,0,6,1,-1,7,8,9,-1,9,8,6,-1,9,6,5,-1,10,11,7,-1,7,11,8,-1,12,13,14,-1,14,13,11,-1,14,11,10,-1,15,16,12,-1,12,16,13,-1,17,18,19,-1,19,18,16,-1,19,16,15,-1,3,18,4,-1,4,18,17,-1,1,6,8,-1,11,20,8,-1,8,20,21,-1,8,21,1,-1,1,21,22,-1,1,22,3,-1,22,23,3,-1,3,23,24,-1,3,24,18,-1,18,24,25,-1,25,26,18,-1,18,26,20,-1,18,20,16,-1,16,20,11,-1,16,11,13,-1,23,27,24,-1,24,27,28,-1,24,28,25,-1,25,28,29,-1,25,29,26,-1,26,29,30,-1,26,30,20,-1,31,21,30,-1,30,21,20,-1,21,31,22,-1,22,31,27,-1,22,27,23,-1,
        ]
    }
}
Shape{
    appearance Appearance {
        material  Material {
            diffuseColor 1.0 1.0 1.0
            specularColor 0.5019607843137255 0.5019607843137255 0.5019607843137255
            ambientIntensity 1.0
            transparency 0.0
            shininess 0.5
        }
    }
    geometry IndexedFaceSet {
        ccw TRUE
        solid FALSE
        coord DEF co Coordinate {
            point [
                -0.4533 1.1947 2.4373, -0.4825 1.1833 2.4373, -0.4664 1.1897 2.4761, -0.4694 1.1885 2.4761, -0.468 1.1891 2.4826
            ]
        }
        coordIndex [
            0,1,2,-1,2,1,3,-1,2,3,4,-1,
        ]
    }
}
Shape{
    appearance Appearance {
        material  Material {
            diffuseColor 0.0 0.0 0.0
            specularColor 0.0 0.0 0.0
            ambientIntensity 0.0
            transparency 0.0
            shininess 0.5
        }
    }
    geometry IndexedFaceSet {
        ccw TRUE
        solid FALSE
        coord DEF co Coordinate {
            point [
                0.2149 1.2595 2.6652, 0.2376 1.2555 2.6678, 0.2384 1.2593 2.6678, 0.2234 1.2621 2.6669, 0.2157 1.2634 2.6652, 0.208 1.2607 2.6644, 0.1973 1.2664 2.6612, 0.1914 1.2633 2.6584, 0.1918 1.2672 2.6588, 0.179 1.2651 2.654, 0.1803 1.2689 2.6536, 0.1723 1.27 2.65, 0.1703 1.2663 2.6481, 0.1704 1.2703 2.6487, 0.1484 1.2691 2.6333, 0.1488 1.273 2.6333, 0.3154 1.2382 2.6419, 0.3164 1.2421 2.6419, 0.3134 1.2428 2.6441, 0.308 1.2401 2.6465, 0.309 1.2439 2.6465, 0.2971 1.2428 2.6533, 0.2907 1.2483 2.6568, 0.2859 1.2453 2.6574, 0.287 1.2491 2.658, 0.2659 1.2498 2.6647, 0.2653 1.2539 2.665, 0.2622 1.2505 2.6651, 0.263 1.2544 2.6652, 0.2603 1.2509 2.6653, 0.3305 1.2384 2.6289, 0.3298 1.2345 2.6292, 0.3347 1.2373 2.625, 0.3437 1.2307 2.6127, 0.3447 1.2345 2.6127, 0.335 1.2372 2.6247, 0.3595 1.2303 2.614, 0.3522 1.2283 2.6137, 0.3584 1.2265 2.614, 0.431 1.203 2.5821, 0.4323 1.2067 2.5821, 0.4285 1.2038 2.5846, 0.4284 1.208 2.5858, 0.3803 1.224 2.6115, 0.3791 1.2202 2.6114, 0.3833 1.2231 2.6112, 0.3834 1.2189 2.6109, 0.3969 1.2187 2.6061, 0.3957 1.215 2.606, 0.4049 1.2161 2.6031, 0.4049 1.212 2.6024, 0.4131 1.2133 2.5974, 0.4118 1.2096 2.5974, 0.4241 1.2096 2.59, 0.4253 1.205 2.5878, 0.4272 1.2043 2.5859, 0.4603 1.1921 2.5064, 0.4617 1.1958 2.5064, 0.4601 1.1922 2.5117, 0.4614 1.1959 2.5116, 0.46 1.1922 2.5142, 0.4611 1.196 2.5175, 0.457 1.1933 2.531, 0.4585 1.197 2.531, 0.4555 1.1939 2.5396, 0.4565 1.1977 2.5409, 0.4515 1.1954 2.549, 0.4529 1.1991 2.549, 0.4463 1.1974 2.5614, 0.4469 1.2013 2.5626, 0.4436 1.1984 2.565, 0.4451 1.202 2.565, 0.4593 1.1966 2.4849, 0.4578 1.193 2.4849, 0.459 1.1968 2.4817, 0.4573 1.1932 2.4803, 0.4542 1.1986 2.4674, 0.4526 1.195 2.4675, 0.4514 1.1997 2.459, 0.448 1.1967 2.4549, 0.446 1.2017 2.45, 0.4448 1.1979 2.45, 0.4396 1.2041 2.4392, 0.4341 1.2018 2.434, 0.4355 1.2055 2.434, 0.3838 1.2188 2.4022, 0.385 1.2226 2.4022, 0.392 1.2162 2.4048, 0.3993 1.218 2.4073, 0.4019 1.2129 2.41, 0.4033 1.2166 2.4095, 0.4154 1.2084 2.4171, 0.4177 1.2118 2.4178, 0.4188 1.2072 2.4202, 0.4202 1.2109 2.4201, 0.4285 1.2038 2.4289, 0.3231 1.2363 2.357, 0.3241 1.2401 2.357, 0.3309 1.2342 2.358, 0.3285 1.2389 2.3572, 0.3319 1.238 2.3578, 0.3347 1.2372 2.3584, 0.3398 1.2318 2.3592, 0.3436 1.2348 2.3601, 0.3425 1.231 2.3603, 0.3442 1.2347 2.3602, 0.3535 1.2279 2.3649, 0.3545 1.2317 2.365, 0.3544 1.2277 2.3653, 0.3573 1.2309 2.3663, 0.3633 1.225 2.3719, 0.3644 1.2288 2.372, 0.3664 1.2242 2.3742, 0.3694 1.2274 2.376, 0.3714 1.2226 2.3803, 0.3727 1.2263 2.3802, 0.3767 1.221 2.3868, 0.3778 1.2248 2.3866, 0.3784 1.2205 2.3905, 0.3796 1.2243 2.3905, 0.2595 1.2511 2.4115, 0.2592 1.2512 2.415, 0.2598 1.2551 2.415, 0.2598 1.2551 2.4151, 0.2585 1.2513 2.4234, 0.2593 1.2552 2.4234, 0.2603 1.251 2.4089, 0.2626 1.2545 2.4034, 0.2619 1.2506 2.4035, 0.2641 1.2502 2.3963, 0.2635 1.2543 2.3997, 0.2663 1.2497 2.3925, 0.2672 1.2535 2.3925, 0.2716 1.2486 2.3834, 0.2702 1.2529 2.3866, 0.2732 1.2522 2.3831, 0.3107 1.2435 2.3589, 0.3097 1.2397 2.3589, 0.3065 1.2445 2.3595, 0.3056 1.2407 2.3595, 0.3002 1.2461 2.3621, 0.2993 1.2422 2.3621, 0.2931 1.2477 2.3651, 0.2923 1.2439 2.365, 0.2899 1.2485 2.3675, 0.289 1.2446 2.3675, 0.2805 1.2506 2.3744, 0.2798 1.2468 2.3743, 0.2804 1.2507 2.3745, 0.2796 1.2468 2.3745, 0.2721 1.2485 2.3829, 0.2585 1.2513 2.43, 0.2593 1.2552 2.43, 0.1673 1.2707 2.4792, 0.1769 1.2694 2.4741, 0.1668 1.2668 2.4792, 0.1803 1.2688 2.4723, 0.2128 1.2599 2.4546, 0.1872 1.264 2.5144, 0.1878 1.2679 2.5144, 0.177 1.2654 2.4968, 0.1803 1.2689 2.5015, 0.2747 1.2479 2.4679, 0.2756 1.2517 2.4679, 0.2603 1.2508 2.4756, 0.27 1.2529 2.4709, 0.2311 1.2567 2.4912, 0.3161 1.2421 2.4899, 0.3151 1.2383 2.4899, 0.3169 1.2419 2.4901, 0.3231 1.2363 2.4905, 0.3241 1.2401 2.4905, 0.2853 1.2495 2.4768, 0.2845 1.2457 2.4768, 0.2884 1.2489 2.4795, 0.2875 1.245 2.4795, 0.2944 1.2474 2.4827, 0.2935 1.2436 2.4827, 0.3016 1.2457 2.4865, 0.3001 1.2421 2.4862, 0.3048 1.2449 2.4872, 0.3039 1.2411 2.4872, 0.3149 1.2384 2.4899, 0.3831 1.219 2.4467, 0.3843 1.2228 2.4467, 0.3806 1.2198 2.4522, 0.3817 1.2236 2.4521, 0.3777 1.2207 2.4583, 0.3779 1.2248 2.46, 0.3744 1.2217 2.4627, 0.3756 1.2255 2.4628, 0.3678 1.2237 2.4714, 0.3679 1.2278 2.4724, 0.3666 1.2241 2.4723, 0.3679 1.2278 2.4724, 0.3568 1.227 2.4801, 0.3579 1.2307 2.48, 0.3548 1.2275 2.4817, 0.3553 1.2315 2.482, 0.3464 1.2299 2.4853, 0.3475 1.2337 2.4854, 0.3399 1.2318 2.4881, 0.341 1.2355 2.4881, 0.3359 1.2328 2.4887, 0.3347 1.2372 2.489, 0.3369 1.2366 2.4887, 0.4196 1.207 2.4946, 0.421 1.2065 2.5078, 0.4223 1.2102 2.5078, 0.4174 1.2119 2.4825, 0.4158 1.2083 2.4826, 0.4178 1.2118 2.4832, 0.4196 1.207 2.4944, 0.4207 1.2108 2.4945, 0.4215 1.2105 2.4979, 0.3954 1.2192 2.454, 0.3942 1.2155 2.454, 0.3993 1.218 2.4566, 0.3977 1.2144 2.4563, 0.4048 1.2161 2.4628, 0.4035 1.2124 2.4629, 0.4101 1.2144 2.4687, 0.4091 1.2106 2.4691, 0.4116 1.2139 2.4716, 0.4105 1.2101 2.4715, 0.4146 1.2087 2.4789, 0.3577 1.2267 2.5742, 0.3588 1.2305 2.5742, 0.3655 1.2244 2.5734, 0.3667 1.2282 2.5736, 0.3693 1.2233 2.5731, 0.3766 1.221 2.5707, 0.3779 1.2248 2.5708, 0.3838 1.2188 2.5684, 0.3815 1.2237 2.5699, 0.3871 1.2178 2.5663, 0.3883 1.2215 2.5662, 0.396 1.2149 2.5607, 0.3941 1.2197 2.5631, 0.3973 1.2186 2.5601, 0.4205 1.2108 2.5216, 0.4192 1.2071 2.5216, 0.4199 1.211 2.5258, 0.4186 1.2073 2.5259, 0.4174 1.2119 2.5324, 0.4161 1.2082 2.5324, 0.4147 1.2128 2.5395, 0.4134 1.2091 2.5396, 0.4124 1.2136 2.5429, 0.4111 1.2099 2.5429, 0.4058 1.2158 2.5524, 0.4045 1.2121 2.5524, 0.4057 1.2159 2.5525, 0.4044 1.2121 2.5526, 0.3963 1.2148 2.5604, 0.3238 1.2361 2.5642, 0.3248 1.2399 2.5642, 0.3257 1.2356 2.5653, 0.3263 1.2395 2.5651, 0.3333 1.2335 2.5685, 0.3343 1.2373 2.5685, 0.3347 1.2372 2.5686, 0.3412 1.2314 2.5718, 0.3422 1.2352 2.5718, 0.3452 1.2303 2.5724, 0.3463 1.234 2.5724, 0.2486 1.2533 2.6265, 0.237 1.2556 2.628, 0.2377 1.2595 2.628, 0.2445 1.2582 2.6277, 0.2494 1.2572 2.6267, 0.2603 1.251 2.625, 0.2659 1.2538 2.6236, 0.3167 1.242 2.5815, 0.3156 1.2382 2.5814, 0.3149 1.2424 2.5853, 0.3133 1.2388 2.5863, 0.3075 1.2443 2.5946, 0.3065 1.2405 2.5946, 0.3024 1.2455 2.6011, 0.2998 1.2421 2.6028, 0.2956 1.2471 2.6065, 0.2947 1.2433 2.6065, 0.2849 1.2496 2.6149, 0.2814 1.2464 2.6165, 0.2814 1.2504 2.6165, 0.2807 1.2466 2.6168, 0.2664 1.2537 2.6235, 0.2649 1.25 2.6232, 0.2604 1.2509 2.625, 0.1451 1.2695 2.545, 0.1455 1.2734 2.545, 0.1489 1.269 2.5618, 0.1495 1.2729 2.5618, 0.1497 1.2689 2.5654, 0.1508 1.2728 2.5672, 0.1555 1.2682 2.5771, 0.1559 1.2721 2.5771, 0.16 1.2677 2.5862, 0.161 1.2715 2.587, 0.1637 1.2672 2.5904, 0.1641 1.2711 2.5905, 0.1756 1.2656 2.6041, 0.1761 1.2695 2.6041, 0.1803 1.2689 2.6071, 0.1888 1.2637 2.6135, 0.1893 1.2676 2.6135, 0.1938 1.263 2.6171, 0.1942 1.2669 2.617, 0.2034 1.2614 2.621, 0.2041 1.2653 2.6209, 0.2129 1.2599 2.6248, 0.2148 1.2636 2.6251, 0.2182 1.2589 2.6255, 0.2189 1.2628 2.6256, 0.1398 1.2701 2.545, 0.1402 1.274 2.545, 0.0912 1.2745 2.5095, 0.0892 1.2746 2.5031, 0.0891 1.2786 2.5004, 0.0889 1.2746 2.5004, 0.0889 1.2786 2.4995, 0.0882 1.2747 2.4931, 0.0885 1.2786 2.4931, 0.0913 1.2784 2.5095, 0.0918 1.2784 2.5117, 0.0929 1.2744 2.5149, 0.0951 1.2781 2.518, 0.0948 1.2742 2.518, 0.099 1.2739 2.5249, 0.0972 1.278 2.5219, 0.1 1.2778 2.5253, 0.1294 1.2751 2.5434, 0.129 1.2712 2.5434, 0.126 1.2755 2.543, 0.1257 1.2715 2.543, 0.1209 1.276 2.5409, 0.1205 1.272 2.5409, 0.1152 1.2765 2.5386, 0.1149 1.2726 2.5386, 0.1126 1.2767 2.5366, 0.1123 1.2728 2.5366, 0.1052 1.2773 2.5312, 0.1049 1.2734 2.5313, 0.1051 1.2774 2.5311, 0.1047 1.2734 2.5311, 0.0995 1.2739 2.5254, 0.1358 1.2705 2.4413, 0.1362 1.2744 2.4413, 0.1259 1.2715 2.4434, 0.1263 1.2754 2.4434, 0.1229 1.2718 2.444, 0.1233 1.2757 2.444, 0.1174 1.2723 2.4466, 0.1178 1.2762 2.4466, 0.1116 1.2728 2.4494, 0.112 1.2768 2.4494, 0.1093 1.273 2.4514, 0.1097 1.277 2.4514, 0.1018 1.2737 2.4578, 0.1021 1.2776 2.4578, 0.0965 1.2741 2.4651, 0.0968 1.278 2.4651, 0.0946 1.2742 2.4677, 0.0949 1.2782 2.4678, 0.0923 1.2744 2.4734, 0.0926 1.2783 2.4734, 0.0902 1.2745 2.4786, 0.0905 1.2785 2.4787, 0.0897 1.2746 2.482, 0.09 1.2785 2.482, 0.1655 1.267 2.4413, 0.166 1.2709 2.4413, 0.1694 1.2665 2.442, 0.17 1.2704 2.442, 0.1898 1.2636 2.4214, 0.1904 1.2675 2.4214, 0.1891 1.2637 2.426, 0.1897 1.2676 2.426, 0.189 1.2637 2.427, 0.1894 1.2676 2.4275, 0.1878 1.2639 2.4297, 0.1884 1.2678 2.4297, 0.187 1.264 2.4317, 0.1874 1.2679 2.4321, 0.1861 1.2641 2.433, 0.1867 1.268 2.433, 0.1841 1.2644 2.4356, 0.1844 1.2684 2.4359, 0.1838 1.2645 2.4359, 0.1837 1.2645 2.436, 0.1843 1.2684 2.4361, 0.1811 1.2649 2.438, 0.1817 1.2687 2.4381, 0.1803 1.2689 2.4391, 0.1797 1.2651 2.4391, 0.1803 1.2689 2.4391, 0.1777 1.2653 2.44, 0.1783 1.2692 2.44, 0.1751 1.2657 2.4411, 0.1759 1.2695 2.441, 0.1737 1.2659 2.4413, 0.1742 1.2698 2.4413, 0.1708 1.2663 2.4008, 0.1713 1.2702 2.4008, 0.1736 1.2659 2.4014, 0.1741 1.2698 2.4014, 0.1748 1.2657 2.4016, 0.1763 1.2695 2.4019, 0.1774 1.2654 2.4027, 0.1779 1.2693 2.4027, 0.1796 1.2651 2.4037, 0.1803 1.2689 2.4038, 0.1809 1.2689 2.4041, 0.1807 1.2649 2.4045, 0.1813 1.2688 2.4044, 0.1836 1.2645 2.4068, 0.1842 1.2684 2.4069, 0.1837 1.2645 2.4069, 0.1848 1.2683 2.4074, 0.186 1.2641 2.4098, 0.1866 1.268 2.4098, 0.1867 1.264 2.4107, 0.1876 1.2679 2.4111, 0.1878 1.2639 2.4133, 0.1885 1.2677 2.4133, 0.1889 1.2637 2.4158, 0.1895 1.2676 2.4155, 0.1892 1.2637 2.4173, 0.1897 1.2676 2.4173, 0.1358 1.2705 2.4008, 0.1362 1.2744 2.4008, 0.1338 1.2707 2.4008, 0.1342 1.2746 2.4008, 0.1319 1.2709 2.4008, 0.1323 1.2748 2.4008, 0.0716 1.2757 2.4307, 0.0718 1.2797 2.4307, 0.0849 1.2749 2.4192, 0.0853 1.2788 2.4193, 0.0873 1.2747 2.417, 0.0897 1.2785 2.4155, 0.1141 1.2766 2.4047, 0.1138 1.2726 2.4048, 0.1098 1.277 2.4057, 0.1083 1.2731 2.4061, 0.0996 1.2778 2.4107, 0.0993 1.2738 2.4107, 0.0876 1.2747 2.4168, 0.0471 1.2769 2.4938, 0.0472 1.2808 2.4938, 0.0493 1.2768 2.4763, 0.0494 1.2807 2.4763, 0.05 1.2768 2.4704, 0.0501 1.2807 2.4704, 0.0539 1.2766 2.4603, 0.0541 1.2805 2.4603, 0.0575 1.2764 2.4507, 0.0583 1.2803 2.4496, 0.0608 1.2763 2.4461, 0.0608 1.2802 2.4461, 0.1029 1.2735 2.5763, 0.1127 1.2728 2.5808, 0.113 1.2767 2.5808, 0.1069 1.2772 2.5786, 0.1031 1.2775 2.5766, 0.0917 1.2744 2.5712, 0.0878 1.2786 2.5684, 0.0498 1.2807 2.5115, 0.0497 1.2768 2.5115, 0.0505 1.2807 2.5164, 0.0506 1.2767 2.5171, 0.0551 1.2805 2.5279, 0.0551 1.2765 2.5278, 0.0582 1.2803 2.5355, 0.0596 1.2763 2.5383, 0.0633 1.2801 2.5426, 0.063 1.2762 2.5427, 0.0712 1.2797 2.5539, 0.0734 1.2756 2.5565, 0.0745 1.2795 2.5568, 0.074 1.2756 2.557, 0.0869 1.2787 2.5678, 0.0873 1.2747 2.5677, 0.0878 1.2747 2.5681, 0.1384 1.2702 2.6214, 0.1417 1.2738 2.6262, 0.1383 1.2742 2.6219, 0.1251 1.2716 2.6056, 0.1248 1.2756 2.6045, 0.1234 1.2718 2.6022, 0.1237 1.2757 2.6023, 0.1882 1.2678 2.4135, 0.3376 1.2365 2.4005, 0.3403 1.2357 2.4027, 0.3425 1.2351 2.4044, 0.3431 1.235 2.4052, 0.346 1.2342 2.4088, 0.346 1.2342 2.4089, 0.3479 1.2336 2.413, 0.3485 1.2334 2.4143, 0.3492 1.2333 2.4174, 0.3497 1.2331 2.42, 0.3497 1.2331 2.4222, 0.3496 1.2331 2.4229, 0.3495 1.2332 2.427, 0.3493 1.2332 2.4277, 0.3481 1.2336 2.4322, 0.3479 1.2336 2.4329, 0.346 1.2341 2.4363, 0.3451 1.2344 2.438, 0.3434 1.2349 2.44, 0.3422 1.2352 2.4413, 0.3416 1.2354 2.442, 0.3386 1.2362 2.4442, 0.3367 1.2367 2.4456, 0.3347 1.2372 2.4464, 0.3347 1.2373 2.4464, 0.3315 1.2381 2.4477, 0.3307 1.2383 2.4478, 0.3248 1.2399 2.4486, 0.3222 1.2406 2.4483, 0.3189 1.2414 2.4479, 0.3175 1.2418 2.4473, 0.3132 1.2429 2.4457, 0.3131 1.2429 2.4457, 0.3093 1.2438 2.4429, 0.3079 1.2442 2.442, 0.3058 1.2447 2.4395, 0.3037 1.2452 2.437, 0.3031 1.2454 2.4357, 0.3011 1.2458 2.4317, 0.301 1.2459 2.4316, 0.3 1.2461 2.4272, 0.2997 1.2462 2.4259, 0.2998 1.2462 2.4227, 0.2999 1.2461 2.4188, 0.3 1.2461 2.4182, 0.3012 1.2458 2.4137, 0.3015 1.2458 2.4129, 0.3033 1.2453 2.4095, 0.3043 1.2451 2.4077, 0.3059 1.2447 2.4058, 0.3075 1.2443 2.4041, 0.3319 1.238 2.398, 0.3276 1.2392 2.3973, 0.3248 1.2399 2.3968, 0.308 1.2442 2.4034, 0.3109 1.2434 2.4013, 0.3128 1.243 2.3999, 0.3148 1.2425 2.3991, 0.3179 1.2417 2.3978, 0.3188 1.2414 2.3977, 0.3364 1.2368 2.4, 0.3347 1.2373 2.3992, 0.3323 1.2379 2.3981, 0.2991 1.2423 2.4182, 0.3238 1.2361 2.4486, 0.3212 1.2368 2.4483, 0.3177 1.2377 2.4478, 0.3165 1.238 2.4473, 0.3123 1.239 2.4457, 0.312 1.2391 2.4456, 0.3084 1.24 2.4429, 0.3068 1.2404 2.4418, 0.3049 1.2409 2.4395, 0.3028 1.2414 2.4371, 0.3022 1.2415 2.4358, 0.3001 1.242 2.4317, 0.3001 1.242 2.4317, 0.2991 1.2423 2.4272, 0.2988 1.2423 2.4195, 0.2988 1.2423 2.4227, 0.2988 1.2423 2.4259, 0.3002 1.242 2.4137, 0.3002 1.242 2.4135, 0.3023 1.2415 2.4095, 0.3238 1.2361 2.3968, 0.3178 1.2376 2.3977, 0.3173 1.2378 2.3978, 0.3138 1.2386 2.3992, 0.3119 1.2391 2.4, 0.31 1.2396 2.4013, 0.3069 1.2404 2.4036, 0.3065 1.2405 2.4041, 0.305 1.2408 2.4058, 0.3028 1.2414 2.4084, 0.3266 1.2353 2.3972, 0.3295 1.2346 2.3976, 0.3312 1.2341 2.3982, 0.3352 1.233 2.3997, 0.3354 1.233 2.3999, 0.3393 1.2319 2.4026, 0.3404 1.2316 2.4034, 0.342 1.2312 2.4053, 0.3447 1.2304 2.4084, 0.3449 1.2304 2.4089, 0.3469 1.2298 2.413, 0.3474 1.2297 2.4139, 0.3481 1.2295 2.4174, 0.3486 1.2293 2.4197, 0.3486 1.2293 2.4222, 0.3486 1.2293 2.4229, 0.3486 1.2293 2.4261, 0.3482 1.2294 2.4277, 0.3472 1.2297 2.432, 0.3471 1.2297 2.4322, 0.345 1.2303 2.4364, 0.3447 1.2304 2.4371, 0.3423 1.2311 2.4399, 0.3303 1.2344 2.4477, 0.3337 1.2334 2.4463, 0.3357 1.2329 2.4455, 0.3376 1.2324 2.4441, 0.3406 1.2316 2.4419, 0.3411 1.2314 2.4413, 0.3297 1.2345 2.4478
            ]
        }
        coordIndex [
            0,1,2,-1,2,3,0,-1,0,3,4,-1,0,4,5,-1,5,4,6,-1,5,6,7,-1,7,6,8,-1,7,8,9,-1,8,10,9,-1,9,10,11,-1,9,11,12,-1,12,11,13,-1,12,13,14,-1,14,13,15,-1,16,17,18,-1,16,18,19,-1,19,18,20,-1,19,20,21,-1,21,20,22,-1,21,22,23,-1,23,22,24,-1,23,24,25,-1,25,24,26,-1,25,26,27,-1,27,26,28,-1,27,28,29,-1,29,28,2,-1,29,2,1,-1,17,16,30,-1,30,16,31,-1,30,31,32,-1,33,34,31,-1,31,34,35,-1,31,35,32,-1,34,33,36,-1,36,33,37,-1,36,37,38,-1,39,40,41,-1,41,40,42,-1,36,38,43,-1,43,38,44,-1,43,44,45,-1,45,44,46,-1,45,46,47,-1,47,46,48,-1,47,48,49,-1,49,48,50,-1,49,50,51,-1,51,50,52,-1,51,52,53,-1,53,52,54,-1,53,54,42,-1,42,54,55,-1,42,55,41,-1,56,57,58,-1,58,57,59,-1,58,59,60,-1,60,59,61,-1,60,61,62,-1,62,61,63,-1,62,63,64,-1,64,63,65,-1,64,65,66,-1,66,65,67,-1,66,67,68,-1,68,67,69,-1,68,69,70,-1,70,69,71,-1,70,71,39,-1,39,71,40,-1,57,56,72,-1,72,56,73,-1,72,73,74,-1,74,73,75,-1,74,75,76,-1,76,75,77,-1,76,77,78,-1,78,77,79,-1,78,79,80,-1,80,79,81,-1,80,81,82,-1,82,81,83,-1,82,83,84,-1,85,86,87,-1,87,86,88,-1,87,88,89,-1,89,88,90,-1,89,90,91,-1,91,90,92,-1,91,92,93,-1,93,92,94,-1,93,94,95,-1,95,94,84,-1,95,84,83,-1,96,97,98,-1,98,97,99,-1,99,100,98,-1,98,100,101,-1,98,101,102,-1,102,101,103,-1,102,103,104,-1,104,103,105,-1,104,105,106,-1,106,105,107,-1,106,107,108,-1,108,107,109,-1,108,109,110,-1,110,109,111,-1,110,111,112,-1,112,111,113,-1,112,113,114,-1,114,113,115,-1,114,115,116,-1,116,115,117,-1,116,117,118,-1,118,117,119,-1,118,119,85,-1,85,119,86,-1,120,121,122,-1,122,121,123,-1,123,121,124,-1,123,124,125,-1,120,122,126,-1,126,122,127,-1,126,127,128,-1,128,127,129,-1,129,127,130,-1,129,130,131,-1,131,130,132,-1,131,132,133,-1,133,132,134,-1,133,134,135,-1,97,96,136,-1,136,96,137,-1,136,137,138,-1,138,137,139,-1,138,139,140,-1,140,139,141,-1,140,141,142,-1,142,141,143,-1,142,143,144,-1,144,143,145,-1,144,145,146,-1,146,145,147,-1,146,147,148,-1,148,147,149,-1,148,149,135,-1,135,149,150,-1,135,150,133,-1,151,152,124,-1,124,152,125,-1,153,154,155,-1,155,154,156,-1,155,156,157,-1,157,156,152,-1,157,152,151,-1,158,159,160,-1,160,159,161,-1,160,161,155,-1,155,161,153,-1,162,163,164,-1,164,163,165,-1,164,165,166,-1,166,165,159,-1,166,159,158,-1,167,168,169,-1,169,168,170,-1,169,170,171,-1,163,162,172,-1,172,162,173,-1,172,173,174,-1,174,173,175,-1,174,175,176,-1,176,175,177,-1,176,177,178,-1,178,177,179,-1,178,179,180,-1,180,179,181,-1,180,181,167,-1,167,181,182,-1,167,182,168,-1,183,184,185,-1,185,184,186,-1,185,186,187,-1,187,186,188,-1,187,188,189,-1,189,188,190,-1,189,190,191,-1,191,190,192,-1,191,192,193,-1,193,192,194,-1,193,194,195,-1,195,194,196,-1,195,196,197,-1,197,196,198,-1,197,198,199,-1,199,198,200,-1,199,200,201,-1,201,200,202,-1,201,202,203,-1,171,170,204,-1,204,170,203,-1,204,203,205,-1,205,203,202,-1,206,207,208,-1,209,210,211,-1,211,210,212,-1,211,212,213,-1,213,212,206,-1,213,206,214,-1,214,206,208,-1,184,183,215,-1,215,183,216,-1,215,216,217,-1,217,216,218,-1,217,218,219,-1,219,218,220,-1,219,220,221,-1,221,220,222,-1,221,222,223,-1,223,222,224,-1,223,224,209,-1,209,224,225,-1,209,225,210,-1,226,227,228,-1,228,227,229,-1,228,229,230,-1,230,229,231,-1,231,229,232,-1,231,232,233,-1,233,232,234,-1,233,234,235,-1,235,234,236,-1,235,236,237,-1,237,236,238,-1,237,238,239,-1,208,207,240,-1,240,207,241,-1,240,241,242,-1,242,241,243,-1,242,243,244,-1,244,243,245,-1,244,245,246,-1,246,245,247,-1,246,247,248,-1,248,247,249,-1,248,249,250,-1,250,249,251,-1,250,251,252,-1,252,251,253,-1,252,253,239,-1,239,253,254,-1,239,254,237,-1,255,256,257,-1,257,256,258,-1,257,258,259,-1,258,260,259,-1,259,260,261,-1,259,261,262,-1,262,261,263,-1,262,263,264,-1,264,263,265,-1,264,265,226,-1,226,265,227,-1,266,267,268,-1,268,269,266,-1,266,269,270,-1,266,270,271,-1,271,270,272,-1,256,255,273,-1,273,255,274,-1,273,274,275,-1,275,274,276,-1,275,276,277,-1,277,276,278,-1,277,278,279,-1,279,278,280,-1,279,280,281,-1,281,280,282,-1,281,282,283,-1,283,282,284,-1,283,284,285,-1,285,284,286,-1,285,286,287,-1,287,286,288,-1,287,288,272,-1,272,288,289,-1,272,289,271,-1,290,291,292,-1,292,291,293,-1,292,293,294,-1,294,293,295,-1,294,295,296,-1,296,295,297,-1,296,297,298,-1,298,297,299,-1,298,299,300,-1,300,299,301,-1,300,301,302,-1,301,303,302,-1,302,303,304,-1,302,304,305,-1,305,304,306,-1,305,306,307,-1,307,306,308,-1,307,308,309,-1,309,308,310,-1,309,310,311,-1,311,310,312,-1,311,312,313,-1,313,312,314,-1,313,314,267,-1,267,314,268,-1,315,316,290,-1,290,316,291,-1,317,318,319,-1,319,318,320,-1,319,320,321,-1,321,320,322,-1,321,322,323,-1,319,324,317,-1,317,324,325,-1,317,325,326,-1,326,325,327,-1,326,327,328,-1,328,327,329,-1,329,327,330,-1,329,330,331,-1,316,315,332,-1,332,315,333,-1,332,333,334,-1,334,333,335,-1,334,335,336,-1,336,335,337,-1,336,337,338,-1,338,337,339,-1,338,339,340,-1,340,339,341,-1,340,341,342,-1,342,341,343,-1,342,343,344,-1,344,343,345,-1,344,345,331,-1,331,345,346,-1,331,346,329,-1,347,348,349,-1,349,348,350,-1,349,350,351,-1,351,350,352,-1,351,352,353,-1,353,352,354,-1,353,354,355,-1,355,354,356,-1,355,356,357,-1,357,356,358,-1,357,358,359,-1,359,358,360,-1,359,360,361,-1,361,360,362,-1,361,362,363,-1,363,362,364,-1,363,364,365,-1,365,364,366,-1,365,366,367,-1,367,366,368,-1,367,368,369,-1,369,368,370,-1,369,370,322,-1,322,370,323,-1,371,372,347,-1,347,372,348,-1,373,374,371,-1,371,374,372,-1,375,376,377,-1,377,376,378,-1,377,378,379,-1,379,378,380,-1,379,380,381,-1,381,380,382,-1,381,382,383,-1,383,382,384,-1,383,384,385,-1,385,384,386,-1,385,386,387,-1,387,386,388,-1,387,388,389,-1,389,388,390,-1,390,388,391,-1,390,391,392,-1,391,393,392,-1,392,393,394,-1,392,394,395,-1,395,394,396,-1,395,396,397,-1,397,396,398,-1,397,398,399,-1,399,398,400,-1,399,400,401,-1,401,400,402,-1,401,402,373,-1,373,402,374,-1,403,404,405,-1,405,404,406,-1,405,406,407,-1,407,406,408,-1,407,408,409,-1,409,408,410,-1,409,410,411,-1,410,412,411,-1,411,412,413,-1,411,413,414,-1,414,413,415,-1,414,415,416,-1,416,415,417,-1,416,417,418,-1,418,417,419,-1,418,419,420,-1,420,419,421,-1,420,421,422,-1,422,421,423,-1,422,423,424,-1,424,423,425,-1,424,425,426,-1,426,425,427,-1,426,427,428,-1,428,427,429,-1,428,429,375,-1,375,429,376,-1,430,431,403,-1,403,431,404,-1,432,433,430,-1,430,433,431,-1,434,435,432,-1,432,435,433,-1,436,437,438,-1,438,437,439,-1,438,439,440,-1,440,439,441,-1,435,434,442,-1,442,434,443,-1,442,443,444,-1,444,443,445,-1,444,445,446,-1,446,445,447,-1,446,447,441,-1,441,447,448,-1,441,448,440,-1,449,450,451,-1,451,450,452,-1,451,452,453,-1,453,452,454,-1,453,454,455,-1,455,454,456,-1,455,456,457,-1,457,456,458,-1,457,458,459,-1,459,458,460,-1,459,460,436,-1,436,460,437,-1,461,462,463,-1,463,464,461,-1,461,464,465,-1,461,465,466,-1,466,465,467,-1,450,449,468,-1,468,449,469,-1,468,469,470,-1,470,469,471,-1,470,471,472,-1,472,471,473,-1,472,473,474,-1,474,473,475,-1,474,475,476,-1,476,475,477,-1,476,477,478,-1,478,477,479,-1,478,479,480,-1,480,479,481,-1,480,481,482,-1,482,481,483,-1,482,483,467,-1,467,483,484,-1,467,484,466,-1,485,14,15,-1,15,486,485,-1,485,486,487,-1,485,487,488,-1,488,487,489,-1,488,489,490,-1,490,489,491,-1,490,491,462,-1,462,491,463,-1,154,153,161,-1,293,291,463,-1,463,291,316,-1,316,332,463,-1,463,332,334,-1,463,334,464,-1,464,334,336,-1,464,336,465,-1,465,336,338,-1,465,338,467,-1,467,338,340,-1,467,340,482,-1,482,340,342,-1,482,342,480,-1,480,342,478,-1,478,342,344,-1,478,344,476,-1,344,331,476,-1,476,331,330,-1,476,330,474,-1,474,330,327,-1,474,327,472,-1,472,327,325,-1,472,325,470,-1,348,435,350,-1,350,435,442,-1,350,442,352,-1,352,442,444,-1,352,444,354,-1,354,444,446,-1,354,446,356,-1,356,446,441,-1,356,441,358,-1,358,441,439,-1,358,439,360,-1,360,439,437,-1,360,437,362,-1,362,437,460,-1,362,460,364,-1,364,460,458,-1,364,458,366,-1,366,458,456,-1,366,456,368,-1,368,456,454,-1,368,454,370,-1,370,454,452,-1,370,452,323,-1,323,452,450,-1,323,450,321,-1,321,450,468,-1,321,468,319,-1,319,468,470,-1,319,470,324,-1,324,470,325,-1,406,404,372,-1,372,404,431,-1,372,431,348,-1,348,431,433,-1,348,433,435,-1,374,402,410,-1,396,412,398,-1,398,412,410,-1,398,410,400,-1,400,410,402,-1,374,410,372,-1,372,410,408,-1,372,408,406,-1,13,11,304,-1,304,11,10,-1,304,10,306,-1,13,304,15,-1,15,304,303,-1,15,303,486,-1,486,303,301,-1,486,301,487,-1,487,301,489,-1,489,301,299,-1,489,299,491,-1,491,299,297,-1,491,297,463,-1,463,297,295,-1,463,295,293,-1,396,394,412,-1,412,394,393,-1,412,393,391,-1,384,382,421,-1,421,382,380,-1,378,376,429,-1,378,429,492,-1,492,429,427,-1,492,427,425,-1,380,378,421,-1,421,378,492,-1,421,492,423,-1,423,492,425,-1,417,415,386,-1,384,421,386,-1,386,421,419,-1,386,419,417,-1,391,388,412,-1,412,388,386,-1,412,386,413,-1,413,386,415,-1,32,275,277,-1,32,277,30,-1,30,277,279,-1,30,279,17,-1,17,279,281,-1,17,281,18,-1,18,281,283,-1,18,283,20,-1,20,283,22,-1,22,283,285,-1,22,285,24,-1,24,285,287,-1,24,287,26,-1,26,287,272,-1,26,272,28,-1,28,272,270,-1,28,270,2,-1,270,269,2,-1,2,269,268,-1,2,268,3,-1,3,268,314,-1,3,314,4,-1,4,314,6,-1,6,314,312,-1,6,312,8,-1,8,312,310,-1,8,310,10,-1,10,310,308,-1,10,308,306,-1,109,493,494,-1,109,494,111,-1,111,494,495,-1,111,495,496,-1,496,497,111,-1,111,497,498,-1,111,498,499,-1,500,501,184,-1,184,501,502,-1,184,502,503,-1,503,504,184,-1,184,504,505,-1,184,505,506,-1,506,507,184,-1,184,507,508,-1,184,508,186,-1,186,508,188,-1,188,508,509,-1,188,509,190,-1,509,510,190,-1,190,510,511,-1,190,511,192,-1,192,511,512,-1,192,512,194,-1,194,512,513,-1,194,513,196,-1,196,513,514,-1,196,514,198,-1,198,514,515,-1,198,515,200,-1,200,515,516,-1,200,516,202,-1,202,516,517,-1,202,517,205,-1,205,517,204,-1,256,273,258,-1,258,273,275,-1,258,275,260,-1,260,275,32,-1,260,32,261,-1,261,32,35,-1,261,35,34,-1,88,86,184,-1,59,57,208,-1,208,57,214,-1,214,57,72,-1,214,72,213,-1,213,72,74,-1,213,74,211,-1,211,74,76,-1,211,76,209,-1,209,76,78,-1,209,78,223,-1,223,78,80,-1,223,80,221,-1,221,80,82,-1,221,82,219,-1,219,82,84,-1,219,84,217,-1,217,84,94,-1,217,94,215,-1,215,94,92,-1,215,92,184,-1,184,92,90,-1,184,90,88,-1,59,208,61,-1,61,208,240,-1,61,240,63,-1,63,240,65,-1,65,240,242,-1,65,242,67,-1,67,242,244,-1,67,244,69,-1,69,244,246,-1,69,246,71,-1,71,246,248,-1,71,248,40,-1,248,250,40,-1,40,250,252,-1,40,252,42,-1,42,252,239,-1,42,239,53,-1,53,239,51,-1,51,239,238,-1,51,238,49,-1,49,238,236,-1,49,236,47,-1,47,236,234,-1,47,234,45,-1,45,234,232,-1,45,232,43,-1,43,232,229,-1,43,229,36,-1,229,227,36,-1,36,227,265,-1,36,265,34,-1,34,265,263,-1,34,263,261,-1,86,119,184,-1,184,119,117,-1,184,117,115,-1,499,500,111,-1,111,500,184,-1,111,184,113,-1,113,184,115,-1,165,163,152,-1,148,163,146,-1,146,163,144,-1,148,135,163,-1,163,135,134,-1,163,134,132,-1,132,130,163,-1,163,130,127,-1,163,127,122,-1,122,123,163,-1,163,123,125,-1,163,125,152,-1,161,159,165,-1,517,518,204,-1,204,518,519,-1,204,519,171,-1,171,519,520,-1,171,520,169,-1,169,520,521,-1,169,521,167,-1,167,521,522,-1,167,522,180,-1,180,522,523,-1,180,523,178,-1,178,523,524,-1,178,524,176,-1,176,524,525,-1,176,525,174,-1,174,525,526,-1,174,526,172,-1,526,527,172,-1,172,527,528,-1,172,528,163,-1,528,529,163,-1,163,529,530,-1,163,530,531,-1,531,532,163,-1,163,532,533,-1,163,533,534,-1,534,535,163,-1,163,535,536,-1,163,536,144,-1,144,536,537,-1,537,538,144,-1,144,538,539,-1,144,539,540,-1,540,541,144,-1,144,541,542,-1,144,542,543,-1,544,101,545,-1,545,101,100,-1,545,100,546,-1,543,547,144,-1,144,547,548,-1,144,548,142,-1,142,548,549,-1,142,549,140,-1,140,549,550,-1,140,550,138,-1,138,550,551,-1,138,551,136,-1,136,551,552,-1,136,552,97,-1,97,552,546,-1,97,546,99,-1,99,546,100,-1,109,107,493,-1,493,107,105,-1,493,105,553,-1,553,105,103,-1,553,103,554,-1,554,103,101,-1,554,101,555,-1,555,101,544,-1,165,152,161,-1,161,152,156,-1,161,156,154,-1,538,537,556,-1,520,557,521,-1,521,557,558,-1,521,558,522,-1,522,558,559,-1,522,559,523,-1,523,559,560,-1,523,560,524,-1,524,560,561,-1,524,561,525,-1,525,561,562,-1,525,562,526,-1,526,562,563,-1,526,563,527,-1,527,563,564,-1,527,564,528,-1,528,564,565,-1,528,565,529,-1,529,565,566,-1,529,566,530,-1,530,566,567,-1,530,567,531,-1,567,568,531,-1,531,568,569,-1,531,569,532,-1,532,569,570,-1,556,537,571,-1,571,537,536,-1,571,536,572,-1,572,536,535,-1,572,535,573,-1,573,535,534,-1,573,534,570,-1,570,534,533,-1,570,533,532,-1,556,574,538,-1,538,574,575,-1,538,575,539,-1,539,575,576,-1,577,546,578,-1,578,546,552,-1,578,552,579,-1,579,552,551,-1,579,551,580,-1,580,551,550,-1,580,550,581,-1,581,550,549,-1,581,549,582,-1,582,549,548,-1,582,548,583,-1,583,548,547,-1,583,547,584,-1,584,547,543,-1,584,543,585,-1,585,543,542,-1,585,542,586,-1,586,542,541,-1,586,541,576,-1,576,541,540,-1,576,540,539,-1,546,577,545,-1,545,577,587,-1,545,587,544,-1,544,587,588,-1,544,588,555,-1,555,588,589,-1,555,589,554,-1,554,589,590,-1,554,590,553,-1,553,590,591,-1,553,591,493,-1,493,591,592,-1,493,592,494,-1,494,592,593,-1,494,593,495,-1,495,593,594,-1,495,594,496,-1,496,594,497,-1,497,594,595,-1,497,595,498,-1,498,595,596,-1,498,596,499,-1,499,596,597,-1,499,597,500,-1,500,597,598,-1,500,598,501,-1,501,598,599,-1,501,599,502,-1,502,599,600,-1,502,600,503,-1,503,600,601,-1,503,601,504,-1,504,601,602,-1,504,602,505,-1,505,602,603,-1,505,603,506,-1,506,603,604,-1,506,604,507,-1,604,605,507,-1,507,605,606,-1,507,606,508,-1,508,606,607,-1,508,607,509,-1,509,607,608,-1,509,608,510,-1,510,608,609,-1,610,517,611,-1,611,517,516,-1,611,516,612,-1,612,516,515,-1,612,515,613,-1,613,515,514,-1,613,514,614,-1,614,514,513,-1,614,513,615,-1,615,513,512,-1,615,512,609,-1,609,512,511,-1,609,511,510,-1,557,520,616,-1,616,520,519,-1,616,519,610,-1,610,519,518,-1,610,518,517,-1,
        ]
    }
}
Shape{
    appearance Appearance {
        material  Material {
            diffuseColor 1.0 1.0 1.0
            specularColor 0.5019607843137255 0.5019607843137255 0.5019607843137255
            ambientIntensity 1.0
            transparency 0.0
            shininess 0.5
        }
    }
    geometry IndexedFaceSet {
        ccw TRUE
        solid FALSE
        coord DEF co Coordinate {
            point [
                0.3354 1.233 2.3999, 0.3068 1.2404 2.4418, 0.3084 1.24 2.4429, 0.312 1.2391 2.4456, 0.3123 1.239 2.4457, 0.3165 1.238 2.4473, 0.3177 1.2377 2.4478, 0.3212 1.2368 2.4483, 0.3326 1.2338 2.4238, 0.3238 1.2361 2.4486, 0.3297 1.2345 2.4478, 0.3303 1.2344 2.4477, 0.3337 1.2334 2.4463, 0.3357 1.2329 2.4455, 0.3376 1.2324 2.4441, 0.3406 1.2316 2.4419, 0.3411 1.2314 2.4413, 0.3423 1.2311 2.4399, 0.3447 1.2304 2.4371, 0.345 1.2303 2.4364, 0.3471 1.2297 2.4322, 0.3472 1.2297 2.432, 0.3482 1.2294 2.4277, 0.3486 1.2293 2.4261, 0.3486 1.2293 2.4229, 0.3486 1.2293 2.4222, 0.3486 1.2293 2.4197, 0.3481 1.2295 2.4174, 0.3474 1.2297 2.4139, 0.3469 1.2298 2.413, 0.3449 1.2304 2.4089, 0.3447 1.2304 2.4084, 0.342 1.2312 2.4053, 0.3404 1.2316 2.4034, 0.3393 1.2319 2.4026, 0.3295 1.2346 2.3976, 0.3266 1.2353 2.3972, 0.31 1.2396 2.4013, 0.3178 1.2376 2.3977, 0.3173 1.2378 2.3978, 0.3138 1.2386 2.3992, 0.3119 1.2391 2.4, 0.3238 1.2361 2.3968, 0.3312 1.2341 2.3982, 0.3069 1.2404 2.4036, 0.3065 1.2405 2.4041, 0.305 1.2408 2.4058, 0.3028 1.2414 2.4084, 0.3023 1.2415 2.4095, 0.3002 1.242 2.4135, 0.3002 1.242 2.4137, 0.3352 1.233 2.3997, 0.2991 1.2423 2.4182, 0.2988 1.2423 2.4195, 0.2988 1.2423 2.4227, 0.2988 1.2423 2.4259, 0.2991 1.2423 2.4272, 0.3001 1.242 2.4317, 0.3001 1.242 2.4317, 0.3022 1.2415 2.4358, 0.3028 1.2414 2.4371, 0.3049 1.2409 2.4395
            ]
        }
        coordIndex [
            0,1,2,-1,2,3,0,-1,0,3,4,-1,0,4,5,-1,5,6,0,-1,0,6,7,-1,0,7,8,-1,7,9,8,-1,8,9,10,-1,8,10,11,-1,11,12,8,-1,8,12,13,-1,8,13,14,-1,14,15,8,-1,8,15,16,-1,8,16,17,-1,17,18,8,-1,8,18,19,-1,8,19,20,-1,20,21,8,-1,8,21,22,-1,8,22,23,-1,23,24,8,-1,8,24,25,-1,8,25,26,-1,26,27,8,-1,8,27,28,-1,8,28,29,-1,29,30,8,-1,8,30,31,-1,8,31,32,-1,32,33,8,-1,8,33,34,-1,8,34,0,-1,35,36,37,-1,38,39,40,-1,41,37,40,-1,40,37,36,-1,40,36,38,-1,38,36,42,-1,35,37,43,-1,43,37,44,-1,43,44,45,-1,45,46,43,-1,43,46,47,-1,43,47,48,-1,48,49,43,-1,43,49,50,-1,43,50,51,-1,51,50,0,-1,0,50,52,-1,0,52,53,-1,53,54,0,-1,0,54,55,-1,0,55,56,-1,56,57,0,-1,0,57,58,-1,0,58,59,-1,59,60,0,-1,0,60,61,-1,0,61,1,-1,
        ]
    }
}