#VRML V2.0 utf8
# 3D model generated by kicad-lcsc-manager
# Based on easyeda2kicad.py v1.0.1

Shape{
    appearance Appearance {
        material  Material {
            diffuseColor 1.0 1.0 1.0
            specularColor 0.8784313725490196 0.8784313725490196 0.8784313725490196
            ambientIntensity 1.0
            transparency 0.0
            shininess 0.5
        }
    }
    geometry IndexedFaceSet {
        ccw TRUE
        solid FALSE
        coord DEF co Coordinate {
            point [
                -0.8268 0.0 0.4502, -0.8212 0.096 0.5683, -0.8212 0.096 0.4502, -0.8045 0.1907 0.5683, -0.8045 0.1907 0.4502, -0.7769 0.2828 0.5683, -0.7769 0.2828 0.4502, -0.7388 0.3711 0.5683, -0.7388 0.3711 0.4502, -0.6908 0.4543 0.5683, -0.6908 0.4543 0.4502, -0.6333 0.5314 0.5683, -0.6333 0.5314 0.4502, -0.5674 0.6014 0.5683, -0.5674 0.6014 0.4502, -0.4937 0.6632 0.5683, -0.4937 0.6632 0.4502, -0.4134 0.716 0.5683, -0.4134 0.716 0.4502, -0.3275 0.7592 0.5683, -0.3275 0.7592 0.4502, -0.2371 0.792 0.5683, -0.2371 0.792 0.4502, -0.1436 0.8142 0.5683, -0.1436 0.8142 0.4502, -0.0481 0.8254 0.5683, -0.0481 0.8254 0.4502, 0.0481 0.8254 0.5683, 0.0481 0.8254 0.4502, 0.1436 0.8142 0.5683, 0.1436 0.8142 0.4502, 0.2371 0.792 0.5683, 0.2371 0.792 0.4502, 0.3275 0.7592 0.5683, 0.3275 0.7592 0.4502, 0.4134 0.716 0.5683, 0.4134 0.716 0.4502, 0.4937 0.6632 0.5683, 0.4937 0.6632 0.4502, 0.5674 0.6014 0.5683, 0.5674 0.6014 0.4502, 0.6333 0.5314 0.5683, 0.6333 0.5314 0.4502, 0.6908 0.4543 0.5683, 0.6908 0.4543 0.4502, 0.7388 0.3711 0.5683, 0.7388 0.3711 0.4502, 0.7769 0.2828 0.5683, 0.7769 0.2828 0.4502, 0.8045 0.1907 0.5683, 0.8045 0.1907 0.4502, 0.8212 0.096 0.5683, 0.8212 0.096 0.4502, 0.8268 0.0 0.5683, 0.8268 0.0 0.4502, 0.8212 -0.096 0.5683, 0.8212 -0.096 0.4502, 0.8045 -0.1907 0.5683, 0.8045 -0.1907 0.4502, 0.7769 -0.2828 0.5683, 0.7769 -0.2828 0.4502, 0.7388 -0.3711 0.5683, 0.7388 -0.3711 0.4502, 0.6908 -0.4543 0.5683, 0.6908 -0.4543 0.4502, 0.6333 -0.5314 0.5683, 0.6333 -0.5314 0.4502, 0.5674 -0.6014 0.5683, 0.5674 -0.6014 0.4502, 0.4937 -0.6632 0.5683, 0.4937 -0.6632 0.4502, 0.4134 -0.716 0.5683, 0.4134 -0.716 0.4502, 0.3275 -0.7592 0.5683, 0.3275 -0.7592 0.4502, 0.2371 -0.792 0.5683, 0.2371 -0.792 0.4502, 0.1436 -0.8142 0.5683, 0.1436 -0.8142 0.4502, 0.0481 -0.8254 0.5683, 0.0481 -0.8254 0.4502, -0.0481 -0.8254 0.5683, -0.0481 -0.8254 0.4502, -0.1436 -0.8142 0.5683, -0.1436 -0.8142 0.4502, -0.2371 -0.792 0.5683, -0.2371 -0.792 0.4502, -0.3275 -0.7592 0.5683, -0.3275 -0.7592 0.4502, -0.4134 -0.716 0.5683, -0.4134 -0.716 0.4502, -0.4937 -0.6632 0.5683, -0.4937 -0.6632 0.4502, -0.5674 -0.6014 0.5683, -0.5674 -0.6014 0.4502, -0.6333 -0.5314 0.5683, -0.6333 -0.5314 0.4502, -0.6908 -0.4543 0.5683, -0.6908 -0.4543 0.4502, -0.7388 -0.3711 0.5683, -0.7388 -0.3711 0.4502, -0.7769 -0.2828 0.5683, -0.7769 -0.2828 0.4502, -0.8045 -0.1907 0.5683, -0.8045 -0.1907 0.4502, -0.8212 -0.096 0.5683, -0.8212 -0.096 0.4502, -0.8268 0.0 0.5683, 0.0 0.0 0.5683, 0.0 0.0 0.4502
            ]
        }
        coordIndex [
            0,1,2,-1,2,1,3,-1,2,3,4,-1,4,3,5,-1,4,5,6,-1,6,5,7,-1,6,7,8,-1,8,7,9,-1,8,9,10,-1,10,9,11,-1,10,11,12,-1,12,11,13,-1,12,13,14,-1,14,13,15,-1,14,15,16,-1,16,15,17,-1,16,17,18,-1,18,17,19,-1,18,19,20,-1,20,19,21,-1,20,21,22,-1,22,21,23,-1,22,23,24,-1,24,23,25,-1,24,25,26,-1,26,25,27,-1,26,27,28,-1,28,27,29,-1,28,29,30,-1,30,29,31,-1,30,31,32,-1,32,31,33,-1,32,33,34,-1,34,33,35,-1,34,35,36,-1,36,35,37,-1,36,37,38,-1,38,37,39,-1,38,39,40,-1,40,39,41,-1,40,41,42,-1,42,41,43,-1,42,43,44,-1,44,43,45,-1,44,45,46,-1,46,45,47,-1,46,47,48,-1,48,47,49,-1,48,49,50,-1,50,49,51,-1,50,51,52,-1,52,51,53,-1,52,53,54,-1,54,53,55,-1,54,55,56,-1,56,55,57,-1,56,57,58,-1,58,57,59,-1,58,59,60,-1,60,59,61,-1,60,61,62,-1,62,61,63,-1,62,63,64,-1,64,63,65,-1,64,65,66,-1,66,65,67,-1,66,67,68,-1,68,67,69,-1,68,69,70,-1,70,69,71,-1,70,71,72,-1,72,71,73,-1,72,73,74,-1,74,73,75,-1,74,75,76,-1,76,75,77,-1,76,77,78,-1,78,77,79,-1,78,79,80,-1,80,79,81,-1,80,81,82,-1,82,81,83,-1,82,83,84,-1,84,83,85,-1,84,85,86,-1,86,85,87,-1,86,87,88,-1,88,87,89,-1,88,89,90,-1,90,89,91,-1,90,91,92,-1,92,91,93,-1,92,93,94,-1,94,93,95,-1,94,95,96,-1,96,95,97,-1,96,97,98,-1,98,97,99,-1,98,99,100,-1,100,99,101,-1,100,101,102,-1,102,101,103,-1,102,103,104,-1,104,103,105,-1,104,105,106,-1,106,105,107,-1,106,107,0,-1,0,107,1,-1,57,55,108,-1,108,55,53,-1,108,53,51,-1,63,61,108,-1,108,61,59,-1,108,59,57,-1,69,67,108,-1,108,67,65,-1,108,65,63,-1,75,73,108,-1,108,73,71,-1,108,71,69,-1,81,79,108,-1,108,79,77,-1,108,77,75,-1,87,85,108,-1,108,85,83,-1,108,83,81,-1,93,91,108,-1,108,91,89,-1,108,89,87,-1,99,97,108,-1,108,97,95,-1,108,95,93,-1,105,103,108,-1,108,103,101,-1,108,101,99,-1,3,1,108,-1,108,1,107,-1,108,107,105,-1,9,7,108,-1,108,7,5,-1,108,5,3,-1,15,13,108,-1,108,13,11,-1,108,11,9,-1,21,19,108,-1,108,19,17,-1,108,17,15,-1,27,25,108,-1,108,25,23,-1,108,23,21,-1,33,31,108,-1,108,31,29,-1,108,29,27,-1,39,37,108,-1,108,37,35,-1,108,35,33,-1,45,43,108,-1,108,43,41,-1,108,41,39,-1,51,49,108,-1,108,49,47,-1,108,47,45,-1,50,52,109,-1,109,52,54,-1,109,54,56,-1,44,46,109,-1,109,46,48,-1,109,48,50,-1,38,40,109,-1,109,40,42,-1,109,42,44,-1,32,34,109,-1,109,34,36,-1,109,36,38,-1,26,28,109,-1,109,28,30,-1,109,30,32,-1,20,22,109,-1,109,22,24,-1,109,24,26,-1,14,16,109,-1,109,16,18,-1,109,18,20,-1,8,10,109,-1,109,10,12,-1,109,12,14,-1,2,4,109,-1,109,4,6,-1,109,6,8,-1,104,106,109,-1,109,106,0,-1,109,0,2,-1,98,100,109,-1,109,100,102,-1,109,102,104,-1,92,94,109,-1,109,94,96,-1,109,96,98,-1,86,88,109,-1,109,88,90,-1,109,90,92,-1,80,82,109,-1,109,82,84,-1,109,84,86,-1,74,76,109,-1,109,76,78,-1,109,78,80,-1,68,70,109,-1,109,70,72,-1,109,72,74,-1,62,64,109,-1,109,64,66,-1,109,66,68,-1,56,58,109,-1,109,58,60,-1,109,60,62,-1,
        ]
    }
}
Shape{
    appearance Appearance {
        material  Material {
            diffuseColor 0.8823529411764706 0.8823529411764706 0.8823529411764706
            specularColor 0.26666666666666666 0.26666666666666666 0.26666666666666666
            ambientIntensity 0.8824
            transparency 0.0
            shininess 0.5
        }
    }
    geometry IndexedFaceSet {
        ccw TRUE
        solid FALSE
        coord DEF co Coordinate {
            point [
                0.0751 -0.9774 0.3714, 0.0742 -0.9775 0.3713, 0.0838 -0.9775 0.3713, -0.9645 -0.9843 0.2927, -0.5859 -0.9843 0.2927, -0.5859 -0.9788 0.3555, 0.1395 -0.977 0.3762, 0.1395 -0.9774 0.3716, 0.1433 -0.9775 0.3713, 0.1307 -0.9775 0.3713, 0.1386 -0.9743 0.4069, 0.1433 -0.9729 0.4228, 0.1232 -0.9759 0.3896, 0.1232 -0.977 0.3762, 0.1307 -0.9759 0.3896, 0.1307 -0.977 0.3762, 0.1375 -0.9759 0.3896, 0.1375 -0.9755 0.3941, 0.1307 -0.9755 0.3941, 0.1307 -0.9743 0.4069, 0.1232 -0.9755 0.3941, 0.1232 -0.9743 0.4069, 0.1307 -0.9774 0.3716, 0.118 -0.9774 0.3716, 0.1153 -0.9775 0.3713, 0.118 -0.9739 0.4115, 0.158 -0.9709 0.4458, 0.1433 -0.9709 0.4458, 0.1621 -0.9719 0.4349, 0.1678 -0.9719 0.4349, 0.9531 -0.9729 0.4228, 0.9485 -0.9684 0.4751, 0.1525 -0.9684 0.4748, 0.1433 -0.9684 0.4751, 0.147 -0.9684 0.4748, 0.1433 -0.9693 0.4651, 0.1819 -0.9774 0.3716, 0.1795 -0.9759 0.3889, 0.1784 -0.9763 0.3843, 0.2081 -0.9765 0.3825, 0.1915 -0.9765 0.3825, 0.1876 -0.9774 0.3716, 0.2179 -0.9774 0.3716, 0.9576 -0.9775 0.3713, 0.2027 -0.9739 0.4115, 0.1972 -0.9739 0.4115, 0.1763 -0.9767 0.3802, 0.1736 -0.9769 0.3772, 0.1694 -0.9772 0.3742, 0.1797 -0.9756 0.3921, 0.179 -0.9752 0.3975, 0.1736 -0.9744 0.4062, 0.1751 -0.9745 0.4048, 0.1776 -0.9748 0.4013, 0.1471 -0.9739 0.4115, 0.1471 -0.9774 0.3716, 0.1581 -0.9774 0.3716, 0.2122 -0.9774 0.3716, 0.1585 -0.9739 0.4115, 0.1646 -0.974 0.4108, 0.1695 -0.9741 0.4091, 0.1648 -0.9774 0.3724, -0.959 -0.9788 0.3555, -0.5859 -0.9775 0.3713, -0.9576 -0.9775 0.3713, -0.5859 -0.9729 0.4228, -0.9531 -0.9729 0.4228, -0.5859 -0.9684 0.4751, -0.9485 -0.9684 0.4751, -0.5859 -0.9646 0.5179, -0.9448 -0.9646 0.5179, 0.0655 -0.9684 0.4751, 0.0544 -0.9684 0.4751, 0.0562 -0.9684 0.4749, 0.0598 -0.9685 0.4738, 0.0598 -0.969 0.4684, 0.0655 -0.9729 0.4228, 0.0495 -0.9715 0.4388, 0.0519 -0.9715 0.4389, 0.0547 -0.9688 0.4703, 0.0504 -0.9687 0.4708, 0.0395 -0.9691 0.4664, 0.0392 -0.9692 0.466, 0.0373 -0.9694 0.4632, 0.0359 -0.9697 0.4598, 0.0564 -0.9715 0.4398, 0.0598 -0.9713 0.4415, 0.0598 -0.9717 0.4365, 0.0592 -0.9718 0.4362, 0.0417 -0.9719 0.4353, 0.0379 -0.9717 0.4372, 0.0317 -0.9729 0.4228, 0.035 -0.9715 0.4396, 0.0346 -0.9714 0.44, 0.0588 -0.9689 0.4689, 0.0488 -0.9688 0.4707, 0.0454 -0.9688 0.47, 0.0422 -0.9689 0.4686, 0.0353 -0.9702 0.4544, 0.0353 -0.9703 0.4529, 0.036 -0.9707 0.4489, 0.0402 -0.9713 0.4421, 0.0428 -0.9714 0.4403, 0.0457 -0.9715 0.4392, 0.0373 -0.9709 0.4457, 0.0392 -0.9712 0.443, 0.0549 -0.9719 0.4348, 0.0488 -0.9719 0.4342, 0.0459 -0.9719 0.4344, 0.0511 -0.9683 0.4754, 0.0655 -0.9646 0.5179, 0.0504 -0.9683 0.4754, 0.0317 -0.9646 0.5179, 0.0476 -0.9684 0.4751, 0.0404 -0.9685 0.4731, 0.0446 -0.9684 0.4747, 0.0317 -0.9684 0.4751, 0.0331 -0.9691 0.4664, 0.0357 -0.9689 0.4696, 0.0365 -0.9688 0.4704, 0.0323 -0.9711 0.4435, 0.0317 -0.971 0.445, 0.0293 -0.9729 0.4228, 0.0293 -0.9684 0.4751, 0.0311 -0.9695 0.462, 0.0317 -0.9694 0.4633, 0.0306 -0.9708 0.4476, 0.0299 -0.9702 0.4541, 0.03 -0.97 0.457, 0.0885 -0.9684 0.4748, 0.0932 -0.9684 0.4751, 0.0838 -0.9684 0.4751, 0.073 -0.9703 0.4528, 0.073 -0.9715 0.4394, 0.0838 -0.9703 0.4528, 0.0838 -0.9715 0.4394, 0.0873 -0.9703 0.4528, 0.0894 -0.9715 0.4394, 0.0873 -0.9699 0.4574, 0.0885 -0.9688 0.4702, 0.0838 -0.9699 0.4574, 0.0838 -0.9688 0.4702, 0.073 -0.9699 0.4574, 0.073 -0.9688 0.4702, 0.0932 -0.9729 0.4228, 0.0894 -0.9719 0.4349, 0.0838 -0.9729 0.4228, 0.0838 -0.9719 0.4349, 0.0679 -0.9719 0.4349, 0.0679 -0.9684 0.4748, 0.0838 -0.9684 0.4748, 0.108 -0.9719 0.4349, 0.097 -0.9719 0.4349, 0.1084 -0.9684 0.4748, 0.1153 -0.9684 0.4751, 0.097 -0.9684 0.4748, 0.1235 -0.9689 0.4695, 0.1249 -0.969 0.4681, 0.1307 -0.9684 0.4751, 0.1274 -0.9693 0.4646, 0.1289 -0.9696 0.4608, 0.1295 -0.9701 0.4553, 0.1294 -0.9704 0.4521, 0.1283 -0.9708 0.4476, 0.1307 -0.9729 0.4228, 0.1262 -0.9711 0.4435, 0.1145 -0.9685 0.4741, 0.1153 -0.9685 0.4738, 0.1193 -0.9686 0.4723, 0.1235 -0.9714 0.4405, 0.1193 -0.9717 0.4375, 0.1153 -0.9729 0.4228, 0.1153 -0.9718 0.4359, 0.1147 -0.9718 0.4357, 0.1318 -0.9719 0.4349, 0.1375 -0.9719 0.4349, 0.1413 -0.9709 0.4458, 0.0471 -0.9774 0.372, 0.0452 -0.9775 0.3713, 0.0514 -0.9774 0.3716, 0.0489 -0.9773 0.3731, 0.0317 -0.9775 0.3713, 0.0343 -0.9771 0.3753, 0.0337 -0.977 0.377, 0.0511 -0.975 0.3999, 0.064 -0.9753 0.3958, 0.065 -0.9752 0.3971, 0.0376 -0.9774 0.372, 0.0395 -0.9775 0.3713, 0.0396 -0.9775 0.3713, 0.0354 -0.9762 0.3851, 0.0369 -0.9761 0.3865, 0.0362 -0.9755 0.3932, 0.039 -0.976 0.3875, 0.0395 -0.9754 0.3953, 0.0429 -0.9759 0.3885, 0.0473 -0.9752 0.3965, 0.0456 -0.9752 0.3967, 0.0426 -0.9753 0.3964, 0.0359 -0.9773 0.3732, 0.0353 -0.9772 0.3737, 0.0335 -0.9768 0.3792, 0.0337 -0.9765 0.3817, 0.0528 -0.975 0.3989, 0.0541 -0.9751 0.3977, 0.0635 -0.9755 0.3942, 0.0552 -0.9753 0.3961, 0.056 -0.9755 0.3939, 0.0514 -0.977 0.376, 0.0513 -0.977 0.376, 0.0505 -0.9771 0.3748, 0.0379 -0.975 0.399, 0.0362 -0.9751 0.3981, 0.0343 -0.9764 0.3835, 0.0418 -0.9749 0.4003, 0.0461 -0.9749 0.4007, 0.049 -0.9749 0.4005, 0.0647 -0.976 0.3879, 0.064 -0.9759 0.3889, 0.0564 -0.9758 0.3899, 0.0635 -0.9758 0.3905, 0.0633 -0.9756 0.3924, 0.0514 -0.9758 0.3897, 0.0512 -0.9756 0.3919, 0.0507 -0.9755 0.3937, 0.0501 -0.9754 0.3947, 0.0655 -0.9761 0.387, 0.0632 -0.9769 0.3778, 0.0655 -0.9761 0.387, 0.065 -0.977 0.3767, 0.0655 -0.977 0.3764, 0.0494 -0.9753 0.3955, 0.0485 -0.9753 0.3961, 0.0425 -0.9775 0.3709, 0.0317 -0.9788 0.3555, 0.0451 -0.9775 0.3712, 0.0655 -0.9788 0.3555, 0.0632 -0.9773 0.3726, 0.0564 -0.9774 0.3716, 0.0655 -0.9774 0.3718, 0.0655 -0.9775 0.3713, 0.0666 -0.9774 0.3714, 0.0679 -0.9775 0.3713, 0.071 -0.9775 0.3709, 0.0838 -0.9788 0.3555, 0.0812 -0.975 0.3995, 0.0812 -0.9754 0.3946, 0.0665 -0.9751 0.3985, 0.0679 -0.975 0.3993, 0.0823 -0.9769 0.3773, 0.0817 -0.9771 0.3758, 0.0807 -0.9772 0.3744, 0.0655 -0.9751 0.3976, 0.0706 -0.9749 0.4003, 0.0744 -0.9749 0.4007, 0.0776 -0.9749 0.4005, 0.0809 -0.9763 0.3841, 0.0818 -0.9765 0.3827, 0.0823 -0.9766 0.3812, 0.0825 -0.9767 0.3794, 0.0793 -0.9773 0.3732, 0.0778 -0.9774 0.3723, 0.0739 -0.9752 0.3967, 0.0724 -0.9752 0.3966, 0.0684 -0.9756 0.3929, 0.0711 -0.9753 0.3962, 0.0699 -0.9753 0.3956, 0.0685 -0.9756 0.3922, 0.0687 -0.9757 0.3914, 0.069 -0.9758 0.3907, 0.0695 -0.9758 0.3902, 0.0713 -0.9759 0.3891, 0.0774 -0.9753 0.3963, 0.0744 -0.976 0.3878, 0.0802 -0.9754 0.3952, 0.0763 -0.9761 0.387, 0.0797 -0.9762 0.3851, 0.0692 -0.9754 0.395, 0.0688 -0.9754 0.3943, 0.0685 -0.9755 0.3936, 0.0681 -0.9771 0.3754, 0.0708 -0.9763 0.3841, 0.0679 -0.9762 0.3855, 0.0715 -0.9771 0.375, 0.0717 -0.9771 0.375, 0.0741 -0.9765 0.3827, 0.0743 -0.9771 0.3753, 0.0774 -0.9768 0.3789, 0.0773 -0.9767 0.3795, 0.0756 -0.9771 0.3758, 0.076 -0.977 0.376, 0.0766 -0.977 0.3766, 0.077 -0.9769 0.3772, 0.0773 -0.9769 0.3779, 0.0771 -0.9767 0.3803, 0.0767 -0.9766 0.3809, 0.0761 -0.9766 0.3816, 0.1074 -0.9749 0.4001, 0.1126 -0.9749 0.4001, 0.1307 -0.9739 0.4115, 0.1386 -0.9739 0.4115, 0.0982 -0.9768 0.3787, 0.0988 -0.977 0.3763, 0.099 -0.977 0.3763, 0.0932 -0.9755 0.3932, 0.0996 -0.9768 0.3786, 0.0992 -0.9769 0.3773, 0.0932 -0.9767 0.3797, 0.0851 -0.9749 0.4001, 0.0908 -0.9749 0.4001, 0.0962 -0.9775 0.3713, 0.0964 -0.9774 0.3717, 0.0932 -0.978 0.3647, 0.0932 -0.978 0.3647, 0.0932 -0.9775 0.3713, 0.0942 -0.9779 0.3665, 0.0862 -0.9782 0.363, 0.0862 -0.9786 0.3586, 0.0872 -0.9782 0.3627, 0.089 -0.9782 0.3625, 0.0902 -0.9782 0.3626, 0.0932 -0.9785 0.3591, 0.0914 -0.9786 0.3584, 0.0932 -0.9788 0.3555, 0.0894 -0.9786 0.3582, 0.0883 -0.9786 0.3582, 0.0913 -0.9782 0.363, 0.0922 -0.9781 0.3637, 0.0996 -0.9778 0.3673, 0.0973 -0.9782 0.3629, 0.1153 -0.9788 0.3555, 0.1012 -0.9775 0.3713, 0.0955 -0.9784 0.3607, 0.0952 -0.9784 0.3604, 0.0934 -0.9785 0.3592, -0.0815 -0.968 0.479, -0.0757 -0.9684 0.4751, -0.0093 -0.9684 0.4751, -0.0692 -0.9688 0.4707, -0.0598 -0.9697 0.4598, -0.0279 -0.9729 0.4228, -0.0093 -0.9729 0.4228, -0.0305 -0.9724 0.4291, -0.0363 -0.9717 0.4372, -0.044 -0.9711 0.4437, -0.0538 -0.9707 0.4483, -0.0525 -0.9708 0.4478, -0.1079 -0.9675 0.4855, -0.0957 -0.9676 0.4841, -0.0093 -0.9646 0.5179, -0.122 -0.9676 0.4837, -0.1351 -0.9681 0.4787, -0.141 -0.9684 0.4751, -0.1421 -0.9684 0.4744, -0.2007 -0.9714 0.4401, -0.1939 -0.9707 0.4489, -0.1724 -0.9696 0.4611, -0.1612 -0.9695 0.4625, -0.1488 -0.9689 0.4687, -0.1579 -0.9695 0.4623, -0.1546 -0.9695 0.4619, -0.192 -0.9705 0.4507, -0.1829 -0.97 0.457, -0.1864 -0.9769 0.3781, -0.1953 -0.9762 0.3856, -0.1761 -0.9773 0.3731, -0.2018 -0.9754 0.3949, -0.2059 -0.9745 0.4054, -0.2073 -0.9735 0.4166, -0.2072 -0.9733 0.4193, -0.2065 -0.9729 0.4228, -0.2053 -0.9723 0.4299, -0.1725 -0.9774 0.372, -0.1722 -0.9775 0.3713, -0.1697 -0.9779 0.3659, -0.1654 -0.9784 0.3607, -0.0093 -0.9788 0.3555, -0.1337 -0.9788 0.3555, -0.0093 -0.9843 0.2927, -0.1386 -0.979 0.3536, -0.1455 -0.9791 0.3528, -0.1466 -0.9791 0.3528, -0.1533 -0.979 0.3538, -0.1573 -0.9788 0.3555, -0.1599 -0.9787 0.3566, -0.0093 -0.9775 0.3713, -0.1188 -0.9775 0.3713, -0.1189 -0.9775 0.3711, -0.1222 -0.978 0.3648, -0.1266 -0.9784 0.36, -0.1323 -0.9788 0.356, -0.0825 -0.976 0.388, -0.0805 -0.9759 0.3888, -0.0772 -0.9745 0.4049, -0.0362 -0.9763 0.3842, -0.0439 -0.9769 0.3777, -0.1242 -0.9749 0.4001, -0.086 -0.9732 0.42, -0.1291 -0.9745 0.4046, -0.1352 -0.9743 0.4078, -0.0842 -0.9761 0.3868, -0.0305 -0.9756 0.3921, -0.0435 -0.9738 0.4134, -0.0448 -0.9733 0.4188, -0.047 -0.9729 0.4228, -0.1886 -0.9729 0.4228, -0.027 -0.9732 0.4204, -0.0257 -0.974 0.4112, -0.027 -0.9749 0.4011, -0.0783 -0.9759 0.389, -0.078 -0.9759 0.389, -0.0772 -0.9759 0.3888, -0.1869 -0.9744 0.4058, -0.1836 -0.9749 0.4001, -0.1691 -0.9752 0.3971, -0.1785 -0.9754 0.3948, -0.1723 -0.9757 0.391, -0.1586 -0.9744 0.4065, -0.1644 -0.9747 0.4025, -0.1893 -0.9734 0.4171, -0.189 -0.9738 0.4127, -0.1523 -0.9742 0.4089, -0.1455 -0.9741 0.4097, -0.142 -0.9741 0.4095, -0.0871 -0.9767 0.3803, -0.0871 -0.9766 0.3814, -0.117 -0.9763 0.3839, -0.0865 -0.9764 0.3835, -0.0854 -0.9762 0.3855, -0.0491 -0.9753 0.3959, -0.046 -0.9749 0.4003, -0.044 -0.9745 0.4054, -0.0433 -0.974 0.4109, -0.0805 -0.9774 0.3717, -0.0824 -0.9774 0.3725, -0.0842 -0.9772 0.3738, -0.0849 -0.9772 0.3744, -0.0861 -0.977 0.3762, -0.0869 -0.9769 0.3781, -0.1172 -0.9769 0.3781, -0.117 -0.9766 0.3811, -0.0526 -0.9773 0.3735, -0.0621 -0.9774 0.3715, -0.0789 -0.9774 0.3715, -0.0766 -0.9759 0.3888, -0.0638 -0.9759 0.3888, -0.0587 -0.9758 0.3897, -0.0537 -0.9756 0.3921, -0.0495 -0.9753 0.3955, -0.0739 -0.9706 0.4501, -0.0804 -0.9699 0.4577, -0.1458 -0.9713 0.4412, -0.0811 -0.9698 0.4583, -0.0891 -0.9694 0.4639, -0.1414 -0.9706 0.4502, -0.1478 -0.9712 0.4423, -0.1542 -0.971 0.4446, -0.0475 -0.9729 0.4237, -0.0507 -0.9725 0.4273, -0.0655 -0.9721 0.433, -0.0551 -0.9723 0.4304, -0.0601 -0.9721 0.4323, -0.0678 -0.9721 0.433, -0.0695 -0.9714 0.4409, -0.1709 -0.9711 0.4437, -0.1772 -0.9714 0.4403, -0.1639 -0.971 0.4453, -0.1821 -0.9718 0.436, -0.186 -0.9723 0.4303, -0.135 -0.9699 0.4578, -0.098 -0.9691 0.4673, -0.1274 -0.9694 0.4633, -0.1076 -0.969 0.4684, -0.1181 -0.9691 0.4671, -0.1609 -0.971 0.4455, -0.1885 -0.9728 0.424, 0.959 -0.9788 0.3555, 0.1433 -0.9788 0.3555, 0.1307 -0.9788 0.3555, 0.9448 -0.9646 0.5179, 0.1433 -0.9646 0.5179, 0.1307 -0.9646 0.5179, 0.1153 -0.9646 0.5179, 0.0932 -0.9646 0.5179, 0.0838 -0.9646 0.5179, 0.9645 -0.9843 0.2927, 0.1433 -0.9843 0.2927, 0.1307 -0.9843 0.2927, 0.1153 -0.9843 0.2927, 0.0932 -0.9843 0.2927, 0.0838 -0.9843 0.2927, 0.0655 -0.9843 0.2927, 0.0317 -0.9843 0.2927, 0.0293 -0.9843 0.2927, 0.0293 -0.9788 0.3555, 0.0293 -0.9775 0.3713, 0.0287 -0.977 0.3762, 0.0287 -0.9774 0.3716, 0.0071 -0.9774 0.3716, 0.0277 -0.9743 0.4069, 0.0071 -0.9739 0.4115, 0.0277 -0.9739 0.4115, 0.0123 -0.9759 0.3896, 0.0123 -0.977 0.3762, 0.0266 -0.9759 0.3896, 0.0266 -0.9755 0.3941, 0.0123 -0.9755 0.3941, 0.0123 -0.9743 0.4069, 0.0123 -0.9684 0.4748, 0.0123 -0.9715 0.4394, 0.0282 -0.9715 0.4394, 0.0071 -0.9719 0.4349, 0.0071 -0.9684 0.4748, 0.0282 -0.9719 0.4349, 0.0293 -0.9646 0.5179, 0.942 -0.9618 0.5503, 0.1433 -0.9618 0.5503, 0.1307 -0.9618 0.5503, 0.1153 -0.9618 0.5503, 0.0932 -0.9618 0.5503, 0.0838 -0.9618 0.5503, 0.0655 -0.9618 0.5503, 0.0317 -0.9618 0.5503, 0.0293 -0.9618 0.5503, -0.0093 -0.9618 0.5503, -0.5859 -0.9618 0.5503, -0.942 -0.9618 0.5503, 0.9836 -0.9697 0.2927, 0.9843 -0.9646 0.2927, 0.9841 -0.9647 0.2927, 0.9843 -0.8065 0.2927, 0.9841 -0.66 0.2927, 0.9834 -0.9698 0.2927, 0.9831 -0.971 0.2927, 0.9828 -0.9721 0.2927, 0.9826 -0.9722 0.2927, 0.9816 -0.9744 0.2927, 0.9815 -0.9745 0.2927, 0.9787 -0.9783 0.2927, 0.9843 -0.66 0.2927, 0.9843 -0.4521 0.2927, 0.9841 -0.33 0.2927, 0.9843 -0.33 0.2927, 0.9843 -0.1766 0.2927, 0.9841 -0.0 0.2927, 0.9843 -0.0 0.2927, 0.9843 0.1778 0.2927, 0.9841 0.33 0.2927, 0.9843 0.33 0.2927, 0.9843 0.4534 0.2927, 0.9841 0.66 0.2927, 0.9843 0.66 0.2927, 0.9843 0.8077 0.2927, 0.9841 0.9647 0.2927, 0.9843 0.9646 0.2927, 0.9834 0.9698 0.2927, 0.9836 0.9697 0.2927, 0.9826 0.9722 0.2927, 0.9828 0.9721 0.2927, 0.9821 0.9734 0.2927, 0.9816 0.9744 0.2927, 0.9815 0.9745 0.2927, 0.9787 0.9783 0.2927, -0.9836 0.9697 0.2927, -0.9843 0.9646 0.2927, -0.9841 0.9647 0.2927, -0.9843 0.8077 0.2927, -0.9841 0.66 0.2927, -0.9834 0.9698 0.2927, -0.9831 0.971 0.2927, -0.9828 0.9721 0.2927, -0.9826 0.9722 0.2927, -0.9816 0.9744 0.2927, -0.9815 0.9745 0.2927, -0.9787 0.9783 0.2927, -0.9843 0.66 0.2927, -0.9843 0.4534 0.2927, -0.9841 0.33 0.2927, -0.9843 0.33 0.2927, -0.9843 0.1778 0.2927, -0.9841 -0.0 0.2927, -0.9843 -0.0 0.2927, -0.9843 -0.1766 0.2927, -0.9841 -0.33 0.2927, -0.9843 -0.33 0.2927, -0.9843 -0.4521 0.2927, -0.9841 -0.66 0.2927, -0.9843 -0.66 0.2927, -0.9843 -0.8065 0.2927, -0.9841 -0.9647 0.2927, -0.9843 -0.9646 0.2927, -0.9834 -0.9698 0.2927, -0.9836 -0.9697 0.2927, -0.9826 -0.9722 0.2927, -0.9828 -0.9721 0.2927, -0.9821 -0.9734 0.2927, -0.9816 -0.9744 0.2927, -0.9815 -0.9745 0.2927, -0.9787 -0.9783 0.2927, 0.9843 -0.1766 0.2336, 0.9843 -0.1766 0.0762, 0.9843 -0.4521 0.0762, 0.9843 -0.4521 0.2336, 0.9843 0.1778 0.2336, 0.9843 0.4534 0.2336, 0.9843 0.4534 0.0762, 0.9843 0.1778 0.0762, 0.9843 0.8077 0.0762, 0.9843 0.9646 0.0762, 0.9843 0.8077 0.2336, 0.9843 -0.8065 0.2336, 0.9843 -0.9646 0.0762, 0.9843 -0.8065 0.0762, -0.9843 0.4534 0.0762, -0.9843 0.1778 0.0762, -0.9843 0.4534 0.2336, -0.9843 0.1778 0.2336, -0.9843 0.8077 0.2336, -0.9843 0.9646 0.0762, -0.9843 0.8077 0.0762, -0.9843 -0.4521 0.2336, -0.9843 -0.1766 0.2336, -0.9843 -0.4521 0.0762, -0.9843 -0.1766 0.0762, -0.9843 -0.8065 0.0762, -0.9843 -0.9646 0.0762, -0.9843 -0.8065 0.2336, 0.9646 0.9843 0.2927, 0.9646 0.9843 0.0958, 0.6603 0.9843 0.2927, 0.6496 0.9843 0.0958, 0.3301 0.9843 0.2927, 0.0 0.9843 0.2927, 0.6496 0.9843 0.0368, -0.6496 0.9843 0.0368, -0.3301 0.9843 0.2927, -0.6496 0.9843 0.0958, -0.6603 0.9843 0.2927, -0.9646 0.9843 0.0958, -0.9646 0.9843 0.2927, -0.9646 -0.9843 0.2927, -0.9646 -0.9843 0.0958, -0.6603 -0.9843 0.2927, -0.6496 -0.9843 0.0958, -0.3301 -0.9843 0.2927, 0.0 -0.9843 0.2927, -0.6496 -0.9843 0.0368, 0.6496 -0.9843 0.0368, 0.3301 -0.9843 0.2927, 0.6496 -0.9843 0.0958, 0.6603 -0.9843 0.2927, 0.9646 -0.9843 0.0958, 0.9646 -0.9843 0.2927, -0.6496 -0.9646 0.0171, -0.4778 -0.1178 0.0171, -0.4601 -0.1745 0.0171, -0.4358 -0.2287 0.0171, -0.405 -0.2796 0.0171, -0.3684 -0.3263 0.0171, -0.3263 -0.3684 0.0171, -0.2796 -0.405 0.0171, -0.2287 -0.4358 0.0171, 0.0593 -0.4885 0.0171, 0.1178 -0.4778 0.0171, 0.6496 -0.9646 0.0171, 0.1745 -0.4601 0.0171, 0.2287 -0.4358 0.0171, 0.4601 -0.1745 0.0171, 0.4778 -0.1178 0.0171, -0.4778 0.1178 0.0171, -0.6496 0.9646 0.0171, -0.4601 0.1745 0.0171, -0.4358 0.2287 0.0171, -0.4885 0.0593 0.0171, -0.4921 0.0 0.0171, -0.4885 -0.0593 0.0171, 0.0 -0.4921 0.0171, -0.0593 -0.4885 0.0171, 0.405 0.2796 0.0171, 0.3684 0.3263 0.0171, 0.6496 0.9646 0.0171, 0.3263 0.3684 0.0171, 0.2796 0.405 0.0171, -0.1745 -0.4601 0.0171, -0.1178 -0.4778 0.0171, 0.4778 0.1178 0.0171, 0.4601 0.1745 0.0171, 0.4358 0.2287 0.0171, 0.2796 -0.405 0.0171, 0.3263 -0.3684 0.0171, 0.3684 -0.3263 0.0171, 0.2287 0.4358 0.0171, 0.1745 0.4601 0.0171, 0.1178 0.4778 0.0171, 0.405 -0.2796 0.0171, 0.4358 -0.2287 0.0171, 0.4885 -0.0593 0.0171, 0.4921 0.0 0.0171, 0.4885 0.0593 0.0171, -0.1178 0.4778 0.0171, -0.1745 0.4601 0.0171, -0.2287 0.4358 0.0171, -0.2796 0.405 0.0171, -0.3263 0.3684 0.0171, -0.3684 0.3263 0.0171, -0.405 0.2796 0.0171, 0.0593 0.4885 0.0171, 0.0 0.4921 0.0171, -0.0593 0.4885 0.0171, 0.4502 0.1432 0.0762, 0.4432 0.1613 0.0762, 0.4436 0.1615 0.0368, -0.3491 0.3183 0.0762, -0.3133 0.3536 0.0368, -0.3074 0.3588 0.0762, -0.3033 0.3614 0.0368, -0.3035 0.3617 0.0762, -0.261 0.3938 0.0762, -0.2684 0.3888 0.0368, -0.2358 0.4084 0.0762, -0.2358 0.4085 0.0368, -0.2106 0.4229 0.0762, -0.2196 0.4183 0.0368, -0.1675 0.4417 0.0368, -0.1615 0.4437 0.0762, -0.1615 0.4436 0.0368, -0.157 0.4456 0.0762, -0.1131 0.4587 0.0368, 0.0819 0.4644 0.0368, 0.0819 0.4648 0.0762, 0.0725 0.4668 0.0762, 0.0569 0.469 0.0368, 0.0145 0.4722 0.0762, 0.0 0.4724 0.0368, 0.0 0.4718 0.0762, -0.0569 0.469 0.0368, -0.0436 0.4704 0.0762, -0.0819 0.4644 0.0368, -0.0819 0.4645 0.0762, -0.1011 0.4615 0.0762, 0.1293 0.4544 0.0762, 0.1131 0.4587 0.0368, 0.1613 0.4431 0.0762, 0.1615 0.4436 0.0368, 0.1842 0.4351 0.0762, 0.3289 0.3392 0.0762, 0.3536 0.3133 0.0368, 0.3615 0.3033 0.0762, 0.3614 0.3033 0.0368, 0.3681 0.2962 0.0762, 0.1675 0.4417 0.0368, 0.2196 0.4183 0.0368, 0.2362 0.4091 0.0762, 0.2358 0.4085 0.0368, 0.2847 0.377 0.0762, 0.2684 0.3888 0.0368, 0.3031 0.3612 0.0762, 0.3033 0.3614 0.0368, 0.3133 0.3536 0.0368, 0.4085 0.2358 0.0368, 0.4086 0.2359 0.0762, 0.4017 0.2487 0.0762, 0.3888 0.2684 0.0368, 0.4292 0.1975 0.0762, 0.4183 0.2196 0.0368, 0.4417 0.1675 0.0368, 0.4644 0.0819 0.0368, 0.465 0.082 0.0762, 0.4644 0.0868 0.0762, 0.4587 0.1131 0.0368, 0.4715 0.0291 0.0762, 0.469 0.0569 0.0368, 0.4715 0.0 0.0762, 0.4724 -0.0 0.0368, 0.4715 -0.0291 0.0762, 0.469 -0.0569 0.0368, 0.465 -0.082 0.0762, 0.4644 -0.0819 0.0368, 0.4644 -0.0868 0.0762, 0.4587 -0.1131 0.0368, 0.4502 -0.1432 0.0762, 0.4436 -0.1615 0.0368, 0.4432 -0.1613 0.0762, 0.4417 -0.1675 0.0368, 0.4292 -0.1975 0.0762, 0.4183 -0.2196 0.0368, 0.4086 -0.2359 0.0762, 0.4085 -0.2358 0.0368, 0.4017 -0.2487 0.0762, 0.3888 -0.2684 0.0368, 0.3681 -0.2962 0.0762, 0.3614 -0.3033 0.0368, 0.3615 -0.3033 0.0762, 0.3536 -0.3133 0.0368, 0.3289 -0.3392 0.0762, 0.3133 -0.3536 0.0368, 0.3031 -0.3612 0.0762, 0.3033 -0.3614 0.0368, 0.2847 -0.377 0.0762, 0.2684 -0.3888 0.0368, 0.2362 -0.4091 0.0762, 0.2358 -0.4085 0.0368, 0.2196 -0.4183 0.0368, 0.1842 -0.4351 0.0762, 0.1675 -0.4417 0.0368, 0.1613 -0.4431 0.0762, 0.1615 -0.4436 0.0368, 0.1293 -0.4544 0.0762, 0.1131 -0.4587 0.0368, 0.0819 -0.4648 0.0762, 0.0819 -0.4644 0.0368, 0.0725 -0.4668 0.0762, 0.0569 -0.469 0.0368, 0.0145 -0.4722 0.0762, 0.0 -0.4724 0.0368, 0.0 -0.4718 0.0762, -0.0436 -0.4704 0.0762, -0.0569 -0.469 0.0368, -0.0819 -0.4645 0.0762, -0.0819 -0.4644 0.0368, -0.1011 -0.4615 0.0762, -0.1131 -0.4587 0.0368, -0.157 -0.4456 0.0762, -0.1615 -0.4436 0.0368, -0.1615 -0.4437 0.0762, -0.1675 -0.4417 0.0368, -0.2106 -0.4229 0.0762, -0.2196 -0.4183 0.0368, -0.2358 -0.4084 0.0762, -0.2358 -0.4085 0.0368, -0.261 -0.3938 0.0762, -0.2684 -0.3888 0.0368, -0.3035 -0.3617 0.0762, -0.3033 -0.3614 0.0368, -0.3074 -0.3588 0.0762, -0.3133 -0.3536 0.0368, -0.3491 -0.3183 0.0762, -0.3536 -0.3133 0.0368, -0.3613 -0.3032 0.0762, -0.3614 -0.3033 0.0368, -0.3856 -0.273 0.0762, -0.3888 -0.2684 0.0368, -0.4086 -0.2359 0.0762, -0.4085 -0.2358 0.0368, -0.4162 -0.2235 0.0762, -0.4183 -0.2196 0.0368, -0.4405 -0.1707 0.0762, -0.4417 -0.1675 0.0368, -0.4435 -0.1614 0.0762, -0.4436 -0.1615 0.0368, -0.4582 -0.1152 0.0762, -0.4587 -0.1131 0.0368, -0.4644 -0.0819 0.0762, -0.4644 -0.0819 0.0368, -0.4689 -0.0581 0.0762, -0.469 -0.0569 0.0368, -0.4724 -0.0 0.0762, -0.4724 -0.0 0.0368, -0.4689 0.0581 0.0762, -0.469 0.0569 0.0368, -0.4644 0.0819 0.0762, -0.4644 0.0819 0.0368, -0.4582 0.1152 0.0762, -0.4587 0.1131 0.0368, -0.4435 0.1614 0.0762, -0.4436 0.1615 0.0368, -0.4405 0.1707 0.0762, -0.4417 0.1675 0.0368, -0.4162 0.2235 0.0762, -0.4183 0.2196 0.0368, -0.4086 0.2359 0.0762, -0.4085 0.2358 0.0368, -0.3856 0.273 0.0762, -0.3888 0.2684 0.0368, -0.3613 0.3032 0.0762, -0.3614 0.3033 0.0368, -0.3536 0.3133 0.0368, -0.4255 -0.1549 0.0958, -0.4459 -0.0786 0.0958, 0.0 0.0 0.0958, -0.4528 0.0 0.0958, -0.4459 0.0786 0.0958, -0.291 -0.3468 0.0958, -0.3468 -0.291 0.0958, -0.3921 -0.2264 0.0958, -0.0786 -0.4459 0.0958, -0.1549 -0.4255 0.0958, -0.2264 -0.3921 0.0958, 0.1549 -0.4255 0.0958, 0.0786 -0.4459 0.0958, 0.0 -0.4528 0.0958, 0.3468 -0.291 0.0958, 0.291 -0.3468 0.0958, 0.2264 -0.3921 0.0958, 0.4459 -0.0786 0.0958, 0.4255 -0.1549 0.0958, 0.3921 -0.2264 0.0958, 0.4255 0.1549 0.0958, 0.4459 0.0786 0.0958, 0.4528 0.0 0.0958, 0.291 0.3468 0.0958, 0.3468 0.291 0.0958, 0.3921 0.2264 0.0958, 0.0786 0.4459 0.0958, 0.1549 0.4255 0.0958, 0.2264 0.3921 0.0958, -0.1549 0.4255 0.0958, -0.0786 0.4459 0.0958, 0.0 0.4528 0.0958, -0.3468 0.291 0.0958, -0.291 0.3468 0.0958, -0.2264 0.3921 0.0958, -0.4255 0.1549 0.0958, -0.3921 0.2264 0.0958, -0.6693 0.9646 0.0368, -0.6693 -0.9646 0.0368, -0.6693 0.9646 0.0762, -0.6693 -0.9646 0.0762, 0.6693 0.9646 0.0762, 0.6693 -0.9646 0.0762, 0.6693 0.9646 0.0368, 0.6693 -0.9646 0.0368
            ]
        }
        coordIndex [
            0,1,2,-1,3,4,5,-1,6,7,8,-1,8,7,9,-1,10,8,11,-1,12,13,14,-1,14,13,15,-1,14,15,16,-1,15,6,16,-1,16,6,8,-1,16,8,17,-1,17,8,10,-1,17,10,18,-1,18,10,19,-1,18,19,20,-1,20,19,21,-1,7,22,9,-1,9,22,23,-1,9,23,24,-1,24,23,25,-1,26,27,28,-1,28,27,11,-1,28,11,29,-1,30,31,32,-1,32,31,33,-1,32,33,34,-1,34,33,35,-1,36,37,38,-1,39,40,41,-1,42,43,44,-1,44,43,30,-1,32,29,30,-1,30,29,11,-1,30,11,44,-1,44,11,45,-1,38,46,36,-1,36,46,47,-1,36,47,48,-1,37,36,49,-1,49,36,45,-1,49,45,50,-1,51,52,45,-1,45,52,53,-1,45,53,50,-1,54,11,55,-1,55,11,8,-1,55,8,56,-1,56,8,43,-1,56,43,57,-1,57,43,42,-1,54,58,11,-1,11,58,59,-1,11,59,45,-1,45,59,60,-1,45,60,51,-1,48,61,36,-1,36,61,56,-1,36,56,41,-1,41,56,57,-1,41,57,39,-1,3,5,62,-1,62,5,63,-1,62,63,64,-1,64,63,65,-1,64,65,66,-1,66,65,67,-1,66,67,68,-1,68,67,69,-1,68,69,70,-1,71,72,73,-1,73,74,71,-1,71,74,75,-1,71,75,76,-1,77,78,75,-1,79,80,81,-1,82,83,75,-1,75,83,84,-1,78,85,75,-1,75,85,86,-1,75,86,76,-1,76,86,87,-1,76,87,88,-1,89,90,91,-1,91,90,92,-1,91,92,93,-1,82,75,81,-1,81,75,94,-1,81,94,79,-1,80,95,81,-1,81,95,96,-1,81,96,97,-1,84,98,75,-1,75,98,99,-1,75,99,100,-1,101,102,75,-1,75,102,103,-1,75,103,77,-1,100,104,75,-1,75,104,105,-1,75,105,101,-1,88,106,76,-1,76,106,107,-1,76,107,91,-1,91,107,108,-1,91,108,89,-1,109,110,111,-1,111,110,112,-1,111,112,113,-1,114,115,116,-1,117,118,116,-1,116,118,119,-1,116,119,114,-1,93,120,91,-1,91,120,121,-1,91,121,122,-1,123,124,116,-1,116,124,125,-1,116,125,117,-1,121,126,122,-1,122,126,127,-1,122,127,123,-1,123,127,128,-1,123,128,124,-1,129,130,131,-1,132,133,134,-1,134,133,135,-1,134,135,136,-1,136,135,137,-1,136,137,138,-1,138,137,139,-1,138,139,140,-1,140,139,141,-1,140,141,142,-1,142,141,143,-1,129,139,130,-1,130,139,137,-1,130,137,144,-1,144,137,145,-1,144,145,146,-1,146,145,147,-1,146,147,76,-1,76,147,148,-1,76,148,71,-1,71,148,149,-1,71,149,131,-1,131,149,150,-1,131,150,129,-1,151,152,144,-1,153,154,130,-1,144,152,130,-1,130,152,155,-1,130,155,153,-1,156,157,158,-1,157,159,158,-1,158,159,160,-1,158,160,161,-1,162,163,164,-1,164,163,165,-1,153,166,154,-1,154,166,167,-1,154,167,158,-1,158,167,168,-1,158,168,156,-1,165,169,164,-1,164,169,170,-1,164,170,171,-1,171,170,172,-1,171,172,173,-1,174,164,175,-1,175,164,11,-1,175,11,176,-1,176,11,27,-1,35,33,174,-1,174,33,158,-1,174,158,164,-1,164,158,161,-1,164,161,162,-1,177,178,179,-1,177,179,180,-1,181,182,183,-1,184,185,186,-1,187,181,188,-1,188,181,189,-1,190,191,192,-1,192,191,193,-1,192,193,194,-1,194,193,195,-1,196,197,195,-1,195,197,198,-1,195,198,194,-1,187,199,181,-1,181,199,200,-1,181,200,182,-1,201,202,91,-1,184,203,185,-1,185,203,204,-1,185,204,205,-1,205,204,206,-1,205,206,207,-1,208,209,179,-1,179,209,210,-1,179,210,180,-1,211,91,212,-1,212,91,202,-1,212,202,192,-1,192,202,213,-1,192,213,190,-1,211,214,91,-1,91,214,215,-1,91,215,216,-1,217,218,219,-1,219,218,220,-1,219,220,207,-1,207,220,221,-1,207,221,205,-1,222,223,195,-1,195,223,224,-1,195,224,225,-1,226,227,228,-1,228,227,229,-1,228,229,230,-1,225,231,195,-1,195,231,232,-1,195,232,196,-1,233,234,235,-1,235,234,236,-1,235,236,178,-1,226,217,227,-1,227,217,219,-1,227,219,237,-1,237,219,238,-1,237,238,239,-1,239,238,240,-1,239,240,241,-1,241,240,242,-1,243,242,236,-1,236,242,240,-1,236,240,178,-1,178,240,238,-1,178,238,179,-1,243,236,1,-1,1,236,244,-1,1,244,2,-1,245,246,2,-1,247,248,76,-1,249,250,2,-1,2,250,251,-1,216,184,91,-1,91,184,186,-1,91,186,76,-1,76,186,252,-1,76,252,247,-1,248,253,76,-1,76,253,254,-1,76,254,146,-1,146,254,255,-1,146,255,245,-1,256,257,246,-1,246,257,258,-1,246,258,2,-1,2,258,259,-1,2,259,249,-1,251,260,2,-1,2,260,261,-1,2,261,0,-1,262,263,264,-1,264,263,265,-1,264,265,266,-1,264,267,262,-1,262,267,268,-1,262,268,269,-1,269,270,262,-1,262,270,271,-1,262,271,272,-1,272,271,273,-1,272,273,274,-1,274,273,275,-1,274,275,246,-1,246,275,276,-1,246,276,256,-1,277,278,266,-1,266,278,279,-1,266,279,264,-1,280,281,230,-1,230,281,282,-1,230,282,228,-1,280,283,281,-1,281,283,284,-1,281,284,285,-1,285,284,286,-1,285,287,288,-1,286,289,285,-1,285,289,290,-1,285,290,291,-1,291,292,285,-1,285,292,293,-1,285,293,287,-1,288,294,285,-1,285,294,295,-1,285,295,296,-1,297,298,171,-1,298,24,171,-1,171,24,25,-1,171,25,164,-1,164,25,299,-1,164,299,11,-1,11,299,300,-1,11,300,10,-1,301,302,303,-1,173,151,171,-1,171,151,144,-1,171,144,297,-1,297,144,304,-1,297,304,305,-1,305,304,301,-1,305,301,306,-1,306,301,303,-1,307,308,2,-1,245,2,146,-1,146,2,308,-1,146,308,144,-1,144,308,309,-1,144,309,304,-1,310,311,307,-1,312,313,314,-1,314,313,315,-1,314,315,310,-1,310,307,314,-1,314,307,2,-1,314,2,316,-1,316,2,244,-1,316,244,317,-1,316,318,314,-1,314,318,319,-1,314,319,320,-1,321,322,323,-1,323,322,324,-1,323,324,244,-1,244,324,325,-1,244,325,317,-1,320,326,314,-1,314,326,327,-1,314,327,312,-1,328,329,330,-1,328,330,331,-1,329,332,330,-1,330,332,333,-1,330,333,323,-1,323,333,334,-1,323,334,321,-1,335,336,337,-1,337,336,338,-1,337,338,339,-1,340,341,342,-1,342,341,337,-1,342,337,343,-1,343,337,344,-1,339,345,337,-1,337,345,346,-1,337,346,344,-1,347,348,349,-1,347,349,350,-1,350,349,69,-1,350,69,351,-1,351,69,352,-1,352,69,67,-1,352,67,353,-1,67,354,355,-1,67,356,353,-1,353,356,357,-1,353,357,358,-1,358,357,359,-1,358,359,360,-1,355,361,67,-1,67,361,362,-1,67,362,356,-1,363,364,63,-1,363,63,365,-1,364,366,63,-1,63,366,367,-1,63,367,65,-1,65,367,368,-1,368,369,65,-1,65,369,370,-1,65,370,67,-1,67,370,371,-1,67,371,354,-1,372,365,373,-1,373,365,63,-1,373,63,374,-1,374,63,375,-1,376,377,378,-1,378,377,379,-1,379,380,378,-1,378,380,381,-1,378,381,4,-1,4,381,382,-1,4,382,5,-1,5,382,383,-1,5,383,63,-1,63,383,384,-1,63,384,375,-1,385,386,376,-1,376,386,387,-1,376,387,388,-1,388,389,376,-1,376,389,390,-1,376,390,377,-1,391,392,393,-1,394,395,385,-1,396,397,398,-1,398,397,399,-1,391,393,400,-1,394,385,401,-1,402,403,397,-1,397,403,404,-1,397,404,405,-1,340,406,341,-1,341,406,407,-1,341,407,385,-1,385,407,408,-1,385,408,401,-1,392,409,393,-1,393,409,410,-1,393,410,411,-1,412,413,414,-1,414,413,415,-1,414,415,416,-1,417,405,418,-1,418,405,419,-1,418,419,414,-1,414,419,420,-1,414,420,412,-1,417,421,405,-1,405,421,422,-1,405,422,397,-1,397,422,423,-1,397,423,399,-1,424,425,426,-1,426,425,427,-1,426,427,393,-1,393,427,428,-1,393,428,400,-1,429,430,393,-1,393,430,431,-1,393,431,397,-1,397,431,432,-1,397,432,402,-1,433,434,386,-1,386,434,435,-1,386,435,436,-1,436,437,386,-1,386,437,438,-1,386,438,439,-1,439,438,424,-1,439,424,440,-1,440,424,426,-1,395,441,385,-1,385,441,442,-1,385,442,386,-1,386,442,443,-1,386,443,433,-1,411,444,393,-1,393,444,445,-1,393,445,446,-1,446,447,393,-1,393,447,448,-1,393,448,429,-1,449,450,451,-1,450,452,451,-1,451,452,453,-1,451,453,454,-1,404,451,405,-1,405,451,455,-1,405,455,456,-1,457,458,459,-1,459,458,460,-1,459,460,461,-1,457,459,404,-1,404,459,462,-1,404,462,451,-1,451,462,463,-1,451,463,449,-1,464,465,466,-1,466,465,467,-1,466,467,468,-1,454,453,469,-1,469,453,470,-1,469,470,471,-1,471,470,472,-1,471,472,473,-1,456,474,405,-1,405,474,466,-1,405,466,475,-1,475,466,468,-1,476,43,477,-1,477,43,8,-1,477,8,478,-1,478,8,9,-1,478,9,330,-1,330,9,24,-1,330,24,331,-1,331,24,298,-1,31,479,33,-1,33,479,480,-1,33,480,158,-1,158,480,481,-1,158,481,154,-1,154,481,482,-1,154,482,130,-1,130,482,483,-1,130,483,131,-1,131,483,484,-1,131,484,71,-1,71,484,110,-1,71,110,72,-1,72,110,109,-1,485,476,486,-1,486,476,477,-1,486,477,487,-1,487,477,478,-1,487,478,488,-1,488,478,330,-1,488,330,489,-1,489,330,323,-1,489,323,490,-1,490,323,244,-1,490,244,491,-1,491,244,236,-1,491,236,492,-1,492,236,234,-1,492,234,493,-1,493,234,494,-1,493,494,378,-1,233,189,234,-1,234,189,181,-1,234,181,494,-1,494,181,495,-1,496,497,495,-1,495,497,498,-1,183,201,181,-1,181,201,91,-1,181,91,495,-1,495,91,122,-1,495,122,496,-1,496,122,499,-1,378,494,376,-1,376,494,495,-1,376,495,385,-1,385,495,498,-1,385,498,341,-1,341,498,500,-1,341,500,122,-1,122,500,501,-1,122,501,499,-1,502,503,504,-1,504,503,496,-1,504,496,505,-1,505,496,499,-1,505,499,506,-1,506,499,507,-1,508,509,510,-1,511,512,337,-1,337,512,508,-1,337,508,123,-1,123,508,510,-1,123,510,122,-1,122,510,513,-1,122,513,341,-1,341,513,511,-1,341,511,337,-1,115,113,116,-1,116,113,112,-1,116,112,123,-1,123,112,514,-1,123,514,337,-1,337,514,349,-1,337,349,335,-1,335,349,348,-1,479,515,480,-1,480,515,516,-1,480,516,481,-1,481,516,517,-1,481,517,482,-1,482,517,518,-1,482,518,483,-1,483,518,519,-1,483,519,484,-1,484,519,520,-1,484,520,110,-1,110,520,521,-1,110,521,112,-1,112,521,522,-1,112,522,514,-1,514,522,523,-1,514,523,349,-1,349,523,524,-1,349,524,69,-1,69,524,525,-1,69,525,70,-1,70,525,526,-1,527,528,529,-1,529,528,530,-1,529,530,531,-1,529,532,527,-1,527,532,533,-1,527,533,534,-1,534,533,535,-1,534,535,536,-1,536,535,537,-1,536,537,538,-1,530,539,531,-1,531,539,540,-1,531,540,541,-1,540,542,541,-1,541,542,543,-1,541,543,544,-1,543,545,544,-1,544,545,546,-1,544,546,547,-1,546,548,547,-1,547,548,549,-1,547,549,550,-1,549,551,550,-1,550,551,552,-1,550,552,553,-1,553,552,554,-1,553,554,555,-1,555,554,556,-1,555,556,557,-1,557,556,558,-1,557,558,559,-1,559,558,560,-1,559,560,561,-1,561,560,562,-1,563,564,565,-1,565,564,566,-1,565,566,567,-1,565,568,563,-1,563,568,569,-1,563,569,570,-1,570,569,571,-1,570,571,572,-1,572,571,573,-1,572,573,574,-1,566,575,567,-1,567,575,576,-1,567,576,577,-1,576,578,577,-1,577,578,579,-1,577,579,580,-1,579,581,580,-1,580,581,582,-1,580,582,583,-1,582,584,583,-1,583,584,585,-1,583,585,586,-1,585,587,586,-1,586,587,588,-1,586,588,589,-1,589,588,590,-1,589,590,591,-1,591,590,592,-1,591,592,593,-1,593,592,594,-1,593,594,595,-1,595,594,596,-1,595,596,597,-1,597,596,598,-1,599,543,542,-1,600,599,601,-1,601,599,542,-1,601,542,602,-1,602,542,540,-1,548,546,603,-1,549,548,604,-1,604,548,603,-1,604,603,605,-1,605,603,606,-1,607,608,609,-1,609,608,554,-1,609,554,552,-1,530,528,610,-1,610,528,611,-1,610,611,612,-1,613,614,615,-1,615,614,616,-1,616,579,615,-1,615,579,578,-1,615,578,576,-1,566,564,617,-1,617,564,618,-1,617,618,619,-1,620,585,584,-1,584,582,621,-1,620,584,622,-1,622,584,621,-1,622,621,623,-1,624,625,626,-1,626,625,590,-1,626,590,588,-1,627,628,629,-1,629,628,630,-1,629,630,631,-1,631,630,632,-1,630,633,632,-1,632,633,634,-1,632,634,635,-1,635,634,636,-1,635,636,637,-1,637,636,638,-1,637,638,639,-1,640,641,642,-1,642,641,643,-1,642,643,644,-1,644,643,645,-1,643,646,645,-1,645,646,647,-1,645,647,648,-1,648,647,649,-1,648,649,650,-1,650,649,651,-1,650,651,652,-1,653,654,655,-1,655,656,653,-1,653,656,657,-1,653,657,658,-1,658,659,653,-1,653,659,660,-1,653,660,661,-1,662,663,664,-1,664,663,665,-1,664,665,666,-1,667,668,664,-1,669,670,671,-1,671,670,672,-1,669,673,670,-1,670,673,674,-1,670,674,653,-1,653,674,675,-1,653,675,654,-1,662,664,676,-1,676,664,653,-1,676,653,677,-1,678,679,680,-1,680,679,681,-1,680,681,682,-1,661,683,653,-1,653,683,684,-1,653,684,677,-1,685,686,680,-1,680,686,687,-1,680,687,678,-1,666,688,664,-1,664,688,689,-1,664,689,690,-1,682,691,680,-1,680,691,692,-1,680,692,693,-1,690,694,664,-1,664,694,695,-1,664,695,667,-1,668,696,664,-1,664,696,697,-1,664,697,680,-1,680,697,698,-1,680,698,685,-1,699,700,670,-1,700,701,670,-1,670,701,702,-1,670,702,703,-1,703,704,670,-1,670,704,705,-1,670,705,672,-1,693,706,680,-1,680,706,707,-1,680,707,670,-1,670,707,708,-1,670,708,699,-1,709,710,711,-1,712,713,714,-1,714,713,715,-1,714,715,716,-1,716,715,717,-1,717,715,718,-1,717,718,719,-1,719,718,720,-1,719,720,721,-1,720,722,721,-1,721,722,723,-1,721,723,724,-1,724,723,725,-1,724,725,726,-1,726,725,727,-1,728,729,730,-1,728,730,731,-1,731,730,732,-1,731,732,733,-1,733,732,734,-1,733,734,735,-1,735,734,736,-1,735,736,737,-1,737,736,738,-1,737,738,727,-1,727,738,739,-1,727,739,726,-1,729,728,740,-1,740,728,741,-1,740,741,742,-1,742,741,743,-1,742,743,744,-1,745,746,747,-1,747,746,748,-1,747,748,749,-1,743,750,744,-1,744,750,751,-1,744,751,752,-1,752,751,753,-1,752,753,754,-1,754,753,755,-1,754,755,756,-1,756,755,757,-1,756,757,745,-1,745,757,758,-1,745,758,746,-1,759,760,761,-1,749,748,761,-1,761,748,762,-1,761,762,759,-1,760,759,763,-1,763,759,764,-1,763,764,710,-1,710,764,765,-1,710,765,711,-1,766,767,768,-1,709,711,768,-1,768,711,769,-1,768,769,766,-1,767,766,770,-1,770,766,771,-1,770,771,772,-1,772,771,773,-1,772,773,774,-1,774,773,775,-1,774,775,776,-1,776,775,777,-1,776,777,778,-1,778,777,779,-1,778,779,780,-1,780,779,781,-1,780,781,782,-1,782,781,783,-1,782,783,784,-1,784,783,785,-1,784,785,786,-1,786,785,787,-1,786,787,788,-1,788,787,789,-1,788,789,790,-1,790,789,791,-1,790,791,792,-1,792,791,793,-1,792,793,794,-1,794,793,795,-1,794,795,796,-1,796,795,797,-1,796,797,798,-1,798,797,799,-1,798,799,800,-1,799,801,800,-1,800,801,802,-1,800,802,803,-1,803,802,804,-1,803,804,805,-1,805,804,806,-1,805,806,807,-1,807,806,808,-1,807,808,809,-1,809,808,810,-1,809,810,811,-1,811,810,812,-1,811,812,813,-1,813,812,814,-1,813,814,815,-1,815,814,816,-1,816,814,817,-1,816,817,818,-1,818,817,819,-1,818,819,820,-1,820,819,821,-1,820,821,822,-1,822,821,823,-1,822,823,824,-1,824,823,825,-1,824,825,826,-1,826,825,827,-1,826,827,828,-1,828,827,829,-1,828,829,830,-1,830,829,831,-1,830,831,832,-1,832,831,833,-1,832,833,834,-1,834,833,835,-1,834,835,836,-1,836,835,837,-1,836,837,838,-1,838,837,839,-1,838,839,840,-1,840,839,841,-1,840,841,842,-1,842,841,843,-1,842,843,844,-1,844,843,845,-1,844,845,846,-1,846,845,847,-1,846,847,848,-1,848,847,849,-1,848,849,850,-1,850,849,851,-1,850,851,852,-1,852,851,853,-1,852,853,854,-1,854,853,855,-1,854,855,856,-1,856,855,857,-1,856,857,858,-1,858,857,859,-1,858,859,860,-1,860,859,861,-1,860,861,862,-1,862,861,863,-1,862,863,864,-1,864,863,865,-1,864,865,866,-1,866,865,867,-1,866,867,868,-1,868,867,869,-1,868,869,870,-1,870,869,871,-1,870,871,872,-1,872,871,873,-1,872,873,874,-1,874,873,875,-1,874,875,712,-1,712,875,876,-1,712,876,713,-1,877,878,879,-1,879,878,880,-1,879,880,881,-1,882,883,879,-1,879,883,884,-1,879,884,877,-1,885,886,879,-1,879,886,887,-1,879,887,882,-1,888,889,879,-1,879,889,890,-1,879,890,885,-1,891,892,879,-1,879,892,893,-1,879,893,888,-1,894,895,879,-1,879,895,896,-1,879,896,891,-1,897,898,879,-1,879,898,899,-1,879,899,894,-1,900,901,879,-1,879,901,902,-1,879,902,897,-1,903,904,879,-1,879,904,905,-1,879,905,900,-1,906,907,879,-1,879,907,908,-1,879,908,903,-1,909,910,879,-1,879,910,911,-1,879,911,906,-1,881,912,879,-1,879,912,913,-1,879,913,909,-1,914,915,916,-1,916,915,917,-1,619,618,916,-1,917,625,624,-1,619,916,613,-1,624,622,917,-1,917,622,623,-1,917,623,916,-1,916,623,614,-1,916,614,613,-1,918,919,920,-1,920,919,921,-1,612,611,919,-1,612,919,601,-1,918,608,607,-1,607,605,918,-1,918,605,606,-1,918,606,919,-1,919,606,600,-1,919,600,601,-1,
        ]
    }
}
Shape{
    appearance Appearance {
        material  Material {
            diffuseColor 0.8509803921568627 0.8509803921568627 0.8509803921568627
            specularColor 0.4235294117647059 0.4235294117647059 0.4235294117647059
            ambientIntensity 0.851
            transparency 0.0
            shininess 0.5
        }
    }
    geometry IndexedFaceSet {
        ccw TRUE
        solid FALSE
        coord DEF co Coordinate {
            point [
                -0.9843 -0.8065 0.0762, -0.9843 -0.8065 0.0591, -0.9843 -0.4521 0.0762, -0.9843 -0.4521 0.0591, -0.6934 -0.4521 0.0591, -0.6934 -0.8065 0.0591, -0.6934 -0.4521 0.0, -0.6934 -0.8065 0.0, -1.0433 -0.4521 0.2336, -1.0433 -0.8065 0.2336, -1.0418 -0.8065 0.2468, -0.9974 -0.8065 0.2912, -0.9843 -0.8065 0.2927, -0.9843 -0.66 0.2927, -1.0418 -0.4521 0.2468, -1.0375 -0.8065 0.2593, -1.0375 -0.4521 0.2593, -1.0304 -0.8065 0.2705, -1.0304 -0.4521 0.2705, -1.0211 -0.8065 0.2798, -1.0211 -0.4521 0.2798, -1.0099 -0.8065 0.2868, -1.0099 -0.4521 0.2868, -0.9974 -0.4521 0.2912, -0.9843 -0.4521 0.2927, -0.9843 -0.8065 0.2336, -0.9843 -0.4521 0.2336, -1.0433 -0.4521 0.0591, -1.0433 -0.8065 0.0591, -0.9843 -0.4521 0.0, -0.9843 -0.8065 0.0, -0.9995 -0.8065 0.002, -0.9995 -0.4521 0.002, -1.0138 -0.8065 0.0079, -1.0138 -0.4521 0.0079, -1.026 -0.8065 0.0173, -1.026 -0.4521 0.0173, -1.0354 -0.8065 0.0295, -1.0354 -0.4521 0.0295, -1.0413 -0.8065 0.0438, -1.0413 -0.4521 0.0438, -0.9843 0.4534 0.0762, -0.9843 0.4534 0.0591, -0.9843 0.8077 0.0762, -0.9843 0.8077 0.0591, -0.6934 0.4534 0.0591, -0.6934 0.4534 0.0, -0.6934 0.8077 0.0591, -0.6934 0.8077 0.0, -0.9843 0.8077 0.2336, -1.0433 0.8077 0.2336, -1.0418 0.8077 0.2468, -1.0375 0.8077 0.2593, -1.0304 0.8077 0.2705, -1.0211 0.8077 0.2798, -1.0099 0.8077 0.2868, -0.9974 0.8077 0.2912, -0.9843 0.8077 0.2927, -0.9843 0.66 0.2927, -0.9974 0.4534 0.2912, -1.0099 0.4534 0.2868, -1.0211 0.4534 0.2798, -1.0304 0.4534 0.2705, -1.0375 0.4534 0.2593, -1.0418 0.4534 0.2468, -1.0433 0.4534 0.2336, -0.9843 0.4534 0.2927, -0.9843 0.4534 0.2336, -1.0433 0.8077 0.0591, -1.0433 0.4534 0.0591, -1.0413 0.8077 0.0438, -1.0138 0.8077 0.0079, -0.9995 0.8077 0.002, -0.9843 0.8077 0.0, -1.026 0.8077 0.0173, -1.0354 0.8077 0.0295, -0.9843 0.4534 0.0, -0.9995 0.4534 0.002, -1.0138 0.4534 0.0079, -1.026 0.4534 0.0173, -1.0354 0.4534 0.0295, -1.0413 0.4534 0.0438, -0.9843 -0.1766 0.0591, -0.9843 0.1778 0.0591, -0.9843 -0.1766 0.0762, -0.9843 0.1778 0.0762, -0.6934 -0.1766 0.0591, -0.6934 -0.1766 0.0, -0.6934 0.1778 0.0591, -0.6934 0.1778 0.0, -0.9843 0.1778 0.2336, -1.0433 0.1778 0.2336, -1.0418 0.1778 0.2468, -1.0375 0.1778 0.2593, -1.0304 0.1778 0.2705, -1.0211 0.1778 0.2798, -1.0099 0.1778 0.2868, -0.9974 0.1778 0.2912, -0.9843 0.1778 0.2927, -1.0418 -0.1766 0.2468, -1.0433 -0.1766 0.2336, -0.9843 -0.1766 0.2336, -0.9843 -0.1766 0.2927, -0.9974 -0.1766 0.2912, -1.0099 -0.1766 0.2868, -1.0211 -0.1766 0.2798, -1.0304 -0.1766 0.2705, -1.0375 -0.1766 0.2593, -0.9843 -0.0 0.2927, -1.0433 0.1778 0.0591, -1.0433 -0.1766 0.0591, -1.0413 0.1778 0.0438, -1.0138 0.1778 0.0079, -0.9995 0.1778 0.002, -0.9843 0.1778 0.0, -1.026 0.1778 0.0173, -1.0354 0.1778 0.0295, -1.0413 -0.1766 0.0438, -1.0354 -0.1766 0.0295, -1.026 -0.1766 0.0173, -1.0138 -0.1766 0.0079, -0.9995 -0.1766 0.002, -0.9843 -0.1766 0.0
            ]
        }
        coordIndex [
            0,1,2,-1,2,1,3,-1,4,5,6,-1,6,5,7,-1,8,9,10,-1,11,12,13,-1,8,10,14,-1,14,10,15,-1,14,15,16,-1,16,15,17,-1,16,17,18,-1,18,17,19,-1,18,19,20,-1,20,19,21,-1,20,21,22,-1,22,21,11,-1,22,11,23,-1,23,11,13,-1,23,13,24,-1,10,9,25,-1,12,11,25,-1,25,11,21,-1,25,21,19,-1,19,17,25,-1,25,17,15,-1,25,15,10,-1,26,8,14,-1,14,16,26,-1,26,16,18,-1,26,18,20,-1,20,22,26,-1,26,22,23,-1,26,23,24,-1,8,27,9,-1,9,27,28,-1,25,9,0,-1,0,9,28,-1,0,28,1,-1,3,27,2,-1,2,27,8,-1,2,8,26,-1,29,30,31,-1,29,31,32,-1,32,31,33,-1,32,33,34,-1,34,33,35,-1,34,35,36,-1,36,35,37,-1,36,37,38,-1,38,37,39,-1,38,39,40,-1,40,39,28,-1,40,28,27,-1,28,39,1,-1,1,39,37,-1,1,37,35,-1,35,33,1,-1,1,33,31,-1,1,31,30,-1,36,38,3,-1,3,38,40,-1,3,40,27,-1,29,32,3,-1,3,32,34,-1,3,34,36,-1,29,6,30,-1,30,6,7,-1,30,7,1,-1,1,7,5,-1,1,5,3,-1,3,5,4,-1,29,3,6,-1,6,3,4,-1,41,42,43,-1,43,42,44,-1,45,46,47,-1,47,46,48,-1,49,50,51,-1,51,52,49,-1,49,52,53,-1,49,53,54,-1,54,55,49,-1,49,55,56,-1,49,56,57,-1,58,57,56,-1,59,55,60,-1,60,55,54,-1,60,54,61,-1,61,54,53,-1,61,53,62,-1,62,53,52,-1,62,52,63,-1,63,52,51,-1,63,51,64,-1,64,51,50,-1,64,50,65,-1,66,58,59,-1,59,58,56,-1,59,56,55,-1,64,65,67,-1,66,59,67,-1,67,59,60,-1,67,60,61,-1,61,62,67,-1,67,62,63,-1,67,63,64,-1,44,68,43,-1,43,68,50,-1,43,50,49,-1,50,68,65,-1,65,68,69,-1,67,65,41,-1,41,65,69,-1,41,69,42,-1,70,68,44,-1,71,44,72,-1,72,44,73,-1,71,74,44,-1,44,74,75,-1,44,75,70,-1,73,76,77,-1,73,77,72,-1,72,77,78,-1,72,78,71,-1,71,78,79,-1,71,79,74,-1,74,79,80,-1,74,80,75,-1,75,80,81,-1,75,81,70,-1,70,81,69,-1,70,69,68,-1,77,76,42,-1,69,81,42,-1,42,81,80,-1,80,79,42,-1,42,79,78,-1,42,78,77,-1,44,47,73,-1,73,47,48,-1,73,48,76,-1,76,48,46,-1,76,46,42,-1,42,46,45,-1,44,42,47,-1,47,42,45,-1,82,83,84,-1,84,83,85,-1,86,87,88,-1,88,87,89,-1,90,91,92,-1,92,93,90,-1,90,93,94,-1,90,94,95,-1,95,96,90,-1,90,96,97,-1,90,97,98,-1,99,100,101,-1,102,103,101,-1,101,103,104,-1,101,104,105,-1,105,106,101,-1,101,106,107,-1,101,107,99,-1,91,100,99,-1,103,102,108,-1,91,99,92,-1,92,99,107,-1,92,107,93,-1,93,107,106,-1,93,106,94,-1,94,106,105,-1,94,105,95,-1,95,105,104,-1,95,104,96,-1,96,104,103,-1,96,103,97,-1,97,103,108,-1,97,108,98,-1,83,109,85,-1,85,109,91,-1,85,91,90,-1,101,100,84,-1,84,100,110,-1,84,110,82,-1,100,91,110,-1,110,91,109,-1,111,109,83,-1,112,83,113,-1,113,83,114,-1,112,115,83,-1,83,115,116,-1,83,116,111,-1,110,117,82,-1,82,117,118,-1,82,118,119,-1,119,120,82,-1,82,120,121,-1,82,121,122,-1,114,122,121,-1,114,121,113,-1,113,121,120,-1,113,120,112,-1,112,120,119,-1,112,119,115,-1,115,119,118,-1,115,118,116,-1,116,118,117,-1,116,117,111,-1,111,117,110,-1,111,110,109,-1,89,114,88,-1,88,114,83,-1,88,83,86,-1,86,83,82,-1,86,82,87,-1,87,82,122,-1,122,114,87,-1,87,114,89,-1,
        ]
    }
}
Shape{
    appearance Appearance {
        material  Material {
            diffuseColor 0.8823529411764706 0.8823529411764706 0.8823529411764706
            specularColor 0.26666666666666666 0.26666666666666666 0.26666666666666666
            ambientIntensity 0.8824
            transparency 0.0
            shininess 0.5
        }
    }
    geometry IndexedFaceSet {
        ccw TRUE
        solid FALSE
        coord DEF co Coordinate {
            point [
                -0.4435 0.1614 0.0762, -0.4405 0.1707 0.0762, -0.4399 0.1704 0.0813, 0.0819 0.4648 0.0762, 0.1293 0.4544 0.0762, 0.1291 0.4538 0.0813, 0.4086 0.2359 0.0762, 0.4292 0.1975 0.0762, 0.4286 0.1972 0.0813, 0.3615 -0.3033 0.0762, 0.3289 -0.3392 0.0762, 0.3284 -0.3387 0.0813, 0.0 -0.4718 0.0762, -0.0436 -0.4704 0.0762, -0.0435 -0.4698 0.0813, -0.2041 0.4099 0.0952, -0.2529 0.3817 0.0952, -0.2555 0.3856 0.0932, -0.4391 0.1104 0.0958, -0.4493 0.0556 0.0958, -0.4544 0.0563 0.0952, -0.4222 0.1636 0.0958, -0.444 0.1117 0.0952, -0.3989 0.2142 0.0958, -0.4269 0.1654 0.0952, -0.3695 0.2616 0.0958, -0.4034 0.2166 0.0952, -0.2501 0.3774 0.0958, -0.2018 0.4053 0.0958, -0.1505 0.427 0.0958, -0.1505 -0.427 0.0958, -0.0969 -0.4423 0.0958, -0.0979 -0.4473 0.0952, -0.0422 -0.4559 0.0952, -0.0427 -0.4606 0.0932, 0.0142 -0.4624 0.0932, 0.0144 -0.4665 0.0901, 0.445 0.0832 0.0958, 0.4314 0.1373 0.0958, 0.4363 0.1388 0.0952, 0.4159 0.1914 0.0952, 0.4203 0.1933 0.0932, 0.3933 0.2435 0.0932, 0.3968 0.2457 0.0901, -0.3036 0.3544 0.0901, -0.301 0.3513 0.0932, -0.2979 0.3477 0.0952, -0.2946 0.3438 0.0958, -0.4631 -0.0573 0.0901, -0.4667 0.0 0.0901, -0.4626 0.0 0.0932, -0.2018 -0.4053 0.0958, -0.1522 -0.4318 0.0952, -0.099 -0.4519 0.0932, -0.0431 -0.4647 0.0901, 0.0145 -0.4696 0.086, 0.4519 0.0279 0.0958, 0.4501 0.0841 0.0952, 0.4408 0.1402 0.0932, 0.424 0.1951 0.0901, 0.3994 0.2473 0.086, -0.3472 0.3165 0.086, -0.3449 0.3144 0.0901, -0.3419 0.3117 0.0932, -0.3384 0.3085 0.0952, -0.3346 0.305 0.0958, -0.4662 -0.0577 0.086, -0.4698 0.0 0.086, -0.2501 -0.3774 0.0958, -0.2041 -0.4099 0.0952, -0.1537 -0.4363 0.0932, -0.0998 -0.4559 0.0901, -0.0433 -0.4678 0.086, 0.0145 -0.4715 0.0813, 0.1286 -0.4519 0.086, 0.0721 -0.4642 0.086, 0.0716 -0.4612 0.0901, 0.4519 -0.0279 0.0958, 0.457 0.0282 0.0952, 0.4547 0.085 0.0932, 0.4447 0.1415 0.0901, 0.4268 0.1964 0.086, 0.4011 0.2484 0.0813, 0.327 0.3373 0.086, 0.366 0.2945 0.086, 0.3636 0.2926 0.0901, -0.3851 0.2726 0.0813, -0.3835 0.2714 0.086, -0.3809 0.2696 0.0901, -0.3776 0.2673 0.0932, -0.3737 0.2645 0.0952, -0.4718 0.0 0.0813, -0.4682 -0.058 0.0813, -0.4575 -0.1151 0.0813, -0.4156 -0.2232 0.0813, -0.4399 -0.1704 0.0813, -0.4381 -0.1697 0.086, -0.4556 -0.1146 0.086, -0.4526 -0.1138 0.0901, -0.4591 -0.0568 0.0932, -0.4579 0.0 0.0952, -0.4493 -0.0556 0.0958, -0.4391 -0.1104 0.0958, -0.444 -0.1117 0.0952, -0.4269 -0.1654 0.0952, -0.4314 -0.1671 0.0932, -0.4076 -0.2189 0.0932, -0.4111 -0.2208 0.0901, -0.3809 -0.2696 0.0901, -0.3835 -0.2714 0.086, -0.3472 -0.3165 0.086, -0.3486 -0.3178 0.0813, -0.3069 -0.3583 0.0813, -0.3989 -0.2142 0.0958, -0.3695 -0.2616 0.0958, -0.3737 -0.2645 0.0952, -0.3384 -0.3085 0.0952, -0.3419 -0.3117 0.0932, -0.301 -0.3513 0.0932, -0.3036 -0.3544 0.0901, -0.2578 -0.389 0.0901, -0.2595 -0.3916 0.086, -0.2094 -0.4206 0.086, -0.2103 -0.4223 0.0813, -0.1568 -0.445 0.0813, -0.3346 -0.305 0.0958, -0.2979 -0.3477 0.0952, -0.2555 -0.3856 0.0932, -0.208 -0.4178 0.0901, -0.1561 -0.4431 0.086, -0.1009 -0.4608 0.0813, -0.1011 -0.4615 0.0762, -0.0819 -0.4645 0.0762, 0.0724 -0.4662 0.0813, 0.1291 -0.4538 0.0813, 0.1839 -0.4345 0.0813, -0.0418 -0.4508 0.0958, 0.0139 -0.4525 0.0958, 0.0141 -0.4576 0.0952, 0.0702 -0.4524 0.0952, 0.071 -0.4571 0.0932, 0.1266 -0.4449 0.0932, 0.1277 -0.4489 0.0901, 0.1819 -0.4298 0.0901, 0.1831 -0.4326 0.086, 0.2349 -0.4069 0.086, 0.2359 -0.4086 0.0813, 0.2843 -0.3765 0.0813, 0.2847 -0.377 0.0762, 0.3031 -0.3612 0.0762, 0.1239 -0.4355 0.0958, 0.1765 -0.4169 0.0958, 0.1785 -0.4216 0.0952, 0.2289 -0.3965 0.0952, 0.2313 -0.4006 0.0932, 0.2788 -0.3692 0.0932, 0.2812 -0.3724 0.0901, 0.3249 -0.335 0.0901, 0.327 -0.3373 0.086, 0.366 -0.2945 0.086, 0.3675 -0.2958 0.0813, 0.4011 -0.2484 0.0813, 0.2728 -0.3613 0.0958, 0.3152 -0.325 0.0958, 0.3187 -0.3287 0.0952, 0.3567 -0.287 0.0952, 0.3604 -0.29 0.0932, 0.3933 -0.2435 0.0932, 0.3968 -0.2457 0.0901, 0.424 -0.1951 0.0901, 0.4268 -0.1964 0.086, 0.4477 -0.1424 0.086, 0.4496 -0.143 0.0813, 0.4637 -0.0867 0.0813, 0.3849 -0.2383 0.0958, 0.4113 -0.1892 0.0958, 0.4159 -0.1914 0.0952, 0.4363 -0.1388 0.0952, 0.4408 -0.1402 0.0932, 0.4547 -0.085 0.0932, 0.4587 -0.0858 0.0901, 0.4658 -0.0287 0.0901, 0.4689 -0.0289 0.086, 0.4689 0.0289 0.086, 0.4709 0.029 0.0813, 0.4637 0.0867 0.0813, 0.4314 -0.1373 0.0958, 0.4501 -0.0841 0.0952, 0.4617 -0.0285 0.0932, 0.4658 0.0287 0.0901, 0.4618 0.0863 0.086, 0.4496 0.143 0.0813, 0.4502 0.1432 0.0762, 0.4432 0.1613 0.0762, 0.3675 0.2958 0.0813, 0.3284 0.3387 0.0813, 0.2843 0.3765 0.0813, 0.4113 0.1892 0.0958, 0.3849 0.2383 0.0958, 0.3893 0.241 0.0952, 0.3567 0.287 0.0952, 0.3604 0.29 0.0932, 0.322 0.3321 0.0932, 0.3249 0.335 0.0901, 0.2812 0.3724 0.0901, 0.2831 0.3749 0.086, 0.2349 0.4069 0.086, 0.2359 0.4086 0.0813, 0.1839 0.4345 0.0813, 0.1842 0.4351 0.0762, 0.1613 0.4431 0.0762, 0.3152 0.325 0.0958, 0.2728 0.3613 0.0958, 0.2759 0.3654 0.0952, 0.2289 0.3965 0.0952, 0.2313 0.4006 0.0932, 0.1803 0.426 0.0932, 0.1819 0.4298 0.0901, 0.1277 0.4489 0.0901, 0.1286 0.4519 0.086, 0.0721 0.4642 0.086, 0.0724 0.4662 0.0813, 0.0145 0.4715 0.0813, 0.1765 0.4169 0.0958, 0.1239 0.4355 0.0958, 0.1253 0.4404 0.0952, 0.0702 0.4524 0.0952, 0.071 0.4571 0.0932, 0.0142 0.4624 0.0932, 0.0144 0.4665 0.0901, -0.0431 0.4647 0.0901, -0.0433 0.4678 0.086, -0.1005 0.4589 0.086, -0.1009 0.4608 0.0813, -0.1568 0.445 0.0813, 0.0139 0.4525 0.0958, -0.0418 0.4508 0.0958, -0.0422 0.4559 0.0952, -0.0979 0.4473 0.0952, -0.099 0.4519 0.0932, -0.1537 0.4363 0.0932, -0.1551 0.4401 0.0901, -0.208 0.4178 0.0901, -0.2094 0.4206 0.086, -0.2595 0.3916 0.086, -0.2606 0.3933 0.0813, -0.3069 0.3583 0.0813, -0.0969 0.4423 0.0958, -0.1522 0.4318 0.0952, -0.2062 0.4141 0.0932, -0.2578 0.389 0.0901, -0.3057 0.3568 0.086, -0.3486 0.3178 0.0813, -0.3491 0.3183 0.0762, -0.3613 0.3032 0.0762, -0.4435 -0.1614 0.0762, -0.4582 -0.1152 0.0762, -0.4644 -0.0819 0.0762, -0.4689 -0.0581 0.0762, -0.4724 -0.0 0.0762, -0.3613 -0.3032 0.0762, -0.3856 -0.273 0.0762, -0.3851 -0.2726 0.0813, -0.4139 -0.2223 0.086, -0.4352 -0.1686 0.0901, -0.4486 -0.1128 0.0932, -0.4544 -0.0563 0.0952, -0.4528 0.0 0.0958, -0.4086 -0.2359 0.0762, -0.4162 -0.2235 0.0762, -0.4405 -0.1707 0.0762, -0.2358 -0.4084 0.0762, -0.261 -0.3938 0.0762, -0.2606 -0.3933 0.0813, -0.3057 -0.3568 0.086, -0.3449 -0.3144 0.0901, -0.3776 -0.2673 0.0932, -0.4034 -0.2166 0.0952, -0.4222 -0.1636 0.0958, -0.3035 -0.3617 0.0762, -0.3074 -0.3588 0.0762, -0.3491 -0.3183 0.0762, -0.157 -0.4456 0.0762, -0.1615 -0.4437 0.0762, -0.2106 -0.4229 0.0762, -0.2946 -0.3438 0.0958, -0.2529 -0.3817 0.0952, -0.2062 -0.4141 0.0932, -0.1551 -0.4401 0.0901, -0.1005 -0.4589 0.086, 0.0145 -0.4722 0.0762, 0.0725 -0.4668 0.0762, 0.2362 -0.4091 0.0762, 0.1842 -0.4351 0.0762, 0.1613 -0.4431 0.0762, 0.1293 -0.4544 0.0762, 0.0819 -0.4648 0.0762, 0.0694 -0.4474 0.0958, 0.1253 -0.4404 0.0952, 0.1803 -0.426 0.0932, 0.2333 -0.4042 0.0901, 0.2831 -0.3749 0.086, 0.4432 -0.1613 0.0762, 0.4292 -0.1975 0.0762, 0.4286 -0.1972 0.0813, 0.3994 -0.2473 0.086, 0.3636 -0.2926 0.0901, 0.322 -0.3321 0.0932, 0.2759 -0.3654 0.0952, 0.2264 -0.3921 0.0958, 0.4086 -0.2359 0.0762, 0.4017 -0.2487 0.0762, 0.3681 -0.2962 0.0762, 0.4715 0.0 0.0762, 0.4715 -0.0291 0.0762, 0.4709 -0.029 0.0813, 0.4618 -0.0863 0.086, 0.4447 -0.1415 0.0901, 0.4203 -0.1933 0.0932, 0.3893 -0.241 0.0952, 0.3527 -0.2838 0.0958, 0.465 -0.082 0.0762, 0.4644 -0.0868 0.0762, 0.4502 -0.1432 0.0762, 0.4644 0.0868 0.0762, 0.465 0.082 0.0762, 0.4715 0.0291 0.0762, 0.445 -0.0832 0.0958, 0.457 -0.0282 0.0952, 0.4617 0.0285 0.0932, 0.4587 0.0858 0.0901, 0.4477 0.1424 0.086, 0.4017 0.2487 0.0762, 0.3681 0.2962 0.0762, 0.2362 0.4091 0.0762, 0.2847 0.377 0.0762, 0.3031 0.3612 0.0762, 0.3289 0.3392 0.0762, 0.3615 0.3033 0.0762, 0.3527 0.2838 0.0958, 0.3187 0.3287 0.0952, 0.2788 0.3692 0.0932, 0.2333 0.4042 0.0901, 0.1831 0.4326 0.086, -0.0819 0.4645 0.0762, -0.0436 0.4704 0.0762, -0.0435 0.4698 0.0813, 0.0145 0.4696 0.086, 0.0716 0.4612 0.0901, 0.1266 0.4449 0.0932, 0.1785 0.4216 0.0952, 0.2264 0.3921 0.0958, 0.0 0.4718 0.0762, 0.0145 0.4722 0.0762, 0.0725 0.4668 0.0762, -0.2358 0.4084 0.0762, -0.2106 0.4229 0.0762, -0.2103 0.4223 0.0813, -0.1561 0.4431 0.086, -0.0998 0.4559 0.0901, -0.0427 0.4606 0.0932, 0.0141 0.4576 0.0952, 0.0694 0.4474 0.0958, -0.1615 0.4437 0.0762, -0.157 0.4456 0.0762, -0.1011 0.4615 0.0762, -0.3074 0.3588 0.0762, -0.3035 0.3617 0.0762, -0.261 0.3938 0.0762, -0.3856 0.273 0.0762, -0.4156 0.2232 0.0813, -0.4162 0.2235 0.0762, -0.4086 0.2359 0.0762, -0.4076 0.2189 0.0932, -0.4111 0.2208 0.0901, -0.4139 0.2223 0.086, -0.4314 0.1671 0.0932, -0.4352 0.1686 0.0901, -0.4381 0.1697 0.086, -0.4486 0.1128 0.0932, -0.4526 0.1138 0.0901, -0.4556 0.1146 0.086, -0.4575 0.1151 0.0813, -0.4582 0.1152 0.0762, -0.4682 0.058 0.0813, -0.4689 0.0581 0.0762, -0.4644 0.0819 0.0762, -0.4591 0.0568 0.0932, -0.4631 0.0573 0.0901, -0.4662 0.0577 0.086, 0.4644 0.0819 0.0368, 0.4587 0.1131 0.0368, 0.4594 0.1132 0.0317, 0.4085 0.2358 0.0368, 0.3888 0.2684 0.0368, 0.3894 0.2688 0.0317, 0.3033 0.3614 0.0368, 0.2684 0.3888 0.0368, 0.2688 0.3894 0.0317, 0.2358 0.4085 0.0368, 0.2196 0.4183 0.0368, 0.2199 0.4189 0.0317, 0.1615 0.4436 0.0368, 0.1131 0.4587 0.0368, 0.1132 0.4594 0.0317, 0.0819 0.4644 0.0368, 0.0569 0.469 0.0368, 0.057 0.4697 0.0317, -0.0819 0.4644 0.0368, -0.1131 0.4587 0.0368, -0.1132 0.4594 0.0317, -0.2358 0.4085 0.0368, -0.2684 0.3888 0.0368, -0.2688 0.3894 0.0317, -0.3614 0.3033 0.0368, -0.3888 0.2684 0.0368, -0.3894 0.2688 0.0317, -0.4085 0.2358 0.0368, -0.4183 0.2196 0.0368, -0.4189 0.2199 0.0317, -0.4436 0.1615 0.0368, -0.4587 0.1131 0.0368, -0.4594 0.1132 0.0317, -0.4644 0.0819 0.0368, -0.469 0.0569 0.0368, -0.4697 0.057 0.0317, -0.4644 -0.0819 0.0368, -0.4587 -0.1131 0.0368, -0.4594 -0.1132 0.0317, -0.4085 -0.2358 0.0368, -0.3888 -0.2684 0.0368, -0.3894 -0.2688 0.0317, -0.3033 -0.3614 0.0368, -0.2684 -0.3888 0.0368, -0.2688 -0.3894 0.0317, -0.2358 -0.4085 0.0368, -0.2196 -0.4183 0.0368, -0.2199 -0.4189 0.0317, -0.1615 -0.4436 0.0368, -0.1131 -0.4587 0.0368, -0.1132 -0.4594 0.0317, -0.0819 -0.4644 0.0368, -0.0569 -0.469 0.0368, -0.057 -0.4697 0.0317, 0.0819 -0.4644 0.0368, 0.1131 -0.4587 0.0368, 0.1132 -0.4594 0.0317, 0.2358 -0.4085 0.0368, 0.2684 -0.3888 0.0368, 0.2688 -0.3894 0.0317, 0.3614 -0.3033 0.0368, 0.3888 -0.2684 0.0368, 0.3894 -0.2688 0.0317, 0.4085 -0.2358 0.0368, 0.4183 -0.2196 0.0368, 0.4189 -0.2199 0.0317, 0.4436 -0.1615 0.0368, 0.4587 -0.1131 0.0368, 0.4594 -0.1132 0.0317, 0.4644 -0.0819 0.0368, 0.469 -0.0569 0.0368, 0.4697 -0.057 0.0317, 0.3263 -0.3684 0.0171, 0.2796 -0.405 0.0171, 0.323 -0.3645 0.0178, 0.2767 -0.4008 0.0178, 0.3198 -0.361 0.0197, 0.274 -0.3969 0.0197, 0.3171 -0.3579 0.0229, 0.2717 -0.3936 0.0229, 0.315 -0.3556 0.0269, 0.2699 -0.391 0.0269, 0.3137 -0.3541 0.0317, 0.1745 -0.4601 0.0171, 0.1178 -0.4778 0.0171, 0.1727 -0.4554 0.0178, 0.1166 -0.4729 0.0178, 0.171 -0.4509 0.0197, 0.1154 -0.4683 0.0197, 0.1696 -0.4471 0.0229, 0.1144 -0.4643 0.0229, 0.1685 -0.4442 0.0269, 0.1137 -0.4613 0.0269, 0.1678 -0.4424 0.0317, -0.3684 -0.3263 0.0171, -0.405 -0.2796 0.0171, -0.3645 -0.323 0.0178, -0.4008 -0.2767 0.0178, -0.361 -0.3198 0.0197, -0.3969 -0.274 0.0197, -0.3579 -0.3171 0.0229, -0.3936 -0.2717 0.0229, -0.3556 -0.315 0.0269, -0.391 -0.2699 0.0269, -0.3541 -0.3137 0.0317, -0.4601 -0.1745 0.0171, -0.4778 -0.1178 0.0171, -0.4554 -0.1727 0.0178, -0.4729 -0.1166 0.0178, -0.4509 -0.171 0.0197, -0.4683 -0.1154 0.0197, -0.4471 -0.1696 0.0229, -0.4643 -0.1144 0.0229, -0.4442 -0.1685 0.0269, -0.4613 -0.1137 0.0269, -0.4424 -0.1678 0.0317, -0.3263 0.3684 0.0171, -0.2796 0.405 0.0171, -0.323 0.3645 0.0178, -0.2767 0.4008 0.0178, -0.3198 0.361 0.0197, -0.274 0.3969 0.0197, -0.3171 0.3579 0.0229, -0.2717 0.3936 0.0229, -0.315 0.3556 0.0269, -0.2699 0.391 0.0269, -0.3137 0.3541 0.0317, -0.1745 0.4601 0.0171, -0.1178 0.4778 0.0171, -0.1727 0.4554 0.0178, -0.1166 0.4729 0.0178, -0.171 0.4509 0.0197, -0.1154 0.4683 0.0197, -0.1696 0.4471 0.0229, -0.1144 0.4643 0.0229, -0.1685 0.4442 0.0269, -0.1137 0.4613 0.0269, -0.1678 0.4424 0.0317, 0.3684 0.3263 0.0171, 0.405 0.2796 0.0171, 0.3645 0.323 0.0178, 0.4008 0.2767 0.0178, 0.361 0.3198 0.0197, 0.3969 0.274 0.0197, 0.3579 0.3171 0.0229, 0.3936 0.2717 0.0229, 0.3556 0.315 0.0269, 0.391 0.2699 0.0269, 0.3541 0.3137 0.0317, 0.4601 0.1745 0.0171, 0.4778 0.1178 0.0171, 0.4554 0.1727 0.0178, 0.4729 0.1166 0.0178, 0.4509 0.171 0.0197, 0.4683 0.1154 0.0197, 0.4471 0.1696 0.0229, 0.4643 0.1144 0.0229, 0.4442 0.1685 0.0269, 0.4613 0.1137 0.0269, 0.4424 0.1678 0.0317, 0.4921 0.0 0.0171, 0.4885 -0.0593 0.0171, 0.487 0.0 0.0178, 0.4835 -0.0587 0.0178, 0.4823 0.0 0.0197, 0.4788 -0.0581 0.0197, 0.4782 0.0 0.0229, 0.4747 -0.0576 0.0229, 0.4751 0.0 0.0269, 0.4716 -0.0573 0.0269, 0.4731 0.0 0.0317, 0.4724 -0.0 0.0368, 0.4778 -0.1178 0.0171, 0.4729 -0.1166 0.0178, 0.4683 -0.1154 0.0197, 0.4643 -0.1144 0.0229, 0.4613 -0.1137 0.0269, 0.4417 -0.1675 0.0368, 0.4424 -0.1678 0.0317, 0.4442 -0.1685 0.0269, 0.4471 -0.1696 0.0229, 0.4509 -0.171 0.0197, 0.4554 -0.1727 0.0178, 0.4601 -0.1745 0.0171, 0.4358 -0.2287 0.0171, 0.4312 -0.2263 0.0178, 0.427 -0.2241 0.0197, 0.4234 -0.2222 0.0229, 0.4207 -0.2208 0.0269, 0.405 -0.2796 0.0171, 0.4008 -0.2767 0.0178, 0.3969 -0.274 0.0197, 0.3936 -0.2717 0.0229, 0.391 -0.2699 0.0269, 0.3536 -0.3133 0.0368, 0.3541 -0.3137 0.0317, 0.3556 -0.315 0.0269, 0.3579 -0.3171 0.0229, 0.361 -0.3198 0.0197, 0.3645 -0.323 0.0178, 0.3684 -0.3263 0.0171, 0.3133 -0.3536 0.0368, 0.3033 -0.3614 0.0368, 0.2196 -0.4183 0.0368, 0.2199 -0.4189 0.0317, 0.2208 -0.4207 0.0269, 0.2222 -0.4234 0.0229, 0.2241 -0.427 0.0197, 0.2263 -0.4312 0.0178, 0.2287 -0.4358 0.0171, 0.1675 -0.4417 0.0368, 0.1615 -0.4436 0.0368, 0.0569 -0.469 0.0368, 0.057 -0.4697 0.0317, 0.0573 -0.4716 0.0269, 0.0576 -0.4747 0.0229, 0.0581 -0.4788 0.0197, 0.0587 -0.4835 0.0178, 0.0593 -0.4885 0.0171, 0.0 -0.4921 0.0171, 0.0 -0.487 0.0178, 0.0 -0.4823 0.0197, 0.0 -0.4782 0.0229, 0.0 -0.4751 0.0269, 0.0 -0.4731 0.0317, 0.0 -0.4724 0.0368, -0.0593 -0.4885 0.0171, -0.0587 -0.4835 0.0178, -0.0581 -0.4788 0.0197, -0.0576 -0.4747 0.0229, -0.0573 -0.4716 0.0269, -0.1178 -0.4778 0.0171, -0.1166 -0.4729 0.0178, -0.1154 -0.4683 0.0197, -0.1144 -0.4643 0.0229, -0.1137 -0.4613 0.0269, -0.1675 -0.4417 0.0368, -0.1678 -0.4424 0.0317, -0.1685 -0.4442 0.0269, -0.1696 -0.4471 0.0229, -0.171 -0.4509 0.0197, -0.1727 -0.4554 0.0178, -0.1745 -0.4601 0.0171, -0.2287 -0.4358 0.0171, -0.2263 -0.4312 0.0178, -0.2241 -0.427 0.0197, -0.2222 -0.4234 0.0229, -0.2208 -0.4207 0.0269, -0.2796 -0.405 0.0171, -0.2767 -0.4008 0.0178, -0.274 -0.3969 0.0197, -0.2717 -0.3936 0.0229, -0.2699 -0.391 0.0269, -0.3133 -0.3536 0.0368, -0.3137 -0.3541 0.0317, -0.315 -0.3556 0.0269, -0.3171 -0.3579 0.0229, -0.3198 -0.361 0.0197, -0.323 -0.3645 0.0178, -0.3263 -0.3684 0.0171, -0.3536 -0.3133 0.0368, -0.3614 -0.3033 0.0368, -0.4183 -0.2196 0.0368, -0.4189 -0.2199 0.0317, -0.4207 -0.2208 0.0269, -0.4234 -0.2222 0.0229, -0.427 -0.2241 0.0197, -0.4312 -0.2263 0.0178, -0.4358 -0.2287 0.0171, -0.4417 -0.1675 0.0368, -0.4436 -0.1615 0.0368, -0.469 -0.0569 0.0368, -0.4697 -0.057 0.0317, -0.4716 -0.0573 0.0269, -0.4747 -0.0576 0.0229, -0.4788 -0.0581 0.0197, -0.4835 -0.0587 0.0178, -0.4885 -0.0593 0.0171, -0.4921 0.0 0.0171, -0.487 0.0 0.0178, -0.4823 0.0 0.0197, -0.4782 0.0 0.0229, -0.4751 0.0 0.0269, -0.4731 0.0 0.0317, -0.4724 -0.0 0.0368, -0.4885 0.0593 0.0171, -0.4835 0.0587 0.0178, -0.4788 0.0581 0.0197, -0.4747 0.0576 0.0229, -0.4716 0.0573 0.0269, -0.4778 0.1178 0.0171, -0.4729 0.1166 0.0178, -0.4683 0.1154 0.0197, -0.4643 0.1144 0.0229, -0.4613 0.1137 0.0269, -0.4417 0.1675 0.0368, -0.4424 0.1678 0.0317, -0.4442 0.1685 0.0269, -0.4471 0.1696 0.0229, -0.4509 0.171 0.0197, -0.4554 0.1727 0.0178, -0.4601 0.1745 0.0171, -0.4358 0.2287 0.0171, -0.4312 0.2263 0.0178, -0.427 0.2241 0.0197, -0.4234 0.2222 0.0229, -0.4207 0.2208 0.0269, -0.405 0.2796 0.0171, -0.4008 0.2767 0.0178, -0.3969 0.274 0.0197, -0.3936 0.2717 0.0229, -0.391 0.2699 0.0269, -0.3536 0.3133 0.0368, -0.3541 0.3137 0.0317, -0.3556 0.315 0.0269, -0.3579 0.3171 0.0229, -0.361 0.3198 0.0197, -0.3645 0.323 0.0178, -0.3684 0.3263 0.0171, -0.3133 0.3536 0.0368, -0.3033 0.3614 0.0368, -0.2196 0.4183 0.0368, -0.2199 0.4189 0.0317, -0.2208 0.4207 0.0269, -0.2222 0.4234 0.0229, -0.2241 0.427 0.0197, -0.2263 0.4312 0.0178, -0.2287 0.4358 0.0171, -0.1675 0.4417 0.0368, -0.1615 0.4436 0.0368, -0.0569 0.469 0.0368, -0.057 0.4697 0.0317, -0.0573 0.4716 0.0269, -0.0576 0.4747 0.0229, -0.0581 0.4788 0.0197, -0.0587 0.4835 0.0178, -0.0593 0.4885 0.0171, 0.0 0.4921 0.0171, 0.0 0.487 0.0178, 0.0 0.4823 0.0197, 0.0 0.4782 0.0229, 0.0 0.4751 0.0269, 0.0 0.4731 0.0317, 0.0 0.4724 0.0368, 0.0593 0.4885 0.0171, 0.0587 0.4835 0.0178, 0.0581 0.4788 0.0197, 0.0576 0.4747 0.0229, 0.0573 0.4716 0.0269, 0.1178 0.4778 0.0171, 0.1166 0.4729 0.0178, 0.1154 0.4683 0.0197, 0.1144 0.4643 0.0229, 0.1137 0.4613 0.0269, 0.1675 0.4417 0.0368, 0.1678 0.4424 0.0317, 0.1685 0.4442 0.0269, 0.1696 0.4471 0.0229, 0.171 0.4509 0.0197, 0.1727 0.4554 0.0178, 0.1745 0.4601 0.0171, 0.2287 0.4358 0.0171, 0.2263 0.4312 0.0178, 0.2241 0.427 0.0197, 0.2222 0.4234 0.0229, 0.2208 0.4207 0.0269, 0.2796 0.405 0.0171, 0.2767 0.4008 0.0178, 0.274 0.3969 0.0197, 0.2717 0.3936 0.0229, 0.2699 0.391 0.0269, 0.3133 0.3536 0.0368, 0.3137 0.3541 0.0317, 0.315 0.3556 0.0269, 0.3171 0.3579 0.0229, 0.3198 0.361 0.0197, 0.323 0.3645 0.0178, 0.3263 0.3684 0.0171, 0.3536 0.3133 0.0368, 0.3614 0.3033 0.0368, 0.4183 0.2196 0.0368, 0.4189 0.2199 0.0317, 0.4207 0.2208 0.0269, 0.4234 0.2222 0.0229, 0.427 0.2241 0.0197, 0.4312 0.2263 0.0178, 0.4358 0.2287 0.0171, 0.4417 0.1675 0.0368, 0.4436 0.1615 0.0368, 0.469 0.0569 0.0368, 0.4697 0.057 0.0317, 0.4716 0.0573 0.0269, 0.4747 0.0576 0.0229, 0.4788 0.0581 0.0197, 0.4835 0.0587 0.0178, 0.4885 0.0593 0.0171, 0.9744 0.9816 0.086, 0.9697 0.9836 0.0907, 0.9697 0.9836 0.2927, 0.9646 0.9843 0.0958, 0.9646 0.9843 0.2927, 0.9743 0.9817 0.2927, 0.9744 0.9816 0.2927, 0.9785 0.9785 0.0819, 0.9765 0.9803 0.2927, 0.9784 0.9786 0.2927, 0.9785 0.9785 0.2927, 0.9802 0.9766 0.0802, 0.9787 0.9783 0.2927, 0.9816 0.9744 0.0788, 0.9816 0.9744 0.2927, 0.9828 0.9721 0.0777, 0.9828 0.9721 0.2927, 0.9836 0.9697 0.0768, 0.9836 0.9697 0.2927, 0.9841 0.9671 0.0763, 0.9843 0.9646 0.2927, 0.9843 0.9646 0.0762, 0.9843 -0.9646 0.0762, 0.9843 -0.9646 0.2927, 0.9841 -0.9671 0.0763, 0.9836 -0.9697 0.2927, 0.9785 -0.9785 0.0819, 0.9802 -0.9766 0.0802, 0.9816 -0.9744 0.2927, 0.9816 -0.9744 0.0788, 0.9828 -0.9721 0.2927, 0.9828 -0.9721 0.0777, 0.9836 -0.9697 0.0768, 0.9787 -0.9783 0.2927, 0.9785 -0.9785 0.2927, 0.9744 -0.9816 0.086, 0.9784 -0.9786 0.2927, 0.9765 -0.9803 0.2927, 0.9744 -0.9816 0.2927, 0.9697 -0.9836 0.0907, 0.9743 -0.9817 0.2927, 0.9697 -0.9836 0.2927, 0.9646 -0.9843 0.2927, 0.9646 -0.9843 0.0958, 0.6594 0.9816 0.086, 0.6547 0.9836 0.0907, 0.6496 0.9843 0.0958, 0.6667 0.9744 0.0788, 0.6652 0.9766 0.0802, 0.6635 0.9785 0.0819, 0.6693 0.9646 0.0762, 0.6691 0.9671 0.0763, 0.6686 0.9697 0.0768, 0.6678 0.9721 0.0777, 0.6686 -0.9697 0.0768, 0.6688 -0.9689 0.0767, 0.6692 -0.9668 0.0763, 0.6693 -0.9646 0.0762, 0.6673 -0.9731 0.0781, 0.6666 -0.9744 0.0789, 0.665 -0.9768 0.0805, 0.6634 -0.9784 0.082, 0.6619 -0.98 0.0836, 0.6594 -0.9815 0.0861, 0.6581 -0.9823 0.0873, 0.6547 -0.9835 0.0908, 0.654 -0.9838 0.0915, 0.6496 -0.9843 0.0958, 0.6693 0.9646 0.0368, 0.6686 0.9697 0.0368, 0.6667 0.9744 0.0368, 0.6635 0.9785 0.0368, 0.6594 0.9816 0.0368, 0.6547 0.9836 0.0368, 0.6496 0.9843 0.0368, -0.9843 0.9646 0.0762, -0.9843 0.9646 0.2927, -0.9841 0.9671 0.0763, -0.9836 0.9697 0.2927, -0.9785 0.9785 0.0819, -0.9802 0.9766 0.0802, -0.9816 0.9744 0.2927, -0.9816 0.9744 0.0788, -0.9828 0.9721 0.2927, -0.9828 0.9721 0.0777, -0.9836 0.9697 0.0768, -0.9787 0.9783 0.2927, -0.9785 0.9785 0.2927, -0.9744 0.9816 0.086, -0.9784 0.9786 0.2927, -0.9765 0.9803 0.2927, -0.9744 0.9816 0.2927, -0.9697 0.9836 0.0907, -0.9743 0.9817 0.2927, -0.9697 0.9836 0.2927, -0.9646 0.9843 0.2927, -0.9646 0.9843 0.0958, -0.9744 -0.9816 0.086, -0.9697 -0.9836 0.0907, -0.9697 -0.9836 0.2927, -0.9646 -0.9843 0.0958, -0.9646 -0.9843 0.2927, -0.9743 -0.9817 0.2927, -0.9744 -0.9816 0.2927, -0.9785 -0.9785 0.0819, -0.9765 -0.9803 0.2927, -0.9784 -0.9786 0.2927, -0.9785 -0.9785 0.2927, -0.9802 -0.9766 0.0802, -0.9787 -0.9783 0.2927, -0.9816 -0.9744 0.0788, -0.9816 -0.9744 0.2927, -0.9828 -0.9721 0.0777, -0.9828 -0.9721 0.2927, -0.9836 -0.9697 0.0768, -0.9836 -0.9697 0.2927, -0.9841 -0.9671 0.0763, -0.9843 -0.9646 0.2927, -0.9843 -0.9646 0.0762, 0.6496 -0.9843 0.0368, 0.654 -0.9837 0.0368, 0.6687 -0.9689 0.0368, 0.6693 -0.9646 0.0368, 0.6686 -0.9697 0.0368, 0.6672 -0.9731 0.0368, 0.6667 -0.9744 0.0368, 0.6649 -0.9767 0.0368, 0.6635 -0.9785 0.0368, 0.6618 -0.9798 0.0368, 0.6594 -0.9816 0.0368, 0.6581 -0.9822 0.0368, 0.6547 -0.9836 0.0368, 0.6496 -0.9646 0.0171, 0.6496 0.9646 0.0171, 0.6547 0.9646 0.0178, 0.6547 -0.9646 0.0178, 0.6594 0.9646 0.0197, 0.6594 -0.9646 0.0197, 0.6635 0.9646 0.0229, 0.6635 -0.9646 0.0229, 0.6667 0.9646 0.0269, 0.6667 -0.9646 0.0269, 0.6686 0.9646 0.0317, 0.6686 -0.9646 0.0317, 0.6545 0.9829 0.0317, 0.6591 0.981 0.0317, 0.654 0.981 0.0269, 0.6581 0.9793 0.0269, 0.6532 0.978 0.0229, 0.6566 0.9766 0.0229, 0.6522 0.9741 0.0197, 0.6545 0.9731 0.0197, 0.6509 0.9695 0.0178, 0.6522 0.969 0.0178, 0.6631 0.978 0.0317, 0.6617 0.9766 0.0269, 0.6594 0.9744 0.0229, 0.6566 0.9715 0.0197, 0.6532 0.9682 0.0178, 0.6496 0.9836 0.0317, 0.6496 0.9816 0.0269, 0.6496 0.9785 0.0229, 0.6496 0.9744 0.0197, 0.6496 0.9697 0.0178, 0.6661 0.9741 0.0317, 0.668 0.9695 0.0317, 0.6644 0.9731 0.0269, 0.6661 0.969 0.0269, 0.6617 0.9715 0.0229, 0.6631 0.9682 0.0229, 0.6581 0.9695 0.0197, 0.6591 0.9671 0.0197, 0.654 0.9671 0.0178, 0.6545 0.9659 0.0178, -0.6693 0.9646 0.0762, -0.6691 0.9671 0.0763, -0.6686 0.9697 0.0768, -0.6678 0.9721 0.0777, -0.6667 0.9744 0.0788, -0.6652 0.9766 0.0802, -0.6635 0.9785 0.0819, -0.6594 0.9816 0.086, -0.6547 0.9836 0.0907, -0.6496 0.9843 0.0958, -0.6594 -0.9816 0.086, -0.6547 -0.9836 0.0907, -0.6496 -0.9843 0.0958, -0.6667 -0.9744 0.0788, -0.6652 -0.9766 0.0802, -0.6635 -0.9785 0.0819, -0.6693 -0.9646 0.0762, -0.6691 -0.9671 0.0763, -0.6686 -0.9697 0.0768, -0.6678 -0.9721 0.0777, 0.6496 -0.9836 0.0317, 0.6545 -0.9829 0.0317, 0.6591 -0.981 0.0317, 0.6631 -0.978 0.0317, 0.6661 -0.9741 0.0317, 0.668 -0.9695 0.0317, 0.6661 -0.969 0.0269, 0.6644 -0.9731 0.0269, 0.6631 -0.9682 0.0229, 0.6617 -0.9715 0.0229, 0.6591 -0.9671 0.0197, 0.6581 -0.9695 0.0197, 0.6545 -0.9659 0.0178, 0.654 -0.9671 0.0178, 0.6617 -0.9766 0.0269, 0.6594 -0.9744 0.0229, 0.6566 -0.9715 0.0197, 0.6532 -0.9682 0.0178, 0.6581 -0.9793 0.0269, 0.654 -0.981 0.0269, 0.6566 -0.9766 0.0229, 0.6532 -0.978 0.0229, 0.6545 -0.9731 0.0197, 0.6522 -0.9741 0.0197, 0.6522 -0.969 0.0178, 0.6509 -0.9695 0.0178, 0.6496 -0.9816 0.0269, 0.6496 -0.9785 0.0229, 0.6496 -0.9744 0.0197, 0.6496 -0.9697 0.0178, -0.6496 0.9646 0.0171, -0.6496 0.9697 0.0178, -0.6496 0.9744 0.0197, -0.6496 0.9785 0.0229, -0.6496 0.9816 0.0269, -0.6496 0.9836 0.0317, -0.6496 0.9843 0.0368, -0.6547 0.9836 0.0368, -0.6594 0.9816 0.0368, -0.6635 0.9785 0.0368, -0.6667 0.9744 0.0368, -0.6686 0.9697 0.0368, -0.6693 0.9646 0.0368, -0.6693 -0.9646 0.0368, -0.6686 -0.9697 0.0368, -0.6667 -0.9744 0.0368, -0.6635 -0.9785 0.0368, -0.6594 -0.9816 0.0368, -0.6547 -0.9836 0.0368, -0.6496 -0.9843 0.0368, -0.6496 -0.9646 0.0171, -0.6496 -0.9697 0.0178, -0.6496 -0.9744 0.0197, -0.6496 -0.9785 0.0229, -0.6496 -0.9816 0.0269, -0.6496 -0.9836 0.0317, -0.668 0.9695 0.0317, -0.6661 0.9741 0.0317, -0.6661 0.969 0.0269, -0.6644 0.9731 0.0269, -0.6631 0.9682 0.0229, -0.6617 0.9715 0.0229, -0.6591 0.9671 0.0197, -0.6581 0.9695 0.0197, -0.6545 0.9659 0.0178, -0.654 0.9671 0.0178, -0.6631 0.978 0.0317, -0.6617 0.9766 0.0269, -0.6594 0.9744 0.0229, -0.6566 0.9715 0.0197, -0.6532 0.9682 0.0178, -0.6686 0.9646 0.0317, -0.6667 0.9646 0.0269, -0.6635 0.9646 0.0229, -0.6594 0.9646 0.0197, -0.6547 0.9646 0.0178, -0.6591 0.981 0.0317, -0.6545 0.9829 0.0317, -0.6581 0.9793 0.0269, -0.654 0.981 0.0269, -0.6566 0.9766 0.0229, -0.6532 0.978 0.0229, -0.6545 0.9731 0.0197, -0.6522 0.9741 0.0197, -0.6522 0.969 0.0178, -0.6509 0.9695 0.0178, -0.6545 -0.9829 0.0317, -0.6591 -0.981 0.0317, -0.654 -0.981 0.0269, -0.6581 -0.9793 0.0269, -0.6532 -0.978 0.0229, -0.6566 -0.9766 0.0229, -0.6522 -0.9741 0.0197, -0.6545 -0.9731 0.0197, -0.6509 -0.9695 0.0178, -0.6522 -0.969 0.0178, -0.6631 -0.978 0.0317, -0.6617 -0.9766 0.0269, -0.6594 -0.9744 0.0229, -0.6566 -0.9715 0.0197, -0.6532 -0.9682 0.0178, -0.6661 -0.9741 0.0317, -0.668 -0.9695 0.0317, -0.6644 -0.9731 0.0269, -0.6661 -0.969 0.0269, -0.6617 -0.9715 0.0229, -0.6631 -0.9682 0.0229, -0.6581 -0.9695 0.0197, -0.6591 -0.9671 0.0197, -0.654 -0.9671 0.0178, -0.6545 -0.9659 0.0178, -0.6686 -0.9646 0.0317, -0.6667 -0.9646 0.0269, -0.6635 -0.9646 0.0229, -0.6594 -0.9646 0.0197, -0.6547 -0.9646 0.0178
            ]
        }
        coordIndex [
            0,1,2,-1,3,4,5,-1,6,7,8,-1,9,10,11,-1,12,13,14,-1,15,16,17,-1,18,19,20,-1,21,18,22,-1,23,21,24,-1,25,23,26,-1,27,16,28,-1,28,16,15,-1,28,15,29,-1,30,31,32,-1,32,31,33,-1,32,33,34,-1,34,33,35,-1,34,35,36,-1,37,38,39,-1,39,38,40,-1,39,40,41,-1,41,40,42,-1,41,42,43,-1,44,17,45,-1,45,17,16,-1,45,16,46,-1,46,16,27,-1,46,27,47,-1,48,49,50,-1,51,30,52,-1,52,30,32,-1,52,32,53,-1,53,32,34,-1,53,34,54,-1,54,34,36,-1,54,36,55,-1,56,37,57,-1,57,37,39,-1,57,39,58,-1,58,39,41,-1,58,41,59,-1,59,41,43,-1,59,43,60,-1,61,44,62,-1,62,44,45,-1,62,45,63,-1,63,45,46,-1,63,46,64,-1,64,46,47,-1,64,47,65,-1,66,67,49,-1,68,51,69,-1,69,51,52,-1,69,52,70,-1,70,52,53,-1,70,53,71,-1,71,53,54,-1,71,54,72,-1,72,54,55,-1,72,55,73,-1,74,75,76,-1,77,56,78,-1,78,56,57,-1,78,57,79,-1,79,57,58,-1,79,58,80,-1,80,58,59,-1,80,59,81,-1,81,59,60,-1,81,60,82,-1,83,84,85,-1,86,61,87,-1,87,61,62,-1,87,62,88,-1,88,62,63,-1,88,63,89,-1,89,63,64,-1,89,64,90,-1,90,64,65,-1,90,65,25,-1,91,67,92,-1,92,67,66,-1,92,66,93,-1,94,95,96,-1,96,95,97,-1,96,97,98,-1,98,97,48,-1,98,48,99,-1,99,48,50,-1,99,50,100,-1,101,102,103,-1,103,102,104,-1,103,104,105,-1,105,104,106,-1,105,106,107,-1,107,106,108,-1,107,108,109,-1,109,108,110,-1,109,110,111,-1,111,110,112,-1,113,114,115,-1,115,114,116,-1,115,116,117,-1,117,116,118,-1,117,118,119,-1,119,118,120,-1,119,120,121,-1,121,120,122,-1,121,122,123,-1,123,122,124,-1,114,125,116,-1,116,125,126,-1,116,126,118,-1,118,126,127,-1,118,127,120,-1,120,127,128,-1,120,128,122,-1,122,128,129,-1,122,129,124,-1,124,129,130,-1,124,130,131,-1,131,130,132,-1,133,75,134,-1,134,75,74,-1,134,74,135,-1,136,137,138,-1,138,137,139,-1,138,139,140,-1,140,139,141,-1,140,141,142,-1,142,141,143,-1,142,143,144,-1,144,143,145,-1,144,145,146,-1,146,145,147,-1,146,147,148,-1,148,147,149,-1,150,151,152,-1,152,151,153,-1,152,153,154,-1,154,153,155,-1,154,155,156,-1,156,155,157,-1,156,157,158,-1,158,157,159,-1,158,159,160,-1,160,159,161,-1,162,163,164,-1,164,163,165,-1,164,165,166,-1,166,165,167,-1,166,167,168,-1,168,167,169,-1,168,169,170,-1,170,169,171,-1,170,171,172,-1,172,171,173,-1,174,175,176,-1,176,175,177,-1,176,177,178,-1,178,177,179,-1,178,179,180,-1,180,179,181,-1,180,181,182,-1,182,181,183,-1,182,183,184,-1,184,183,185,-1,175,186,177,-1,177,186,187,-1,177,187,179,-1,179,187,188,-1,179,188,181,-1,181,188,189,-1,181,189,183,-1,183,189,190,-1,183,190,185,-1,185,190,191,-1,185,191,192,-1,192,191,193,-1,194,84,195,-1,195,84,83,-1,195,83,196,-1,197,198,199,-1,199,198,200,-1,199,200,201,-1,201,200,202,-1,201,202,203,-1,203,202,204,-1,203,204,205,-1,205,204,206,-1,205,206,207,-1,207,206,208,-1,207,208,209,-1,209,208,210,-1,211,212,213,-1,213,212,214,-1,213,214,215,-1,215,214,216,-1,215,216,217,-1,217,216,218,-1,217,218,219,-1,219,218,220,-1,219,220,221,-1,221,220,222,-1,223,224,225,-1,225,224,226,-1,225,226,227,-1,227,226,228,-1,227,228,229,-1,229,228,230,-1,229,230,231,-1,231,230,232,-1,231,232,233,-1,233,232,234,-1,235,236,237,-1,237,236,238,-1,237,238,239,-1,239,238,240,-1,239,240,241,-1,241,240,242,-1,241,242,243,-1,243,242,244,-1,243,244,245,-1,245,244,246,-1,236,247,238,-1,238,247,248,-1,238,248,240,-1,240,248,249,-1,240,249,242,-1,242,249,250,-1,242,250,244,-1,244,250,251,-1,244,251,246,-1,246,251,252,-1,246,252,253,-1,253,252,254,-1,255,256,93,-1,93,256,257,-1,93,257,92,-1,92,257,258,-1,92,258,91,-1,91,258,259,-1,49,48,66,-1,66,48,97,-1,66,97,93,-1,93,97,95,-1,93,95,255,-1,260,261,262,-1,262,261,94,-1,262,94,263,-1,263,94,96,-1,263,96,264,-1,264,96,98,-1,264,98,265,-1,265,98,99,-1,265,99,266,-1,266,99,100,-1,266,100,267,-1,267,100,19,-1,261,268,94,-1,94,268,269,-1,94,269,95,-1,95,269,270,-1,95,270,255,-1,267,101,266,-1,266,101,103,-1,266,103,265,-1,265,103,105,-1,265,105,264,-1,264,105,107,-1,264,107,263,-1,263,107,109,-1,263,109,262,-1,262,109,111,-1,262,111,260,-1,271,272,273,-1,273,272,112,-1,273,112,274,-1,274,112,110,-1,274,110,275,-1,275,110,108,-1,275,108,276,-1,276,108,106,-1,276,106,277,-1,277,106,104,-1,277,104,278,-1,278,104,102,-1,272,279,112,-1,112,279,280,-1,112,280,111,-1,111,280,281,-1,111,281,260,-1,278,113,277,-1,277,113,115,-1,277,115,276,-1,276,115,117,-1,276,117,275,-1,275,117,119,-1,275,119,274,-1,274,119,121,-1,274,121,273,-1,273,121,123,-1,273,123,271,-1,131,282,124,-1,124,282,283,-1,124,283,123,-1,123,283,284,-1,123,284,271,-1,125,285,126,-1,126,285,286,-1,126,286,127,-1,127,286,287,-1,127,287,128,-1,128,287,288,-1,128,288,129,-1,129,288,289,-1,129,289,130,-1,130,289,14,-1,130,14,132,-1,132,14,13,-1,290,12,73,-1,73,12,14,-1,73,14,72,-1,72,14,289,-1,72,289,71,-1,71,289,288,-1,71,288,70,-1,70,288,287,-1,70,287,69,-1,69,287,286,-1,69,286,68,-1,68,286,285,-1,35,76,36,-1,36,76,75,-1,36,75,55,-1,55,75,133,-1,55,133,73,-1,73,133,291,-1,73,291,290,-1,292,293,135,-1,135,293,294,-1,135,294,134,-1,134,294,295,-1,134,295,133,-1,133,295,296,-1,133,296,291,-1,31,136,33,-1,33,136,138,-1,33,138,35,-1,35,138,140,-1,35,140,76,-1,76,140,142,-1,76,142,74,-1,74,142,144,-1,74,144,135,-1,135,144,146,-1,135,146,292,-1,292,146,148,-1,137,297,139,-1,139,297,298,-1,139,298,141,-1,141,298,299,-1,141,299,143,-1,143,299,300,-1,143,300,145,-1,145,300,301,-1,145,301,147,-1,147,301,11,-1,147,11,149,-1,149,11,10,-1,297,150,298,-1,298,150,152,-1,298,152,299,-1,299,152,154,-1,299,154,300,-1,300,154,156,-1,300,156,301,-1,301,156,158,-1,301,158,11,-1,11,158,160,-1,11,160,9,-1,302,303,304,-1,304,303,161,-1,304,161,305,-1,305,161,159,-1,305,159,306,-1,306,159,157,-1,306,157,307,-1,307,157,155,-1,307,155,308,-1,308,155,153,-1,308,153,309,-1,309,153,151,-1,303,310,161,-1,161,310,311,-1,161,311,160,-1,160,311,312,-1,160,312,9,-1,309,162,308,-1,308,162,164,-1,308,164,307,-1,307,164,166,-1,307,166,306,-1,306,166,168,-1,306,168,305,-1,305,168,170,-1,305,170,304,-1,304,170,172,-1,304,172,302,-1,313,314,315,-1,315,314,173,-1,315,173,316,-1,316,173,171,-1,316,171,317,-1,317,171,169,-1,317,169,318,-1,318,169,167,-1,318,167,319,-1,319,167,165,-1,319,165,320,-1,320,165,163,-1,314,321,173,-1,173,321,322,-1,173,322,172,-1,172,322,323,-1,172,323,302,-1,320,174,319,-1,319,174,176,-1,319,176,318,-1,318,176,178,-1,318,178,317,-1,317,178,180,-1,317,180,316,-1,316,180,182,-1,316,182,315,-1,315,182,184,-1,315,184,313,-1,192,324,185,-1,185,324,325,-1,185,325,184,-1,184,325,326,-1,184,326,313,-1,186,327,187,-1,187,327,328,-1,187,328,188,-1,188,328,329,-1,188,329,189,-1,189,329,330,-1,189,330,190,-1,190,330,331,-1,190,331,191,-1,191,331,8,-1,191,8,193,-1,193,8,7,-1,332,6,82,-1,82,6,8,-1,82,8,81,-1,81,8,331,-1,81,331,80,-1,80,331,330,-1,80,330,79,-1,79,330,329,-1,79,329,78,-1,78,329,328,-1,78,328,77,-1,77,328,327,-1,42,85,43,-1,43,85,84,-1,43,84,60,-1,60,84,194,-1,60,194,82,-1,82,194,333,-1,82,333,332,-1,334,335,196,-1,196,335,336,-1,196,336,195,-1,195,336,337,-1,195,337,194,-1,194,337,338,-1,194,338,333,-1,38,197,40,-1,40,197,199,-1,40,199,42,-1,42,199,201,-1,42,201,85,-1,85,201,203,-1,85,203,83,-1,83,203,205,-1,83,205,196,-1,196,205,207,-1,196,207,334,-1,334,207,209,-1,198,339,200,-1,200,339,340,-1,200,340,202,-1,202,340,341,-1,202,341,204,-1,204,341,342,-1,204,342,206,-1,206,342,343,-1,206,343,208,-1,208,343,5,-1,208,5,210,-1,210,5,4,-1,339,211,340,-1,340,211,213,-1,340,213,341,-1,341,213,215,-1,341,215,342,-1,342,215,217,-1,342,217,343,-1,343,217,219,-1,343,219,5,-1,5,219,221,-1,5,221,3,-1,344,345,346,-1,346,345,222,-1,346,222,347,-1,347,222,220,-1,347,220,348,-1,348,220,218,-1,348,218,349,-1,349,218,216,-1,349,216,350,-1,350,216,214,-1,350,214,351,-1,351,214,212,-1,345,352,222,-1,222,352,353,-1,222,353,221,-1,221,353,354,-1,221,354,3,-1,351,223,350,-1,350,223,225,-1,350,225,349,-1,349,225,227,-1,349,227,348,-1,348,227,229,-1,348,229,347,-1,347,229,231,-1,347,231,346,-1,346,231,233,-1,346,233,344,-1,355,356,357,-1,357,356,234,-1,357,234,358,-1,358,234,232,-1,358,232,359,-1,359,232,230,-1,359,230,360,-1,360,230,228,-1,360,228,361,-1,361,228,226,-1,361,226,362,-1,362,226,224,-1,356,363,234,-1,234,363,364,-1,234,364,233,-1,233,364,365,-1,233,365,344,-1,362,235,361,-1,361,235,237,-1,361,237,360,-1,360,237,239,-1,360,239,359,-1,359,239,241,-1,359,241,358,-1,358,241,243,-1,358,243,357,-1,357,243,245,-1,357,245,355,-1,253,366,246,-1,246,366,367,-1,246,367,245,-1,245,367,368,-1,245,368,355,-1,247,29,248,-1,248,29,15,-1,248,15,249,-1,249,15,17,-1,249,17,250,-1,250,17,44,-1,250,44,251,-1,251,44,61,-1,251,61,252,-1,252,61,86,-1,252,86,254,-1,254,86,369,-1,370,371,372,-1,25,26,90,-1,90,26,373,-1,90,373,89,-1,89,373,374,-1,89,374,88,-1,88,374,375,-1,88,375,87,-1,87,375,370,-1,87,370,86,-1,86,370,372,-1,86,372,369,-1,23,24,26,-1,26,24,376,-1,26,376,373,-1,373,376,377,-1,373,377,374,-1,374,377,378,-1,374,378,375,-1,375,378,2,-1,375,2,370,-1,370,2,1,-1,370,1,371,-1,21,22,24,-1,24,22,379,-1,24,379,376,-1,376,379,380,-1,376,380,377,-1,377,380,381,-1,377,381,378,-1,378,381,382,-1,378,382,2,-1,2,382,383,-1,2,383,0,-1,384,385,386,-1,18,20,22,-1,22,20,387,-1,22,387,379,-1,379,387,388,-1,379,388,380,-1,380,388,389,-1,380,389,381,-1,381,389,384,-1,381,384,382,-1,382,384,386,-1,382,386,383,-1,19,100,20,-1,20,100,50,-1,20,50,387,-1,387,50,49,-1,387,49,388,-1,388,49,67,-1,388,67,389,-1,389,67,91,-1,389,91,384,-1,384,91,259,-1,384,259,385,-1,390,391,392,-1,393,394,395,-1,396,397,398,-1,399,400,401,-1,402,403,404,-1,405,406,407,-1,408,409,410,-1,411,412,413,-1,414,415,416,-1,417,418,419,-1,420,421,422,-1,423,424,425,-1,426,427,428,-1,429,430,431,-1,432,433,434,-1,435,436,437,-1,438,439,440,-1,441,442,443,-1,444,445,446,-1,447,448,449,-1,450,451,452,-1,453,454,455,-1,456,457,458,-1,459,460,461,-1,462,463,464,-1,464,463,465,-1,464,465,466,-1,466,465,467,-1,466,467,468,-1,468,467,469,-1,468,469,470,-1,470,469,471,-1,470,471,472,-1,472,471,449,-1,473,474,475,-1,475,474,476,-1,475,476,477,-1,477,476,478,-1,477,478,479,-1,479,478,480,-1,479,480,481,-1,481,480,482,-1,481,482,483,-1,483,482,446,-1,484,485,486,-1,486,485,487,-1,486,487,488,-1,488,487,489,-1,488,489,490,-1,490,489,491,-1,490,491,492,-1,492,491,493,-1,492,493,494,-1,494,493,431,-1,495,496,497,-1,497,496,498,-1,497,498,499,-1,499,498,500,-1,499,500,501,-1,501,500,502,-1,501,502,503,-1,503,502,504,-1,503,504,505,-1,505,504,428,-1,506,507,508,-1,508,507,509,-1,508,509,510,-1,510,509,511,-1,510,511,512,-1,512,511,513,-1,512,513,514,-1,514,513,515,-1,514,515,516,-1,516,515,413,-1,517,518,519,-1,519,518,520,-1,519,520,521,-1,521,520,522,-1,521,522,523,-1,523,522,524,-1,523,524,525,-1,525,524,526,-1,525,526,527,-1,527,526,410,-1,528,529,530,-1,530,529,531,-1,530,531,532,-1,532,531,533,-1,532,533,534,-1,534,533,535,-1,534,535,536,-1,536,535,537,-1,536,537,538,-1,538,537,395,-1,539,540,541,-1,541,540,542,-1,541,542,543,-1,543,542,544,-1,543,544,545,-1,545,544,546,-1,545,546,547,-1,547,546,548,-1,547,548,549,-1,549,548,392,-1,550,551,552,-1,552,551,553,-1,552,553,554,-1,554,553,555,-1,554,555,556,-1,556,555,557,-1,556,557,558,-1,558,557,559,-1,558,559,560,-1,560,559,461,-1,560,461,561,-1,561,461,460,-1,551,562,553,-1,553,562,563,-1,553,563,555,-1,555,563,564,-1,555,564,557,-1,557,564,565,-1,557,565,559,-1,559,565,566,-1,559,566,461,-1,461,566,458,-1,461,458,459,-1,459,458,457,-1,567,456,568,-1,568,456,458,-1,568,458,569,-1,569,458,566,-1,569,566,570,-1,570,566,565,-1,570,565,571,-1,571,565,564,-1,571,564,572,-1,572,564,563,-1,572,563,573,-1,573,563,562,-1,573,574,572,-1,572,574,575,-1,572,575,571,-1,571,575,576,-1,571,576,570,-1,570,576,577,-1,570,577,569,-1,569,577,578,-1,569,578,568,-1,568,578,455,-1,568,455,567,-1,567,455,454,-1,574,579,575,-1,575,579,580,-1,575,580,576,-1,576,580,581,-1,576,581,577,-1,577,581,582,-1,577,582,578,-1,578,582,583,-1,578,583,455,-1,455,583,452,-1,455,452,453,-1,453,452,451,-1,584,450,585,-1,585,450,452,-1,585,452,586,-1,586,452,583,-1,586,583,587,-1,587,583,582,-1,587,582,588,-1,588,582,581,-1,588,581,589,-1,589,581,580,-1,589,580,590,-1,590,580,579,-1,590,462,589,-1,589,462,464,-1,589,464,588,-1,588,464,466,-1,588,466,587,-1,587,466,468,-1,587,468,586,-1,586,468,470,-1,586,470,585,-1,585,470,472,-1,585,472,584,-1,584,472,591,-1,449,448,472,-1,472,448,592,-1,472,592,591,-1,593,447,594,-1,594,447,449,-1,594,449,595,-1,595,449,471,-1,595,471,596,-1,596,471,469,-1,596,469,597,-1,597,469,467,-1,597,467,598,-1,598,467,465,-1,598,465,599,-1,599,465,463,-1,599,473,598,-1,598,473,475,-1,598,475,597,-1,597,475,477,-1,597,477,596,-1,596,477,479,-1,596,479,595,-1,595,479,481,-1,595,481,594,-1,594,481,483,-1,594,483,593,-1,593,483,600,-1,446,445,483,-1,483,445,601,-1,483,601,600,-1,602,444,603,-1,603,444,446,-1,603,446,604,-1,604,446,482,-1,604,482,605,-1,605,482,480,-1,605,480,606,-1,606,480,478,-1,606,478,607,-1,607,478,476,-1,607,476,608,-1,608,476,474,-1,608,609,607,-1,607,609,610,-1,607,610,606,-1,606,610,611,-1,606,611,605,-1,605,611,612,-1,605,612,604,-1,604,612,613,-1,604,613,603,-1,603,613,614,-1,603,614,602,-1,602,614,615,-1,609,616,610,-1,610,616,617,-1,610,617,611,-1,611,617,618,-1,611,618,612,-1,612,618,619,-1,612,619,613,-1,613,619,620,-1,613,620,614,-1,614,620,443,-1,614,443,615,-1,615,443,442,-1,616,621,617,-1,617,621,622,-1,617,622,618,-1,618,622,623,-1,618,623,619,-1,619,623,624,-1,619,624,620,-1,620,624,625,-1,620,625,443,-1,443,625,440,-1,443,440,441,-1,441,440,439,-1,626,438,627,-1,627,438,440,-1,627,440,628,-1,628,440,625,-1,628,625,629,-1,629,625,624,-1,629,624,630,-1,630,624,623,-1,630,623,631,-1,631,623,622,-1,631,622,632,-1,632,622,621,-1,632,633,631,-1,631,633,634,-1,631,634,630,-1,630,634,635,-1,630,635,629,-1,629,635,636,-1,629,636,628,-1,628,636,637,-1,628,637,627,-1,627,637,437,-1,627,437,626,-1,626,437,436,-1,633,638,634,-1,634,638,639,-1,634,639,635,-1,635,639,640,-1,635,640,636,-1,636,640,641,-1,636,641,637,-1,637,641,642,-1,637,642,437,-1,437,642,434,-1,437,434,435,-1,435,434,433,-1,643,432,644,-1,644,432,434,-1,644,434,645,-1,645,434,642,-1,645,642,646,-1,646,642,641,-1,646,641,647,-1,647,641,640,-1,647,640,648,-1,648,640,639,-1,648,639,649,-1,649,639,638,-1,649,484,648,-1,648,484,486,-1,648,486,647,-1,647,486,488,-1,647,488,646,-1,646,488,490,-1,646,490,645,-1,645,490,492,-1,645,492,644,-1,644,492,494,-1,644,494,643,-1,643,494,650,-1,431,430,494,-1,494,430,651,-1,494,651,650,-1,652,429,653,-1,653,429,431,-1,653,431,654,-1,654,431,493,-1,654,493,655,-1,655,493,491,-1,655,491,656,-1,656,491,489,-1,656,489,657,-1,657,489,487,-1,657,487,658,-1,658,487,485,-1,658,495,657,-1,657,495,497,-1,657,497,656,-1,656,497,499,-1,656,499,655,-1,655,499,501,-1,655,501,654,-1,654,501,503,-1,654,503,653,-1,653,503,505,-1,653,505,652,-1,652,505,659,-1,428,427,505,-1,505,427,660,-1,505,660,659,-1,661,426,662,-1,662,426,428,-1,662,428,663,-1,663,428,504,-1,663,504,664,-1,664,504,502,-1,664,502,665,-1,665,502,500,-1,665,500,666,-1,666,500,498,-1,666,498,667,-1,667,498,496,-1,667,668,666,-1,666,668,669,-1,666,669,665,-1,665,669,670,-1,665,670,664,-1,664,670,671,-1,664,671,663,-1,663,671,672,-1,663,672,662,-1,662,672,673,-1,662,673,661,-1,661,673,674,-1,668,675,669,-1,669,675,676,-1,669,676,670,-1,670,676,677,-1,670,677,671,-1,671,677,678,-1,671,678,672,-1,672,678,679,-1,672,679,673,-1,673,679,425,-1,673,425,674,-1,674,425,424,-1,675,680,676,-1,676,680,681,-1,676,681,677,-1,677,681,682,-1,677,682,678,-1,678,682,683,-1,678,683,679,-1,679,683,684,-1,679,684,425,-1,425,684,422,-1,425,422,423,-1,423,422,421,-1,685,420,686,-1,686,420,422,-1,686,422,687,-1,687,422,684,-1,687,684,688,-1,688,684,683,-1,688,683,689,-1,689,683,682,-1,689,682,690,-1,690,682,681,-1,690,681,691,-1,691,681,680,-1,691,692,690,-1,690,692,693,-1,690,693,689,-1,689,693,694,-1,689,694,688,-1,688,694,695,-1,688,695,687,-1,687,695,696,-1,687,696,686,-1,686,696,419,-1,686,419,685,-1,685,419,418,-1,692,697,693,-1,693,697,698,-1,693,698,694,-1,694,698,699,-1,694,699,695,-1,695,699,700,-1,695,700,696,-1,696,700,701,-1,696,701,419,-1,419,701,416,-1,419,416,417,-1,417,416,415,-1,702,414,703,-1,703,414,416,-1,703,416,704,-1,704,416,701,-1,704,701,705,-1,705,701,700,-1,705,700,706,-1,706,700,699,-1,706,699,707,-1,707,699,698,-1,707,698,708,-1,708,698,697,-1,708,506,707,-1,707,506,508,-1,707,508,706,-1,706,508,510,-1,706,510,705,-1,705,510,512,-1,705,512,704,-1,704,512,514,-1,704,514,703,-1,703,514,516,-1,703,516,702,-1,702,516,709,-1,413,412,516,-1,516,412,710,-1,516,710,709,-1,711,411,712,-1,712,411,413,-1,712,413,713,-1,713,413,515,-1,713,515,714,-1,714,515,513,-1,714,513,715,-1,715,513,511,-1,715,511,716,-1,716,511,509,-1,716,509,717,-1,717,509,507,-1,717,517,716,-1,716,517,519,-1,716,519,715,-1,715,519,521,-1,715,521,714,-1,714,521,523,-1,714,523,713,-1,713,523,525,-1,713,525,712,-1,712,525,527,-1,712,527,711,-1,711,527,718,-1,410,409,527,-1,527,409,719,-1,527,719,718,-1,720,408,721,-1,721,408,410,-1,721,410,722,-1,722,410,526,-1,722,526,723,-1,723,526,524,-1,723,524,724,-1,724,524,522,-1,724,522,725,-1,725,522,520,-1,725,520,726,-1,726,520,518,-1,726,727,725,-1,725,727,728,-1,725,728,724,-1,724,728,729,-1,724,729,723,-1,723,729,730,-1,723,730,722,-1,722,730,731,-1,722,731,721,-1,721,731,732,-1,721,732,720,-1,720,732,733,-1,727,734,728,-1,728,734,735,-1,728,735,729,-1,729,735,736,-1,729,736,730,-1,730,736,737,-1,730,737,731,-1,731,737,738,-1,731,738,732,-1,732,738,407,-1,732,407,733,-1,733,407,406,-1,734,739,735,-1,735,739,740,-1,735,740,736,-1,736,740,741,-1,736,741,737,-1,737,741,742,-1,737,742,738,-1,738,742,743,-1,738,743,407,-1,407,743,404,-1,407,404,405,-1,405,404,403,-1,744,402,745,-1,745,402,404,-1,745,404,746,-1,746,404,743,-1,746,743,747,-1,747,743,742,-1,747,742,748,-1,748,742,741,-1,748,741,749,-1,749,741,740,-1,749,740,750,-1,750,740,739,-1,750,751,749,-1,749,751,752,-1,749,752,748,-1,748,752,753,-1,748,753,747,-1,747,753,754,-1,747,754,746,-1,746,754,755,-1,746,755,745,-1,745,755,401,-1,745,401,744,-1,744,401,400,-1,751,756,752,-1,752,756,757,-1,752,757,753,-1,753,757,758,-1,753,758,754,-1,754,758,759,-1,754,759,755,-1,755,759,760,-1,755,760,401,-1,401,760,398,-1,401,398,399,-1,399,398,397,-1,761,396,762,-1,762,396,398,-1,762,398,763,-1,763,398,760,-1,763,760,764,-1,764,760,759,-1,764,759,765,-1,765,759,758,-1,765,758,766,-1,766,758,757,-1,766,757,767,-1,767,757,756,-1,767,528,766,-1,766,528,530,-1,766,530,765,-1,765,530,532,-1,765,532,764,-1,764,532,534,-1,764,534,763,-1,763,534,536,-1,763,536,762,-1,762,536,538,-1,762,538,761,-1,761,538,768,-1,395,394,538,-1,538,394,769,-1,538,769,768,-1,770,393,771,-1,771,393,395,-1,771,395,772,-1,772,395,537,-1,772,537,773,-1,773,537,535,-1,773,535,774,-1,774,535,533,-1,774,533,775,-1,775,533,531,-1,775,531,776,-1,776,531,529,-1,776,539,775,-1,775,539,541,-1,775,541,774,-1,774,541,543,-1,774,543,773,-1,773,543,545,-1,773,545,772,-1,772,545,547,-1,772,547,771,-1,771,547,549,-1,771,549,770,-1,770,549,777,-1,392,391,549,-1,549,391,778,-1,549,778,777,-1,779,390,780,-1,780,390,392,-1,780,392,781,-1,781,392,548,-1,781,548,782,-1,782,548,546,-1,782,546,783,-1,783,546,544,-1,783,544,784,-1,784,544,542,-1,784,542,785,-1,785,542,540,-1,785,550,784,-1,784,550,552,-1,784,552,783,-1,783,552,554,-1,783,554,782,-1,782,554,556,-1,782,556,781,-1,781,556,558,-1,781,558,780,-1,780,558,560,-1,780,560,779,-1,779,560,561,-1,786,787,788,-1,788,787,789,-1,788,789,790,-1,788,791,786,-1,786,791,792,-1,786,792,793,-1,793,792,794,-1,794,795,793,-1,793,795,796,-1,793,796,797,-1,797,796,798,-1,797,798,799,-1,799,798,800,-1,799,800,801,-1,801,800,802,-1,801,802,803,-1,803,802,804,-1,803,804,805,-1,805,804,806,-1,805,806,807,-1,808,809,810,-1,810,809,811,-1,812,813,814,-1,814,813,815,-1,814,815,816,-1,816,815,817,-1,816,817,811,-1,811,817,818,-1,811,818,810,-1,814,819,812,-1,812,819,820,-1,812,820,821,-1,821,820,822,-1,822,823,821,-1,821,823,824,-1,821,824,825,-1,825,824,826,-1,826,827,825,-1,825,827,828,-1,825,828,829,-1,793,830,786,-1,786,830,831,-1,786,831,787,-1,787,831,832,-1,787,832,789,-1,833,834,793,-1,793,834,835,-1,793,835,830,-1,807,836,805,-1,805,836,837,-1,805,837,803,-1,803,837,838,-1,803,838,801,-1,801,838,839,-1,801,839,799,-1,799,839,833,-1,799,833,797,-1,797,833,793,-1,840,841,818,-1,818,841,842,-1,818,842,810,-1,810,842,843,-1,810,843,808,-1,840,818,844,-1,844,818,817,-1,844,817,845,-1,817,815,845,-1,845,815,813,-1,845,813,846,-1,846,813,812,-1,846,812,847,-1,847,812,848,-1,848,812,821,-1,848,821,849,-1,849,821,850,-1,850,821,825,-1,850,825,851,-1,851,825,852,-1,852,825,829,-1,852,829,853,-1,836,854,837,-1,837,854,855,-1,837,855,838,-1,838,855,839,-1,839,855,856,-1,839,856,833,-1,833,856,834,-1,834,856,857,-1,834,857,835,-1,835,857,858,-1,835,858,830,-1,830,858,859,-1,830,859,831,-1,831,859,860,-1,831,860,832,-1,861,862,863,-1,863,862,864,-1,865,866,867,-1,867,866,868,-1,867,868,869,-1,869,868,870,-1,869,870,864,-1,864,870,871,-1,864,871,863,-1,867,872,865,-1,865,872,873,-1,865,873,874,-1,874,873,875,-1,875,876,874,-1,874,876,877,-1,874,877,878,-1,878,877,879,-1,879,880,878,-1,878,880,881,-1,878,881,882,-1,883,884,885,-1,885,884,886,-1,885,886,887,-1,885,888,883,-1,883,888,889,-1,883,889,890,-1,890,889,891,-1,891,892,890,-1,890,892,893,-1,890,893,894,-1,894,893,895,-1,894,895,896,-1,896,895,897,-1,896,897,898,-1,898,897,899,-1,898,899,900,-1,900,899,901,-1,900,901,902,-1,902,901,903,-1,902,903,904,-1,853,905,906,-1,907,908,843,-1,843,842,907,-1,907,842,841,-1,907,841,909,-1,909,841,840,-1,909,840,910,-1,910,840,844,-1,910,844,911,-1,911,844,845,-1,911,845,912,-1,912,845,846,-1,912,846,913,-1,913,846,847,-1,913,847,914,-1,914,847,848,-1,914,848,915,-1,915,848,849,-1,915,849,916,-1,916,849,850,-1,916,850,917,-1,917,850,851,-1,917,851,906,-1,906,851,852,-1,906,852,853,-1,918,919,920,-1,918,920,921,-1,921,920,922,-1,921,922,923,-1,923,922,924,-1,923,924,925,-1,925,924,926,-1,925,926,927,-1,927,926,928,-1,927,928,929,-1,929,928,854,-1,929,854,908,-1,859,858,930,-1,930,858,931,-1,930,931,932,-1,932,931,933,-1,932,933,934,-1,934,933,935,-1,934,935,936,-1,936,935,937,-1,936,937,938,-1,938,937,939,-1,938,939,919,-1,858,857,931,-1,931,857,940,-1,931,940,933,-1,933,940,941,-1,933,941,935,-1,935,941,942,-1,935,942,937,-1,937,942,943,-1,937,943,939,-1,939,943,944,-1,939,944,919,-1,860,859,945,-1,945,859,930,-1,945,930,946,-1,946,930,932,-1,946,932,947,-1,947,932,934,-1,947,934,948,-1,948,934,936,-1,948,936,949,-1,949,936,938,-1,949,938,919,-1,856,855,950,-1,950,855,951,-1,950,951,952,-1,952,951,953,-1,952,953,954,-1,954,953,955,-1,954,955,956,-1,956,955,957,-1,956,957,958,-1,958,957,959,-1,958,959,919,-1,855,854,951,-1,951,854,928,-1,951,928,953,-1,953,928,926,-1,953,926,955,-1,955,926,924,-1,955,924,957,-1,957,924,922,-1,957,922,959,-1,959,922,920,-1,959,920,919,-1,857,856,940,-1,940,856,950,-1,940,950,941,-1,941,950,952,-1,941,952,942,-1,942,952,954,-1,942,954,943,-1,943,954,956,-1,943,956,944,-1,944,956,958,-1,944,958,919,-1,960,861,863,-1,960,863,961,-1,961,863,871,-1,961,871,962,-1,962,871,870,-1,962,870,963,-1,963,870,868,-1,963,868,964,-1,964,868,866,-1,964,866,965,-1,965,866,865,-1,965,865,966,-1,966,865,874,-1,966,874,967,-1,967,874,878,-1,967,878,968,-1,968,878,882,-1,968,882,969,-1,890,970,883,-1,883,970,971,-1,883,971,884,-1,884,971,972,-1,884,972,886,-1,973,974,890,-1,890,974,975,-1,890,975,970,-1,904,976,902,-1,902,976,977,-1,902,977,900,-1,900,977,978,-1,900,978,898,-1,898,978,979,-1,898,979,896,-1,896,979,973,-1,896,973,894,-1,894,973,890,-1,906,905,980,-1,916,917,981,-1,914,915,982,-1,912,913,983,-1,910,911,984,-1,907,909,985,-1,909,910,985,-1,985,910,984,-1,985,984,986,-1,986,984,987,-1,986,987,988,-1,988,987,989,-1,988,989,990,-1,990,989,991,-1,990,991,992,-1,992,991,993,-1,992,993,918,-1,911,912,984,-1,984,912,983,-1,984,983,987,-1,987,983,994,-1,987,994,989,-1,989,994,995,-1,989,995,991,-1,991,995,996,-1,991,996,993,-1,993,996,997,-1,993,997,918,-1,908,907,929,-1,929,907,985,-1,929,985,927,-1,927,985,986,-1,927,986,925,-1,925,986,988,-1,925,988,923,-1,923,988,990,-1,923,990,921,-1,921,990,992,-1,921,992,918,-1,915,916,982,-1,982,916,981,-1,982,981,998,-1,998,981,999,-1,998,999,1000,-1,1000,999,1001,-1,1000,1001,1002,-1,1002,1001,1003,-1,1002,1003,1004,-1,1004,1003,1005,-1,1004,1005,918,-1,917,906,981,-1,981,906,980,-1,981,980,999,-1,999,980,1006,-1,999,1006,1001,-1,1001,1006,1007,-1,1001,1007,1003,-1,1003,1007,1008,-1,1003,1008,1005,-1,1005,1008,1009,-1,1005,1009,918,-1,913,914,983,-1,983,914,982,-1,983,982,994,-1,994,982,998,-1,994,998,995,-1,995,998,1000,-1,995,1000,996,-1,996,1000,1002,-1,996,1002,997,-1,997,1002,1004,-1,997,1004,918,-1,919,1010,1011,-1,919,1011,949,-1,949,1011,1012,-1,949,1012,948,-1,948,1012,1013,-1,948,1013,947,-1,947,1013,1014,-1,947,1014,946,-1,946,1014,1015,-1,946,1015,945,-1,945,1015,1016,-1,945,1016,860,-1,969,1016,1017,-1,969,1017,968,-1,968,1017,1018,-1,968,1018,967,-1,967,1018,1019,-1,967,1019,966,-1,1020,964,1019,-1,1019,964,965,-1,1019,965,966,-1,1021,1022,960,-1,960,961,1021,-1,1021,961,962,-1,1021,962,1020,-1,1020,962,963,-1,1020,963,964,-1,976,1023,977,-1,977,1023,1024,-1,977,1024,978,-1,978,1024,979,-1,979,1024,1025,-1,979,1025,973,-1,973,1025,974,-1,974,1025,1026,-1,974,1026,975,-1,975,1026,1027,-1,975,1027,970,-1,970,1027,1028,-1,970,1028,971,-1,971,1028,1029,-1,971,1029,972,-1,1030,918,1009,-1,1030,1009,1031,-1,1031,1009,1008,-1,1031,1008,1032,-1,1032,1008,1007,-1,1032,1007,1033,-1,1033,1007,1006,-1,1033,1006,1034,-1,1034,1006,980,-1,1034,980,1035,-1,1035,980,905,-1,1035,905,1029,-1,1021,1020,1036,-1,1036,1020,1037,-1,1036,1037,1038,-1,1038,1037,1039,-1,1038,1039,1040,-1,1040,1039,1041,-1,1040,1041,1042,-1,1042,1041,1043,-1,1042,1043,1044,-1,1044,1043,1045,-1,1044,1045,1010,-1,1020,1019,1037,-1,1037,1019,1046,-1,1037,1046,1039,-1,1039,1046,1047,-1,1039,1047,1041,-1,1041,1047,1048,-1,1041,1048,1043,-1,1043,1048,1049,-1,1043,1049,1045,-1,1045,1049,1050,-1,1045,1050,1010,-1,1022,1021,1051,-1,1051,1021,1036,-1,1051,1036,1052,-1,1052,1036,1038,-1,1052,1038,1053,-1,1053,1038,1040,-1,1053,1040,1054,-1,1054,1040,1042,-1,1054,1042,1055,-1,1055,1042,1044,-1,1055,1044,1010,-1,1018,1017,1056,-1,1056,1017,1057,-1,1056,1057,1058,-1,1058,1057,1059,-1,1058,1059,1060,-1,1060,1059,1061,-1,1060,1061,1062,-1,1062,1061,1063,-1,1062,1063,1064,-1,1064,1063,1065,-1,1064,1065,1010,-1,1017,1016,1057,-1,1057,1016,1015,-1,1057,1015,1059,-1,1059,1015,1014,-1,1059,1014,1061,-1,1061,1014,1013,-1,1061,1013,1063,-1,1063,1013,1012,-1,1063,1012,1065,-1,1065,1012,1011,-1,1065,1011,1010,-1,1019,1018,1046,-1,1046,1018,1056,-1,1046,1056,1047,-1,1047,1056,1058,-1,1047,1058,1048,-1,1048,1058,1060,-1,1048,1060,1049,-1,1049,1060,1062,-1,1049,1062,1050,-1,1050,1062,1064,-1,1050,1064,1010,-1,1028,1027,1066,-1,1066,1027,1067,-1,1066,1067,1068,-1,1068,1067,1069,-1,1068,1069,1070,-1,1070,1069,1071,-1,1070,1071,1072,-1,1072,1071,1073,-1,1072,1073,1074,-1,1074,1073,1075,-1,1074,1075,1030,-1,1027,1026,1067,-1,1067,1026,1076,-1,1067,1076,1069,-1,1069,1076,1077,-1,1069,1077,1071,-1,1071,1077,1078,-1,1071,1078,1073,-1,1073,1078,1079,-1,1073,1079,1075,-1,1075,1079,1080,-1,1075,1080,1030,-1,1029,1028,1035,-1,1035,1028,1066,-1,1035,1066,1034,-1,1034,1066,1068,-1,1034,1068,1033,-1,1033,1068,1070,-1,1033,1070,1032,-1,1032,1070,1072,-1,1032,1072,1031,-1,1031,1072,1074,-1,1031,1074,1030,-1,1025,1024,1081,-1,1081,1024,1082,-1,1081,1082,1083,-1,1083,1082,1084,-1,1083,1084,1085,-1,1085,1084,1086,-1,1085,1086,1087,-1,1087,1086,1088,-1,1087,1088,1089,-1,1089,1088,1090,-1,1089,1090,1030,-1,1024,1023,1082,-1,1082,1023,1091,-1,1082,1091,1084,-1,1084,1091,1092,-1,1084,1092,1086,-1,1086,1092,1093,-1,1086,1093,1088,-1,1088,1093,1094,-1,1088,1094,1090,-1,1090,1094,1095,-1,1090,1095,1030,-1,1026,1025,1076,-1,1076,1025,1081,-1,1076,1081,1077,-1,1077,1081,1083,-1,1077,1083,1078,-1,1078,1083,1085,-1,1078,1085,1079,-1,1079,1085,1087,-1,1079,1087,1080,-1,1080,1087,1089,-1,1080,1089,1030,-1,1010,1030,1095,-1,1010,1095,1055,-1,1055,1095,1094,-1,1055,1094,1054,-1,1054,1094,1093,-1,1054,1093,1053,-1,1053,1093,1092,-1,1053,1092,1052,-1,1052,1092,1091,-1,1052,1091,1051,-1,1051,1091,1023,-1,1051,1023,1022,-1,
        ]
    }
}
Shape{
    appearance Appearance {
        material  Material {
            diffuseColor 0.8509803921568627 0.8509803921568627 0.8509803921568627
            specularColor 0.4235294117647059 0.4235294117647059 0.4235294117647059
            ambientIntensity 0.851
            transparency 0.0
            shininess 0.5
        }
    }
    geometry IndexedFaceSet {
        ccw TRUE
        solid FALSE
        coord DEF co Coordinate {
            point [
                0.9843 -0.4521 0.0762, 0.9843 -0.4521 0.0591, 0.9843 -0.8065 0.0762, 0.9843 -0.8065 0.0591, 0.6934 -0.8065 0.0591, 0.6934 -0.4521 0.0591, 0.6934 -0.8065 0.0, 0.6934 -0.4521 0.0, 0.9843 -0.8065 0.2336, 1.0433 -0.8065 0.2336, 1.0418 -0.8065 0.2468, 1.0375 -0.8065 0.2593, 1.0304 -0.8065 0.2705, 1.0211 -0.8065 0.2798, 1.0099 -0.8065 0.2868, 0.9974 -0.8065 0.2912, 0.9843 -0.8065 0.2927, 0.9843 -0.66 0.2927, 0.9974 -0.4521 0.2912, 1.0099 -0.4521 0.2868, 1.0211 -0.4521 0.2798, 1.0304 -0.4521 0.2705, 1.0375 -0.4521 0.2593, 1.0418 -0.4521 0.2468, 1.0433 -0.4521 0.2336, 0.9843 -0.4521 0.2927, 0.9843 -0.4521 0.2336, 1.0433 -0.8065 0.0591, 1.0433 -0.4521 0.0591, 0.9843 -0.8065 0.0, 0.9995 -0.8065 0.002, 1.0138 -0.8065 0.0079, 1.026 -0.8065 0.0173, 1.0354 -0.8065 0.0295, 1.0413 -0.8065 0.0438, 0.9843 -0.4521 0.0, 0.9995 -0.4521 0.002, 1.0138 -0.4521 0.0079, 1.026 -0.4521 0.0173, 1.0354 -0.4521 0.0295, 1.0413 -0.4521 0.0438, 0.9843 0.8077 0.0762, 0.9843 0.8077 0.0591, 0.9843 0.4534 0.0762, 0.9843 0.4534 0.0591, 0.6934 0.4534 0.0, 0.6934 0.4534 0.0591, 0.6934 0.8077 0.0, 0.6934 0.8077 0.0591, 0.9843 0.4534 0.2336, 1.0433 0.4534 0.2336, 1.0418 0.4534 0.2468, 1.0375 0.4534 0.2593, 1.0304 0.4534 0.2705, 1.0211 0.4534 0.2798, 1.0099 0.4534 0.2868, 0.9974 0.4534 0.2912, 0.9843 0.4534 0.2927, 1.0433 0.8077 0.2336, 1.0418 0.8077 0.2468, 0.9974 0.8077 0.2912, 0.9843 0.8077 0.2927, 0.9843 0.66 0.2927, 1.0375 0.8077 0.2593, 1.0304 0.8077 0.2705, 1.0211 0.8077 0.2798, 1.0099 0.8077 0.2868, 0.9843 0.8077 0.2336, 1.0433 0.4534 0.0591, 1.0433 0.8077 0.0591, 1.0413 0.4534 0.0438, 0.9843 0.4534 0.0, 0.9995 0.4534 0.002, 1.0138 0.4534 0.0079, 1.026 0.4534 0.0173, 1.0354 0.4534 0.0295, 0.9843 0.8077 0.0, 0.9995 0.8077 0.002, 1.0138 0.8077 0.0079, 1.026 0.8077 0.0173, 1.0354 0.8077 0.0295, 1.0413 0.8077 0.0438, 0.9843 0.1778 0.0591, 0.9843 -0.1766 0.0591, 0.9843 0.1778 0.0762, 0.9843 -0.1766 0.0762, 0.6934 -0.1766 0.0, 0.6934 -0.1766 0.0591, 0.6934 0.1778 0.0, 0.6934 0.1778 0.0591, 0.9843 -0.1766 0.2336, 1.0433 -0.1766 0.2336, 1.0418 -0.1766 0.2468, 1.0375 -0.1766 0.2593, 1.0304 -0.1766 0.2705, 1.0211 -0.1766 0.2798, 1.0099 -0.1766 0.2868, 0.9974 -0.1766 0.2912, 0.9843 -0.1766 0.2927, 1.0418 0.1778 0.2468, 1.0433 0.1778 0.2336, 0.9843 0.1778 0.2336, 0.9843 0.1778 0.2927, 0.9974 0.1778 0.2912, 1.0099 0.1778 0.2868, 1.0211 0.1778 0.2798, 1.0304 0.1778 0.2705, 1.0375 0.1778 0.2593, 0.9843 -0.0 0.2927, 1.0433 -0.1766 0.0591, 1.0433 0.1778 0.0591, 0.9843 -0.1766 0.0, 0.9995 -0.1766 0.002, 1.0413 -0.1766 0.0438, 1.0354 -0.1766 0.0295, 1.0138 -0.1766 0.0079, 1.026 -0.1766 0.0173, 1.0413 0.1778 0.0438, 1.0354 0.1778 0.0295, 1.026 0.1778 0.0173, 1.0138 0.1778 0.0079, 0.9995 0.1778 0.002, 0.9843 0.1778 0.0
            ]
        }
        coordIndex [
            0,1,2,-1,2,1,3,-1,4,5,6,-1,6,5,7,-1,8,9,10,-1,10,11,8,-1,8,11,12,-1,8,12,13,-1,13,14,8,-1,8,14,15,-1,8,15,16,-1,17,16,15,-1,18,14,19,-1,19,14,13,-1,19,13,20,-1,20,13,12,-1,20,12,21,-1,21,12,11,-1,21,11,22,-1,22,11,10,-1,22,10,23,-1,23,10,9,-1,23,9,24,-1,25,17,18,-1,18,17,15,-1,18,15,14,-1,23,24,26,-1,20,21,26,-1,26,21,22,-1,26,22,23,-1,25,18,26,-1,26,18,19,-1,26,19,20,-1,3,27,2,-1,2,27,9,-1,2,9,8,-1,9,27,24,-1,24,27,28,-1,26,24,0,-1,0,24,28,-1,0,28,1,-1,29,30,3,-1,3,30,31,-1,3,31,32,-1,32,33,3,-1,3,33,34,-1,3,34,27,-1,29,35,36,-1,29,36,30,-1,30,36,37,-1,30,37,31,-1,31,37,38,-1,31,38,32,-1,32,38,39,-1,32,39,33,-1,33,39,40,-1,33,40,34,-1,34,40,28,-1,34,28,27,-1,28,40,1,-1,1,40,39,-1,1,39,38,-1,38,37,1,-1,1,37,36,-1,1,36,35,-1,1,5,3,-1,3,5,4,-1,3,4,29,-1,29,4,6,-1,29,6,35,-1,35,6,7,-1,1,35,5,-1,5,35,7,-1,41,42,43,-1,43,42,44,-1,45,46,47,-1,47,46,48,-1,49,50,51,-1,51,52,49,-1,49,52,53,-1,49,53,54,-1,54,55,49,-1,49,55,56,-1,49,56,57,-1,50,58,59,-1,60,61,62,-1,50,59,51,-1,51,59,63,-1,51,63,52,-1,52,63,64,-1,52,64,53,-1,53,64,65,-1,53,65,54,-1,54,65,66,-1,54,66,55,-1,55,66,60,-1,55,60,56,-1,56,60,62,-1,56,62,57,-1,65,64,67,-1,64,63,67,-1,67,63,59,-1,67,59,58,-1,61,60,67,-1,67,60,66,-1,67,66,65,-1,44,68,43,-1,43,68,50,-1,43,50,49,-1,50,68,58,-1,58,68,69,-1,67,58,41,-1,41,58,69,-1,41,69,42,-1,70,68,44,-1,71,72,44,-1,44,72,73,-1,73,74,44,-1,44,74,75,-1,44,75,70,-1,71,76,77,-1,71,77,72,-1,72,77,78,-1,72,78,73,-1,73,78,79,-1,73,79,74,-1,74,79,80,-1,74,80,75,-1,75,80,81,-1,75,81,70,-1,70,81,69,-1,70,69,68,-1,77,76,42,-1,69,81,42,-1,42,81,80,-1,80,79,42,-1,42,79,78,-1,42,78,77,-1,44,46,71,-1,71,46,45,-1,71,45,76,-1,76,45,47,-1,76,47,42,-1,42,47,48,-1,44,42,46,-1,46,42,48,-1,82,83,84,-1,84,83,85,-1,86,87,88,-1,88,87,89,-1,90,91,92,-1,92,93,90,-1,90,93,94,-1,90,94,95,-1,95,96,90,-1,90,96,97,-1,90,97,98,-1,99,100,101,-1,102,103,101,-1,101,103,104,-1,101,104,105,-1,105,106,101,-1,101,106,107,-1,101,107,99,-1,108,98,97,-1,103,96,104,-1,104,96,95,-1,104,95,105,-1,105,95,94,-1,105,94,106,-1,106,94,93,-1,106,93,107,-1,107,93,92,-1,107,92,99,-1,99,92,91,-1,99,91,100,-1,102,108,103,-1,103,108,97,-1,103,97,96,-1,83,109,85,-1,85,109,91,-1,85,91,90,-1,101,100,84,-1,84,100,110,-1,84,110,82,-1,100,91,110,-1,110,91,109,-1,83,111,112,-1,109,83,113,-1,113,83,114,-1,112,115,83,-1,83,115,116,-1,83,116,114,-1,110,117,82,-1,82,117,118,-1,82,118,119,-1,119,120,82,-1,82,120,121,-1,82,121,122,-1,111,122,121,-1,111,121,112,-1,112,121,120,-1,112,120,115,-1,115,120,119,-1,115,119,116,-1,116,119,118,-1,116,118,114,-1,114,118,117,-1,114,117,113,-1,113,117,110,-1,113,110,109,-1,86,111,87,-1,87,111,83,-1,87,83,89,-1,89,83,82,-1,89,82,88,-1,88,82,122,-1,122,111,88,-1,88,111,86,-1,
        ]
    }
}
Shape{
    appearance Appearance {
        material  Material {
            diffuseColor 0.8823529411764706 0.8823529411764706 0.8823529411764706
            specularColor 0.26666666666666666 0.26666666666666666 0.26666666666666666
            ambientIntensity 0.8824
            transparency 0.0
            shininess 0.5
        }
    }
    geometry IndexedFaceSet {
        ccw TRUE
        solid FALSE
        coord DEF co Coordinate {
            point [
                -0.9743 0.9817 0.2927, -0.972 0.9828 0.2927, -0.9697 0.9836 0.2927, -0.9696 0.9837 0.2927, -0.9646 0.9843 0.2927, -0.9645 0.9843 0.2927, -0.6603 0.9843 0.2927, -0.6603 0.9843 0.2927, -0.3301 0.9843 0.2927, -0.3301 0.9843 0.2927, 0.0 0.9843 0.2927, 0.0 0.9843 0.2927, 0.3301 0.9843 0.2927, 0.3301 0.9843 0.2927, 0.6603 0.9843 0.2927, 0.6603 0.9843 0.2927, 0.972 0.9828 0.2927, 0.9743 0.9817 0.2927, 0.9697 0.9836 0.2927, 0.9646 0.9843 0.2927, 0.9645 0.9843 0.2927, 0.9696 0.9837 0.2927, 0.9841 0.66 0.2927, 0.9841 0.9647 0.2927, 0.9616 0.9422 0.5503, 0.9616 -0.9422 0.5503, 0.9841 -0.9647 0.2927, 0.9841 -0.66 0.2927, 0.9841 -0.33 0.2927, 0.9841 -0.0 0.2927, 0.9841 0.33 0.2927, -0.9523 0.9721 0.4322, -0.599 0.9721 0.4322, -0.5934 0.9721 0.4324, -0.5754 0.9718 0.436, -0.5626 0.9712 0.4424, -0.5544 0.9706 0.4495, -0.5515 0.9703 0.4533, -0.5494 0.97 0.457, -0.5467 0.969 0.4679, -0.5471 0.9693 0.4643, -0.548 0.9696 0.4607, 0.942 0.9618 0.5503, -0.5468 0.9687 0.4716, -0.5537 0.9618 0.5503, -0.9703 0.5534 0.451, -0.9706 0.5565 0.4475, -0.9841 0.33 0.2927, -0.9712 0.5659 0.4404, -0.9841 0.66 0.2927, -0.9841 -0.66 0.2927, -0.9841 -0.9647 0.2927, -0.9616 -0.9422 0.5503, -0.9719 0.9525 0.4322, -0.9841 0.9647 0.2927, -0.9719 0.5992 0.4322, -0.9717 0.5802 0.4346, -0.9841 -0.0 0.2927, -0.9841 -0.33 0.2927, -0.969 0.5472 0.4652, -0.9616 0.5539 0.5503, -0.9685 0.547 0.4716, -0.9693 0.5479 0.4616, -0.9696 0.5492 0.4581, -0.97 0.551 0.4546, -0.9687 0.5469 0.4684, 0.8197 -0.1079 0.5683, 0.7986 -0.214 0.5683, 0.942 -0.9422 0.5683, 0.7638 -0.3164 0.5683, 0.716 -0.4134 0.5683, 0.6559 -0.5033 0.5683, 0.5846 -0.5846 0.5683, 0.5033 -0.6559 0.5683, 0.214 -0.7986 0.5683, 0.1079 -0.8197 0.5683, 0.0 -0.8268 0.5683, -0.942 -0.9422 0.5683, -0.1079 -0.8197 0.5683, -0.214 -0.7986 0.5683, -0.3164 -0.7638 0.5683, -0.4134 -0.716 0.5683, 0.8268 0.0 0.5683, 0.942 0.9422 0.5683, 0.8197 0.1079 0.5683, 0.4134 -0.716 0.5683, 0.3164 -0.7638 0.5683, -0.5033 -0.6559 0.5683, -0.5846 -0.5846 0.5683, -0.6559 -0.5033 0.5683, -0.716 -0.4134 0.5683, -0.7638 -0.3164 0.5683, -0.7986 -0.214 0.5683, -0.7986 0.214 0.5683, -0.7638 0.3164 0.5683, -0.942 0.5539 0.5683, -0.716 0.4134 0.5683, -0.5033 0.6559 0.5683, -0.5537 0.9422 0.5683, -0.5846 0.5846 0.5683, -0.6559 0.5033 0.5683, -0.4134 0.716 0.5683, -0.3164 0.7638 0.5683, -0.214 0.7986 0.5683, -0.1079 0.8197 0.5683, 0.0 0.8268 0.5683, 0.1079 0.8197 0.5683, 0.214 0.7986 0.5683, 0.3164 0.7638 0.5683, 0.4134 0.716 0.5683, 0.5033 0.6559 0.5683, 0.5846 0.5846 0.5683, 0.6559 0.5033 0.5683, 0.716 0.4134 0.5683, -0.8197 -0.1079 0.5683, -0.8268 0.0 0.5683, -0.8197 0.1079 0.5683, 0.7638 0.3164 0.5683, 0.7986 0.214 0.5683, 0.9743 -0.9817 0.2927, 0.972 -0.9828 0.2927, 0.9697 -0.9836 0.2927, 0.9696 -0.9837 0.2927, 0.9646 -0.9843 0.2927, 0.9645 -0.9843 0.2927, 0.6603 -0.9843 0.2927, 0.6603 -0.9843 0.2927, 0.3301 -0.9843 0.2927, 0.3301 -0.9843 0.2927, 0.0 -0.9843 0.2927, 0.0 -0.9843 0.2927, -0.3301 -0.9843 0.2927, -0.3301 -0.9843 0.2927, -0.6603 -0.9843 0.2927, -0.6603 -0.9843 0.2927, -0.972 -0.9828 0.2927, -0.9743 -0.9817 0.2927, -0.9697 -0.9836 0.2927, -0.9646 -0.9843 0.2927, -0.9645 -0.9843 0.2927, -0.9696 -0.9837 0.2927, -0.9523 0.5992 0.4502, -0.599 0.9525 0.4502, -0.9523 0.9525 0.4502, -0.9628 0.5609 0.4699, -0.9559 0.5678 0.5486, -0.5607 0.963 0.4699, -0.5676 0.9561 0.5486, 0.9595 -0.9506 0.5509, 0.9589 -0.9519 0.5509, 0.9815 -0.9745 0.2927, 0.9787 -0.9783 0.2927, 0.9785 -0.9785 0.2927, 0.9571 -0.9543 0.551, 0.9784 -0.9786 0.2927, 0.9558 -0.956 0.551, 0.9765 -0.9803 0.2927, 0.954 -0.9573 0.551, 0.9744 -0.9816 0.2927, 0.9517 -0.9591 0.5509, 0.9504 -0.9597 0.5509, 0.947 -0.9611 0.5507, 0.9463 -0.9612 0.5506, 0.942 -0.9618 0.5503, 0.9826 -0.9722 0.2927, 0.9831 -0.971 0.2927, 0.9609 -0.9472 0.5507, 0.9834 -0.9698 0.2927, 0.961 -0.9465 0.5506, -0.942 -0.947 0.5677, -0.942 -0.9618 0.5503, -0.942 -0.9608 0.5549, 0.942 -0.9608 0.5549, -0.942 -0.9608 0.5551, 0.942 -0.9608 0.5551, -0.942 -0.9587 0.5593, 0.942 -0.9587 0.5593, -0.942 -0.9586 0.5594, 0.942 -0.9586 0.5594, -0.942 -0.9555 0.5631, 0.942 -0.9555 0.5631, -0.942 -0.9555 0.5631, 0.942 -0.9555 0.5631, -0.942 -0.9516 0.5659, 0.942 -0.9516 0.5659, -0.942 -0.9515 0.5659, 0.942 -0.9515 0.5659, -0.942 -0.947 0.5677, 0.942 -0.947 0.5677, 0.942 -0.947 0.5677, -0.9571 -0.9543 0.551, -0.9787 -0.9783 0.2927, -0.9785 -0.9785 0.2927, -0.9558 -0.956 0.551, -0.9815 -0.9745 0.2927, -0.9589 -0.9519 0.5509, -0.9821 -0.9734 0.2927, -0.9595 -0.9506 0.5509, -0.9826 -0.9722 0.2927, -0.9609 -0.9472 0.5507, -0.9834 -0.9698 0.2927, -0.961 -0.9465 0.5506, -0.9784 -0.9786 0.2927, -0.9765 -0.9803 0.2927, -0.954 -0.9573 0.551, -0.9744 -0.9816 0.2927, -0.9517 -0.9591 0.5509, -0.9504 -0.9597 0.5509, -0.947 -0.9611 0.5507, -0.9463 -0.9612 0.5506, 0.9605 -0.9422 0.5551, 0.9585 -0.9422 0.5593, 0.9581 -0.9459 0.5593, 0.9584 -0.9422 0.5594, 0.9553 -0.9422 0.5631, 0.955 -0.9452 0.5631, 0.9511 -0.9443 0.5659, 0.9467 -0.9433 0.5677, 0.9463 -0.9443 0.5677, 0.9441 -0.9465 0.5677, 0.945 -0.946 0.5677, 0.943 -0.9469 0.5677, 0.9468 -0.9422 0.5677, 0.9601 -0.9463 0.5549, 0.9588 -0.9503 0.5549, 0.9565 -0.9538 0.5549, 0.9536 -0.9568 0.5549, 0.9501 -0.959 0.5549, 0.9461 -0.9604 0.5549, 0.9553 -0.9422 0.5631, 0.9514 -0.9422 0.5659, 0.9513 -0.9422 0.5659, 0.9468 -0.9422 0.5677, 0.9493 -0.948 0.5659, 0.9478 -0.9495 0.5659, 0.946 -0.9506 0.5659, 0.9441 -0.9513 0.5659, 0.9504 -0.9463 0.5659, 0.9458 -0.9452 0.5677, 0.954 -0.948 0.5631, 0.9524 -0.9505 0.5631, 0.9503 -0.9526 0.5631, 0.9478 -0.9542 0.5631, 0.9449 -0.9552 0.5631, 0.9568 -0.9493 0.5593, 0.9549 -0.9525 0.5593, 0.9523 -0.9551 0.5593, 0.9491 -0.9571 0.5593, 0.9456 -0.9583 0.5593, 0.9606 -0.9422 0.5549, -0.9456 -0.9583 0.5593, -0.9449 -0.9552 0.5631, -0.9441 -0.9513 0.5659, -0.943 -0.9469 0.5677, -0.9441 -0.9465 0.5677, -0.9463 -0.9443 0.5677, -0.9458 -0.9452 0.5677, -0.9467 -0.9433 0.5677, -0.9461 -0.9604 0.5549, -0.9501 -0.959 0.5549, -0.9536 -0.9568 0.5549, -0.9565 -0.9538 0.5549, -0.9588 -0.9503 0.5549, -0.9601 -0.9463 0.5549, -0.9606 -0.9422 0.5549, -0.9468 -0.9422 0.5677, -0.9478 -0.9495 0.5659, -0.9493 -0.948 0.5659, -0.9504 -0.9463 0.5659, -0.9511 -0.9443 0.5659, -0.946 -0.9506 0.5659, -0.945 -0.946 0.5677, -0.9468 -0.9422 0.5677, -0.9513 -0.9422 0.5659, -0.9514 -0.9422 0.5659, -0.9553 -0.9422 0.5631, -0.9478 -0.9542 0.5631, -0.9503 -0.9526 0.5631, -0.9524 -0.9505 0.5631, -0.954 -0.948 0.5631, -0.955 -0.9452 0.5631, -0.9491 -0.9571 0.5593, -0.9523 -0.9551 0.5593, -0.9549 -0.9525 0.5593, -0.9568 -0.9493 0.5593, -0.9581 -0.9459 0.5593, -0.9553 -0.9422 0.5631, -0.9584 -0.9422 0.5594, -0.9585 -0.9422 0.5593, -0.9605 -0.9422 0.5551, -0.9709 0.5992 0.437, -0.9709 0.9525 0.4369, -0.9709 0.9525 0.4368, -0.9687 0.5992 0.4413, -0.9656 0.5992 0.445, -0.9656 0.9525 0.445, -0.9657 0.9525 0.4449, -0.9687 0.9525 0.4413, -0.9688 0.9525 0.4412, -0.9571 0.9525 0.4496, -0.9571 0.9525 0.4496, -0.9616 0.5992 0.4478, -0.9616 0.9525 0.4478, -0.9617 0.9525 0.4478, -0.9571 0.5992 0.4496, -0.9712 0.9576 0.4326, -0.9784 0.9786 0.2927, -0.9785 0.9785 0.2927, -0.9692 0.9623 0.4328, -0.9692 0.9623 0.4328, -0.9661 0.9663 0.4329, -0.9765 0.9803 0.2927, -0.9621 0.9694 0.4328, -0.9744 0.9816 0.2927, -0.9621 0.9694 0.4328, -0.9574 0.9714 0.4326, -0.9574 0.9714 0.4326, -0.9787 0.9783 0.2927, -0.9815 0.9745 0.2927, -0.9712 0.9576 0.4326, -0.9826 0.9722 0.2927, -0.9831 0.971 0.2927, -0.9834 0.9698 0.2927, 0.9571 0.9543 0.551, 0.9787 0.9783 0.2927, 0.9785 0.9785 0.2927, 0.9558 0.956 0.551, 0.9815 0.9745 0.2927, 0.9589 0.9519 0.5509, 0.9821 0.9734 0.2927, 0.9595 0.9506 0.5509, 0.9826 0.9722 0.2927, 0.9609 0.9472 0.5507, 0.9834 0.9698 0.2927, 0.961 0.9465 0.5506, 0.9784 0.9786 0.2927, 0.9765 0.9803 0.2927, 0.954 0.9573 0.551, 0.9744 0.9816 0.2927, 0.9517 0.9591 0.5509, 0.9504 0.9597 0.5509, 0.947 0.9611 0.5507, 0.9463 0.9612 0.5506, 0.9606 0.9422 0.5549, 0.9605 0.9422 0.5551, 0.9585 0.9422 0.5593, 0.9584 0.9422 0.5594, 0.9553 0.9422 0.5631, 0.9553 0.9422 0.5631, 0.9514 0.9422 0.5659, 0.9513 0.9422 0.5659, 0.9468 0.9422 0.5677, 0.9468 0.9422 0.5677, -0.9604 0.5539 0.555, -0.9598 0.5539 0.557, -0.9583 0.5539 0.5594, -0.9574 0.5539 0.5608, -0.9552 0.5539 0.563, -0.9543 0.5539 0.5639, -0.9513 0.5539 0.5659, -0.9506 0.5539 0.5663, -0.9468 0.5539 0.5676, -0.9464 0.5539 0.5678, -0.9612 0.5539 0.5528, -0.9683 0.5496 0.4713, -0.9612 0.5577 0.5499, -0.9681 0.5508 0.4712, -0.9612 0.5577 0.5499, -0.9678 0.5521 0.4711, -0.9601 0.5614 0.5495, -0.967 0.5545 0.4708, -0.9659 0.5568 0.4705, -0.9583 0.5648 0.5491, -0.9652 0.5579 0.4703, -0.9583 0.5648 0.5491, -0.9645 0.559 0.4702, -0.9681 0.552 0.4684, -0.9647 0.5588 0.4683, -0.963 0.5608 0.4683, -0.9661 0.5567 0.4684, -0.9672 0.5544 0.4684, -0.9686 0.5495 0.4684, -0.9631 0.5609 0.4667, -0.9649 0.559 0.4665, -0.9632 0.5614 0.4649, -0.965 0.5595 0.4645, -0.9632 0.5615 0.4648, -0.965 0.5605 0.4625, -0.9631 0.5623 0.4631, -0.9629 0.5635 0.4613, -0.9649 0.5618 0.4605, -0.9626 0.5648 0.46, -0.9647 0.5637 0.4585, -0.9625 0.5652 0.4596, -0.962 0.5675 0.4578, -0.9643 0.5661 0.4566, -0.963 0.5734 0.4528, -0.961 0.571 0.4561, -0.9601 0.5744 0.4543, -0.9607 0.5845 0.4501, -0.9587 0.5791 0.453, -0.9557 0.5887 0.4511, -0.9569 0.585 0.4514, -0.9663 0.5569 0.4663, -0.9664 0.5575 0.464, -0.9665 0.5585 0.4618, -0.9666 0.5599 0.4595, -0.9665 0.5619 0.4573, -0.9663 0.5644 0.4551, -0.9656 0.5722 0.451, -0.9642 0.5839 0.448, -0.9675 0.5546 0.4661, -0.9676 0.5552 0.4635, -0.9678 0.5563 0.461, -0.9679 0.5578 0.4584, -0.968 0.5599 0.4559, -0.968 0.5626 0.4535, -0.9678 0.5708 0.4487, -0.9671 0.5831 0.4453, -0.9683 0.5522 0.4658, -0.9685 0.5529 0.4629, -0.9688 0.554 0.4601, -0.969 0.5556 0.4572, -0.9691 0.5578 0.4544, -0.9693 0.5607 0.4516, -0.9695 0.5692 0.4462, -0.9694 0.5822 0.4421, -0.9688 0.5497 0.4655, -0.9691 0.5504 0.4623, -0.9694 0.5516 0.4591, -0.9696 0.5533 0.4559, -0.9699 0.5556 0.4527, -0.9702 0.5586 0.4496, -0.9706 0.5676 0.4434, -0.9709 0.5812 0.4385, -0.9652 0.956 0.4449, -0.9614 0.9549 0.4478, -0.957 0.9538 0.4496, -0.9565 0.9549 0.4496, -0.9547 0.9567 0.4496, -0.9557 0.9559 0.4496, -0.9536 0.9572 0.4496, -0.9703 0.9573 0.4368, -0.9684 0.9618 0.4368, -0.9655 0.9657 0.4368, -0.9616 0.9687 0.4368, -0.9571 0.9705 0.4368, -0.9523 0.9712 0.4368, -0.9523 0.9573 0.4496, -0.9604 0.9572 0.4478, -0.9589 0.9592 0.4478, -0.957 0.9607 0.4478, -0.9547 0.9616 0.4478, -0.9523 0.9574 0.4496, -0.9523 0.9619 0.4478, -0.9523 0.9619 0.4478, -0.9523 0.9658 0.445, -0.9639 0.9592 0.4449, -0.9617 0.962 0.4449, -0.959 0.9641 0.4449, -0.9558 0.9654 0.4449, -0.9682 0.9568 0.4412, -0.9666 0.9608 0.4412, -0.964 0.9642 0.4412, -0.9606 0.9668 0.4412, -0.9566 0.9685 0.4412, -0.9523 0.9659 0.4449, -0.9523 0.969 0.4413, -0.9523 0.969 0.4412, -0.9523 0.9711 0.4369, 0.942 0.9608 0.5551, 0.942 0.9587 0.5593, 0.9456 0.9583 0.5593, 0.942 0.9586 0.5594, 0.942 0.9555 0.5631, 0.9449 0.9552 0.5631, 0.9441 0.9513 0.5659, 0.943 0.9469 0.5677, 0.9441 0.9465 0.5677, 0.9463 0.9443 0.5677, 0.9458 0.9452 0.5677, 0.9467 0.9433 0.5677, 0.942 0.947 0.5677, 0.9461 0.9604 0.5549, 0.9501 0.959 0.5549, 0.9536 0.9568 0.5549, 0.9565 0.9538 0.5549, 0.9588 0.9503 0.5549, 0.9601 0.9463 0.5549, 0.942 0.9555 0.5631, 0.942 0.9516 0.5659, 0.942 0.9515 0.5659, 0.942 0.947 0.5677, 0.9478 0.9495 0.5659, 0.9493 0.948 0.5659, 0.9504 0.9463 0.5659, 0.9511 0.9443 0.5659, 0.946 0.9506 0.5659, 0.945 0.946 0.5677, 0.9478 0.9542 0.5631, 0.9503 0.9526 0.5631, 0.9524 0.9505 0.5631, 0.954 0.948 0.5631, 0.955 0.9452 0.5631, 0.9491 0.9571 0.5593, 0.9523 0.9551 0.5593, 0.9549 0.9525 0.5593, 0.9568 0.9493 0.5593, 0.9581 0.9459 0.5593, 0.942 0.9608 0.5549, -0.9594 0.5573 0.557, -0.9608 0.5576 0.5528, -0.9597 0.5612 0.5528, -0.958 0.5646 0.5528, -0.9556 0.5675 0.5528, -0.9451 0.557 0.5678, -0.9456 0.5563 0.5678, -0.9456 0.5575 0.5675, -0.9491 0.5587 0.5663, -0.9504 0.5556 0.5663, -0.9541 0.5563 0.5639, -0.9463 0.5547 0.5678, -0.948 0.56 0.5663, -0.9489 0.5608 0.5656, -0.9522 0.5607 0.5639, -0.9507 0.5626 0.5639, -0.9548 0.5625 0.5608, -0.9517 0.5637 0.5624, -0.9571 0.5569 0.5608, -0.946 0.5556 0.5678, -0.9499 0.5572 0.5663, -0.9534 0.5586 0.5639, -0.9562 0.5598 0.5608, -0.9584 0.5607 0.557, -0.9568 0.5638 0.557, -0.9529 0.5648 0.5608, -0.954 0.5659 0.5584, -0.9545 0.5665 0.557, -0.9554 0.5673 0.5537, -0.5948 0.9539 0.4503, -0.5885 0.9559 0.4511, -0.5814 0.9582 0.4521, -0.5788 0.9589 0.4529, -0.5719 0.961 0.4552, -0.5707 0.9613 0.456, -0.5659 0.9625 0.4588, -0.5646 0.9628 0.46, -0.5613 0.9634 0.4648, -0.5614 0.9634 0.4644, -0.5639 0.963 0.4607, -0.5624 0.9633 0.4626, -0.5606 0.9632 0.468, -0.5608 0.9634 0.4662, -0.599 0.9711 0.437, -0.599 0.969 0.4413, -0.599 0.9658 0.445, -0.599 0.9619 0.4478, -0.599 0.9573 0.4496, -0.5537 0.9515 0.5659, -0.5537 0.9508 0.5663, -0.5537 0.947 0.5676, -0.5537 0.9466 0.5678, -0.5537 0.9545 0.5639, -0.5537 0.9554 0.563, -0.5537 0.9576 0.5608, -0.5537 0.9585 0.5594, -0.5537 0.96 0.557, -0.5537 0.9607 0.555, -0.5537 0.9614 0.5528, -0.5673 0.9558 0.5528, -0.5671 0.9556 0.5537, -0.5662 0.9548 0.557, -0.5656 0.9542 0.5584, -0.5646 0.9531 0.5608, -0.5634 0.952 0.5624, -0.5624 0.9509 0.5639, -0.5606 0.9491 0.5656, -0.5597 0.9483 0.5663, -0.5573 0.9458 0.5675, -0.5568 0.9453 0.5678, -0.5943 0.9663 0.4447, -0.594 0.9692 0.4411, -0.5937 0.9712 0.4369, -0.5947 0.9584 0.4494, -0.5808 0.9617 0.4507, -0.5708 0.9637 0.4538, -0.5644 0.9647 0.4577, -0.5622 0.965 0.4598, -0.5575 0.9667 0.4635, -0.5565 0.9681 0.4602, -0.5586 0.9668 0.4611, -0.5583 0.9682 0.4575, -0.5603 0.9668 0.4588, -0.5608 0.9682 0.4549, -0.5627 0.9667 0.4564, -0.5679 0.9681 0.45, -0.5694 0.9661 0.4521, -0.579 0.9676 0.446, -0.58 0.9649 0.4486, -0.5945 0.9627 0.4475, -0.5779 0.9697 0.443, -0.5662 0.9697 0.4476, -0.5587 0.9694 0.4532, -0.5561 0.9692 0.4562, -0.5542 0.969 0.4592, -0.5589 0.9651 0.466, -0.5595 0.9652 0.464, -0.5606 0.9652 0.4619, -0.5552 0.9679 0.4629, -0.5529 0.9688 0.4622, -0.5521 0.9686 0.4651, -0.5545 0.9677 0.4655, -0.5568 0.9666 0.4658, -0.5518 0.9683 0.4681, -0.5542 0.9675 0.4681, -0.5565 0.9664 0.4681, -0.5586 0.9649 0.4681, -0.5588 0.9647 0.4702, -0.5577 0.9654 0.4703, -0.5566 0.9661 0.4705, -0.5543 0.9672 0.4708, -0.5519 0.968 0.4711, -0.5506 0.9683 0.4712, -0.5767 0.9711 0.4396, -0.5644 0.9707 0.445, -0.5566 0.9702 0.4514, -0.5538 0.97 0.4548, -0.5518 0.9697 0.4581, -0.5505 0.9694 0.4615, -0.5496 0.9691 0.4647, -0.5493 0.9688 0.468, -0.5493 0.9685 0.4713, -0.5574 0.961 0.5528, -0.5646 0.9585 0.5491, -0.5643 0.9582 0.5528, -0.5646 0.9585 0.5491, -0.561 0.9599 0.5528, -0.5612 0.9603 0.5495, -0.5575 0.9614 0.5499, -0.5575 0.9614 0.5499, -0.5584 0.9493 0.5663, -0.5561 0.9458 0.5678, -0.5545 0.9465 0.5678, -0.5553 0.9506 0.5663, -0.5561 0.9543 0.5639, -0.5623 0.955 0.5608, -0.5605 0.9524 0.5639, -0.5554 0.9463 0.5678, -0.557 0.9501 0.5663, -0.5584 0.9536 0.5639, -0.5596 0.9565 0.5608, -0.5567 0.9573 0.5608, -0.5635 0.957 0.557, -0.5605 0.9586 0.557, -0.5571 0.9596 0.557
            ]
        }
        coordIndex [
            0,1,2,-1,2,1,3,-1,2,3,4,-1,4,3,5,-1,4,5,6,-1,5,7,6,-1,6,7,8,-1,6,8,9,-1,9,8,10,-1,9,10,11,-1,11,10,12,-1,11,12,13,-1,13,12,14,-1,13,14,15,-1,16,17,18,-1,15,14,19,-1,19,14,20,-1,19,20,18,-1,18,20,21,-1,18,21,16,-1,22,23,24,-1,25,26,27,-1,27,28,25,-1,25,28,29,-1,25,29,24,-1,24,29,30,-1,24,30,22,-1,7,5,31,-1,31,32,7,-1,7,32,33,-1,7,33,8,-1,8,33,34,-1,8,34,35,-1,35,36,8,-1,8,36,37,-1,8,37,10,-1,10,37,38,-1,20,14,39,-1,39,14,12,-1,39,12,40,-1,40,12,10,-1,40,10,41,-1,41,10,38,-1,20,39,42,-1,42,39,43,-1,42,43,44,-1,45,46,47,-1,47,46,48,-1,47,48,49,-1,50,51,52,-1,53,54,55,-1,55,54,49,-1,55,49,56,-1,56,49,48,-1,57,58,59,-1,52,60,61,-1,59,62,57,-1,57,62,63,-1,57,63,47,-1,47,63,64,-1,47,64,45,-1,58,50,59,-1,59,50,52,-1,59,52,65,-1,65,52,61,-1,66,67,68,-1,68,67,69,-1,68,69,70,-1,70,71,68,-1,68,71,72,-1,68,72,73,-1,74,75,68,-1,68,75,76,-1,68,76,77,-1,77,76,78,-1,78,79,77,-1,77,79,80,-1,77,80,81,-1,66,68,82,-1,82,68,83,-1,82,83,84,-1,73,85,68,-1,68,85,86,-1,68,86,74,-1,81,87,77,-1,77,87,88,-1,77,88,89,-1,89,90,77,-1,77,90,91,-1,77,91,92,-1,93,94,95,-1,95,94,96,-1,97,98,99,-1,99,98,95,-1,99,95,100,-1,100,95,96,-1,97,101,98,-1,98,101,102,-1,98,102,103,-1,103,104,98,-1,98,104,105,-1,98,105,83,-1,83,105,106,-1,83,106,107,-1,107,108,83,-1,83,108,109,-1,83,109,110,-1,110,111,83,-1,83,111,112,-1,83,112,113,-1,92,114,77,-1,77,114,115,-1,77,115,95,-1,95,115,116,-1,95,116,93,-1,113,117,83,-1,83,117,118,-1,83,118,84,-1,119,120,121,-1,121,120,122,-1,121,122,123,-1,123,122,124,-1,123,124,125,-1,124,126,125,-1,125,126,127,-1,125,127,128,-1,128,127,129,-1,128,129,130,-1,130,129,131,-1,130,131,132,-1,132,131,133,-1,132,133,134,-1,135,136,137,-1,134,133,138,-1,138,133,139,-1,138,139,137,-1,137,139,140,-1,137,140,135,-1,141,142,143,-1,144,145,146,-1,146,145,147,-1,148,149,150,-1,150,149,151,-1,151,149,152,-1,152,149,153,-1,152,153,154,-1,154,153,155,-1,154,155,156,-1,156,155,157,-1,156,157,158,-1,158,157,119,-1,119,157,159,-1,119,159,120,-1,120,159,160,-1,120,160,122,-1,122,160,161,-1,122,161,124,-1,124,161,162,-1,124,162,163,-1,150,164,148,-1,148,164,165,-1,148,165,166,-1,166,165,167,-1,166,167,168,-1,168,167,26,-1,168,26,25,-1,68,77,169,-1,170,163,171,-1,171,163,172,-1,171,172,173,-1,173,172,174,-1,173,174,175,-1,175,174,176,-1,175,176,177,-1,177,176,178,-1,177,178,179,-1,179,178,180,-1,179,180,181,-1,181,180,182,-1,181,182,183,-1,183,182,184,-1,183,184,185,-1,185,184,186,-1,185,186,187,-1,187,186,188,-1,187,188,169,-1,169,188,189,-1,169,189,68,-1,190,191,192,-1,190,192,193,-1,191,190,194,-1,194,190,195,-1,194,195,196,-1,196,195,197,-1,196,197,198,-1,198,197,199,-1,198,199,200,-1,200,199,51,-1,51,199,201,-1,51,201,52,-1,192,202,193,-1,193,202,203,-1,193,203,204,-1,204,203,205,-1,204,205,206,-1,206,205,136,-1,206,136,207,-1,207,136,135,-1,207,135,208,-1,208,135,140,-1,208,140,209,-1,209,140,139,-1,209,139,170,-1,210,211,212,-1,213,214,215,-1,216,217,218,-1,68,219,220,-1,221,219,68,-1,218,217,68,-1,222,68,217,-1,168,223,166,-1,166,223,224,-1,166,224,148,-1,148,224,149,-1,149,224,225,-1,149,225,153,-1,153,225,155,-1,155,225,226,-1,155,226,157,-1,157,226,159,-1,159,226,227,-1,159,227,160,-1,160,227,161,-1,161,227,228,-1,161,228,162,-1,162,228,172,-1,162,172,163,-1,189,221,68,-1,229,230,216,-1,216,230,231,-1,216,231,217,-1,217,231,232,-1,217,232,222,-1,233,220,234,-1,234,220,219,-1,234,219,235,-1,235,219,221,-1,235,221,236,-1,214,229,215,-1,215,229,216,-1,215,216,237,-1,237,216,218,-1,237,218,238,-1,238,218,68,-1,189,188,221,-1,221,188,186,-1,221,186,236,-1,236,186,184,-1,236,184,182,-1,239,233,240,-1,240,233,234,-1,240,234,241,-1,241,234,235,-1,241,235,242,-1,242,235,236,-1,242,236,243,-1,243,236,182,-1,212,239,244,-1,244,239,240,-1,244,240,245,-1,245,240,241,-1,245,241,246,-1,246,241,242,-1,246,242,247,-1,247,242,243,-1,247,243,248,-1,211,213,212,-1,212,213,215,-1,212,215,239,-1,239,215,237,-1,239,237,233,-1,233,237,238,-1,233,238,220,-1,220,238,68,-1,168,25,223,-1,223,25,249,-1,223,249,210,-1,182,180,243,-1,243,180,178,-1,243,178,248,-1,248,178,176,-1,248,176,174,-1,210,212,223,-1,223,212,244,-1,223,244,224,-1,224,244,245,-1,224,245,225,-1,225,245,246,-1,225,246,226,-1,226,246,247,-1,226,247,227,-1,227,247,248,-1,227,248,228,-1,228,248,174,-1,228,174,172,-1,173,175,250,-1,177,179,251,-1,252,253,254,-1,77,255,256,-1,257,255,77,-1,254,253,77,-1,169,77,253,-1,209,258,208,-1,208,258,259,-1,208,259,207,-1,207,259,206,-1,206,259,260,-1,206,260,204,-1,204,260,193,-1,193,260,261,-1,193,261,190,-1,190,261,195,-1,195,261,262,-1,195,262,197,-1,197,262,199,-1,199,262,263,-1,199,263,201,-1,201,263,264,-1,201,264,52,-1,265,257,77,-1,181,183,252,-1,252,183,185,-1,252,185,253,-1,253,185,187,-1,253,187,169,-1,266,256,267,-1,267,256,255,-1,267,255,268,-1,268,255,257,-1,268,257,269,-1,179,181,251,-1,251,181,252,-1,251,252,270,-1,270,252,254,-1,270,254,271,-1,271,254,77,-1,265,272,257,-1,257,272,273,-1,257,273,269,-1,269,273,274,-1,269,274,275,-1,276,266,277,-1,277,266,267,-1,277,267,278,-1,278,267,268,-1,278,268,279,-1,279,268,269,-1,279,269,280,-1,280,269,275,-1,250,276,281,-1,281,276,277,-1,281,277,282,-1,282,277,278,-1,282,278,283,-1,283,278,279,-1,283,279,284,-1,284,279,280,-1,284,280,285,-1,175,177,250,-1,250,177,251,-1,250,251,276,-1,276,251,270,-1,276,270,266,-1,266,270,271,-1,266,271,256,-1,256,271,77,-1,209,170,258,-1,258,170,171,-1,258,171,173,-1,275,286,280,-1,280,286,287,-1,280,287,285,-1,285,287,288,-1,285,288,289,-1,173,250,258,-1,258,250,281,-1,258,281,259,-1,259,281,282,-1,259,282,260,-1,260,282,283,-1,260,283,261,-1,261,283,284,-1,261,284,262,-1,262,284,285,-1,262,285,263,-1,263,285,289,-1,263,289,264,-1,290,291,55,-1,55,291,292,-1,55,292,53,-1,293,294,295,-1,295,296,293,-1,293,296,297,-1,293,297,290,-1,290,297,298,-1,290,298,291,-1,299,300,301,-1,301,300,302,-1,301,302,294,-1,294,302,303,-1,294,303,295,-1,301,304,299,-1,299,304,141,-1,299,141,143,-1,54,53,305,-1,306,307,308,-1,308,309,306,-1,306,309,310,-1,306,310,311,-1,311,310,312,-1,311,312,313,-1,313,312,0,-1,0,312,314,-1,0,314,1,-1,1,314,315,-1,1,315,3,-1,315,316,3,-1,3,316,31,-1,3,31,5,-1,307,317,308,-1,308,317,318,-1,308,318,319,-1,318,320,319,-1,319,320,321,-1,319,321,305,-1,305,321,322,-1,305,322,54,-1,323,324,325,-1,323,325,326,-1,324,323,327,-1,327,323,328,-1,327,328,329,-1,329,328,330,-1,329,330,331,-1,331,330,332,-1,331,332,333,-1,333,332,23,-1,23,332,334,-1,23,334,24,-1,325,335,326,-1,326,335,336,-1,326,336,337,-1,337,336,338,-1,337,338,339,-1,339,338,17,-1,339,17,340,-1,340,17,16,-1,340,16,341,-1,341,16,21,-1,341,21,342,-1,342,21,20,-1,342,20,42,-1,83,68,222,-1,25,24,249,-1,249,24,343,-1,249,343,210,-1,210,343,344,-1,210,344,211,-1,211,344,345,-1,211,345,213,-1,213,345,346,-1,213,346,214,-1,214,346,347,-1,214,347,229,-1,229,347,348,-1,229,348,230,-1,230,348,349,-1,230,349,231,-1,231,349,350,-1,231,350,232,-1,232,350,351,-1,232,351,222,-1,222,351,352,-1,222,352,83,-1,264,289,353,-1,353,289,354,-1,354,289,288,-1,354,288,355,-1,355,288,287,-1,355,287,356,-1,356,287,286,-1,356,286,357,-1,357,286,275,-1,357,275,358,-1,358,275,274,-1,358,274,359,-1,359,274,273,-1,359,273,360,-1,360,273,272,-1,360,272,361,-1,361,272,265,-1,361,265,362,-1,362,265,77,-1,362,77,95,-1,264,353,52,-1,52,353,363,-1,52,363,60,-1,61,60,364,-1,364,60,365,-1,364,365,366,-1,366,365,367,-1,366,367,368,-1,368,367,369,-1,368,369,370,-1,370,369,371,-1,371,369,372,-1,371,372,373,-1,373,372,374,-1,373,374,375,-1,375,374,145,-1,375,145,144,-1,366,368,376,-1,373,375,377,-1,375,144,378,-1,379,371,373,-1,371,379,370,-1,368,370,380,-1,381,364,366,-1,364,381,61,-1,375,378,377,-1,377,378,382,-1,377,382,383,-1,383,382,384,-1,383,384,385,-1,385,384,386,-1,385,386,387,-1,386,388,387,-1,387,388,389,-1,387,389,390,-1,390,389,391,-1,390,391,392,-1,391,393,392,-1,392,393,394,-1,392,394,395,-1,395,394,396,-1,394,397,396,-1,396,397,398,-1,396,398,399,-1,399,398,400,-1,141,304,401,-1,401,304,399,-1,401,399,402,-1,402,399,400,-1,373,377,379,-1,379,377,383,-1,379,383,403,-1,403,383,385,-1,403,385,404,-1,404,385,387,-1,404,387,405,-1,405,387,390,-1,405,390,406,-1,406,390,392,-1,406,392,407,-1,407,392,395,-1,407,395,408,-1,408,395,396,-1,408,396,409,-1,409,396,399,-1,409,399,410,-1,410,399,304,-1,410,304,301,-1,370,379,380,-1,380,379,403,-1,380,403,411,-1,411,403,404,-1,411,404,412,-1,412,404,405,-1,412,405,413,-1,413,405,406,-1,413,406,414,-1,414,406,407,-1,414,407,415,-1,415,407,408,-1,415,408,416,-1,416,408,409,-1,416,409,417,-1,417,409,410,-1,417,410,418,-1,418,410,301,-1,418,301,294,-1,368,380,376,-1,376,380,411,-1,376,411,419,-1,419,411,412,-1,419,412,420,-1,420,412,413,-1,420,413,421,-1,421,413,414,-1,421,414,422,-1,422,414,415,-1,422,415,423,-1,423,415,416,-1,423,416,424,-1,424,416,417,-1,424,417,425,-1,425,417,418,-1,425,418,426,-1,426,418,294,-1,426,294,293,-1,366,376,381,-1,381,376,419,-1,381,419,427,-1,427,419,420,-1,427,420,428,-1,428,420,421,-1,428,421,429,-1,429,421,422,-1,429,422,430,-1,430,422,423,-1,430,423,431,-1,431,423,424,-1,431,424,432,-1,432,424,425,-1,432,425,433,-1,433,425,426,-1,433,426,434,-1,434,426,293,-1,434,293,290,-1,61,381,65,-1,65,381,427,-1,65,427,59,-1,59,427,428,-1,59,428,62,-1,62,428,429,-1,62,429,63,-1,63,429,430,-1,63,430,64,-1,64,430,431,-1,64,431,45,-1,45,431,432,-1,45,432,46,-1,46,432,433,-1,46,433,48,-1,48,433,434,-1,48,434,56,-1,56,434,290,-1,56,290,55,-1,297,296,435,-1,436,437,438,-1,143,439,440,-1,441,439,143,-1,438,437,143,-1,299,143,437,-1,442,319,305,-1,319,442,308,-1,308,442,443,-1,308,443,309,-1,309,443,444,-1,309,444,310,-1,310,444,445,-1,310,445,312,-1,312,445,314,-1,314,445,446,-1,314,446,315,-1,315,446,316,-1,316,446,447,-1,316,447,31,-1,448,441,143,-1,295,303,436,-1,436,303,302,-1,436,302,437,-1,437,302,300,-1,437,300,299,-1,449,440,450,-1,450,440,439,-1,450,439,451,-1,451,439,441,-1,451,441,452,-1,448,453,441,-1,441,453,454,-1,441,454,452,-1,452,454,455,-1,452,455,456,-1,435,449,457,-1,457,449,450,-1,457,450,458,-1,458,450,451,-1,458,451,459,-1,459,451,452,-1,459,452,460,-1,460,452,456,-1,291,298,461,-1,461,298,297,-1,297,435,461,-1,461,435,457,-1,461,457,462,-1,462,457,458,-1,462,458,463,-1,463,458,459,-1,463,459,464,-1,464,459,460,-1,464,460,465,-1,296,295,435,-1,435,295,436,-1,435,436,449,-1,449,436,438,-1,449,438,440,-1,440,438,143,-1,291,442,292,-1,292,442,305,-1,292,305,53,-1,456,466,460,-1,460,466,467,-1,460,467,465,-1,465,467,468,-1,465,468,469,-1,291,461,442,-1,442,461,462,-1,442,462,443,-1,443,462,463,-1,443,463,444,-1,444,463,464,-1,444,464,445,-1,445,464,465,-1,445,465,446,-1,446,465,469,-1,446,469,447,-1,470,471,472,-1,473,474,475,-1,476,477,478,-1,83,479,480,-1,481,479,83,-1,478,477,83,-1,482,83,477,-1,342,483,341,-1,341,483,484,-1,341,484,340,-1,340,484,339,-1,339,484,485,-1,339,485,337,-1,337,485,326,-1,326,485,486,-1,326,486,323,-1,323,486,328,-1,328,486,487,-1,328,487,330,-1,330,487,332,-1,332,487,488,-1,332,488,334,-1,334,488,343,-1,334,343,24,-1,352,481,83,-1,489,490,476,-1,476,490,491,-1,476,491,477,-1,477,491,492,-1,477,492,482,-1,493,480,494,-1,494,480,479,-1,494,479,495,-1,495,479,481,-1,495,481,496,-1,474,489,475,-1,475,489,476,-1,475,476,497,-1,497,476,478,-1,497,478,498,-1,498,478,83,-1,352,351,481,-1,481,351,350,-1,481,350,496,-1,496,350,349,-1,496,349,348,-1,499,493,500,-1,500,493,494,-1,500,494,501,-1,501,494,495,-1,501,495,502,-1,502,495,496,-1,502,496,503,-1,503,496,348,-1,472,499,504,-1,504,499,500,-1,504,500,505,-1,505,500,501,-1,505,501,506,-1,506,501,502,-1,506,502,507,-1,507,502,503,-1,507,503,508,-1,471,473,472,-1,472,473,475,-1,472,475,499,-1,499,475,497,-1,499,497,493,-1,493,497,498,-1,493,498,480,-1,480,498,83,-1,342,42,483,-1,483,42,509,-1,483,509,470,-1,348,347,503,-1,503,347,346,-1,503,346,508,-1,508,346,345,-1,508,345,344,-1,470,472,483,-1,483,472,504,-1,483,504,484,-1,484,504,505,-1,484,505,485,-1,485,505,506,-1,485,506,486,-1,486,506,507,-1,486,507,487,-1,487,507,508,-1,487,508,488,-1,488,508,344,-1,488,344,343,-1,353,354,510,-1,365,511,367,-1,367,511,512,-1,367,512,369,-1,369,512,513,-1,369,513,372,-1,372,513,374,-1,374,513,514,-1,374,514,145,-1,95,515,516,-1,516,515,517,-1,516,517,518,-1,519,520,358,-1,361,521,360,-1,360,521,519,-1,360,519,359,-1,359,519,358,-1,517,522,518,-1,518,522,523,-1,518,523,524,-1,524,523,525,-1,524,525,526,-1,526,525,527,-1,510,354,528,-1,354,355,528,-1,528,355,356,-1,528,356,520,-1,520,356,357,-1,520,357,358,-1,521,529,519,-1,519,529,530,-1,519,530,520,-1,520,530,531,-1,520,531,528,-1,528,531,532,-1,528,532,510,-1,510,532,533,-1,534,533,526,-1,526,533,532,-1,526,532,524,-1,524,532,531,-1,524,531,518,-1,518,531,530,-1,518,530,516,-1,516,530,529,-1,516,529,95,-1,521,95,529,-1,361,362,521,-1,521,362,95,-1,365,60,511,-1,511,60,363,-1,511,363,353,-1,527,535,526,-1,526,535,536,-1,526,536,534,-1,534,536,537,-1,534,537,538,-1,353,510,511,-1,511,510,533,-1,511,533,512,-1,512,533,534,-1,512,534,513,-1,513,534,538,-1,513,538,514,-1,142,141,539,-1,539,141,401,-1,539,401,540,-1,540,401,541,-1,541,401,402,-1,541,402,542,-1,542,402,400,-1,542,400,543,-1,543,400,398,-1,543,398,544,-1,544,398,397,-1,544,397,545,-1,545,397,394,-1,545,394,546,-1,389,547,548,-1,394,393,546,-1,546,393,391,-1,546,391,549,-1,549,391,389,-1,549,389,550,-1,550,389,548,-1,389,388,547,-1,547,388,386,-1,547,386,384,-1,144,146,378,-1,378,146,551,-1,384,382,547,-1,547,382,378,-1,547,378,552,-1,552,378,551,-1,31,447,32,-1,32,447,553,-1,447,469,553,-1,553,469,468,-1,553,468,554,-1,468,467,554,-1,554,467,466,-1,554,466,555,-1,466,456,555,-1,555,456,455,-1,555,455,556,-1,455,454,556,-1,556,454,453,-1,556,453,557,-1,453,448,557,-1,557,448,143,-1,557,143,142,-1,558,559,482,-1,482,559,560,-1,482,560,83,-1,83,560,561,-1,83,561,98,-1,482,492,558,-1,558,492,491,-1,558,491,562,-1,562,491,563,-1,491,490,563,-1,563,490,489,-1,563,489,564,-1,564,489,565,-1,489,474,565,-1,565,474,473,-1,565,473,566,-1,566,473,567,-1,567,473,471,-1,567,471,470,-1,509,42,44,-1,509,44,470,-1,470,44,568,-1,470,568,567,-1,147,145,569,-1,569,145,514,-1,569,514,570,-1,570,514,538,-1,570,538,571,-1,571,538,537,-1,571,537,572,-1,572,537,536,-1,572,536,573,-1,573,536,535,-1,573,535,574,-1,574,535,527,-1,574,527,575,-1,575,527,525,-1,575,525,576,-1,576,525,523,-1,576,523,577,-1,577,523,522,-1,577,522,578,-1,578,522,517,-1,578,517,579,-1,579,517,515,-1,579,515,98,-1,98,515,95,-1,557,142,539,-1,554,555,580,-1,553,554,581,-1,32,553,582,-1,557,539,583,-1,583,539,540,-1,583,540,584,-1,540,541,584,-1,584,541,542,-1,584,542,585,-1,542,543,585,-1,585,543,544,-1,585,544,586,-1,544,545,586,-1,586,545,546,-1,586,546,587,-1,588,589,590,-1,590,589,591,-1,590,591,592,-1,592,591,593,-1,592,593,594,-1,594,593,595,-1,594,595,596,-1,596,595,597,-1,596,597,598,-1,598,597,580,-1,598,580,599,-1,599,580,555,-1,599,555,556,-1,554,580,581,-1,581,580,597,-1,581,597,600,-1,600,597,595,-1,600,595,601,-1,601,595,593,-1,601,593,602,-1,602,593,591,-1,602,591,603,-1,603,591,589,-1,603,589,604,-1,605,588,606,-1,606,588,590,-1,606,590,607,-1,607,590,592,-1,607,592,587,-1,587,592,594,-1,587,594,586,-1,586,594,596,-1,586,596,585,-1,585,596,598,-1,585,598,584,-1,584,598,599,-1,584,599,583,-1,583,599,556,-1,583,556,557,-1,608,609,604,-1,610,609,611,-1,611,609,608,-1,611,608,612,-1,546,549,587,-1,587,549,550,-1,587,550,607,-1,607,550,548,-1,607,548,606,-1,606,548,547,-1,606,547,605,-1,605,547,552,-1,605,552,551,-1,613,610,614,-1,614,610,611,-1,614,611,615,-1,615,611,612,-1,615,612,616,-1,604,589,608,-1,608,589,588,-1,608,588,612,-1,612,588,605,-1,612,605,616,-1,616,605,551,-1,616,551,146,-1,146,617,616,-1,616,617,618,-1,616,618,615,-1,615,618,619,-1,615,619,614,-1,614,619,620,-1,614,620,613,-1,613,620,621,-1,613,621,622,-1,553,581,582,-1,582,581,600,-1,582,600,623,-1,623,600,601,-1,623,601,624,-1,624,601,602,-1,624,602,625,-1,625,602,603,-1,625,603,626,-1,626,603,604,-1,626,604,627,-1,627,604,609,-1,627,609,628,-1,628,609,610,-1,628,610,629,-1,629,610,613,-1,629,613,630,-1,630,613,622,-1,630,622,631,-1,32,582,33,-1,33,582,623,-1,33,623,34,-1,34,623,624,-1,34,624,35,-1,35,624,625,-1,35,625,36,-1,36,625,626,-1,36,626,37,-1,37,626,627,-1,37,627,38,-1,38,627,628,-1,38,628,41,-1,41,628,629,-1,41,629,40,-1,40,629,630,-1,40,630,39,-1,39,630,631,-1,39,631,43,-1,567,568,632,-1,633,634,635,-1,635,634,636,-1,635,636,637,-1,637,636,638,-1,638,636,632,-1,638,632,639,-1,639,632,568,-1,639,568,44,-1,640,577,641,-1,641,577,578,-1,98,561,642,-1,642,561,560,-1,642,560,643,-1,560,559,643,-1,643,559,558,-1,643,558,644,-1,572,573,645,-1,645,573,574,-1,645,574,646,-1,646,574,575,-1,646,575,640,-1,640,575,576,-1,640,576,577,-1,641,647,640,-1,640,647,648,-1,640,648,646,-1,646,648,649,-1,646,649,645,-1,645,649,650,-1,651,650,644,-1,644,650,649,-1,644,649,643,-1,643,649,648,-1,643,648,642,-1,642,648,647,-1,642,647,98,-1,641,98,647,-1,578,579,641,-1,641,579,98,-1,570,571,652,-1,652,571,572,-1,558,562,644,-1,644,562,563,-1,644,563,651,-1,651,563,564,-1,651,564,565,-1,572,645,652,-1,652,645,650,-1,652,650,653,-1,653,650,651,-1,653,651,654,-1,654,651,565,-1,654,565,566,-1,570,634,569,-1,569,634,633,-1,569,633,147,-1,570,652,634,-1,634,652,653,-1,634,653,636,-1,636,653,654,-1,636,654,632,-1,632,654,566,-1,632,566,567,-1,44,43,639,-1,639,43,631,-1,639,631,638,-1,631,622,638,-1,638,622,621,-1,638,621,637,-1,637,621,620,-1,637,620,635,-1,635,620,619,-1,635,619,633,-1,146,147,617,-1,617,147,633,-1,617,633,618,-1,618,633,619,-1,
        ]
    }
}
Shape{
    appearance Appearance {
        material  Material {
            diffuseColor 1.0 1.0 1.0
            specularColor 0.8784313725490196 0.8784313725490196 0.8784313725490196
            ambientIntensity 1.0
            transparency 0.0
            shininess 0.5
        }
    }
    geometry IndexedFaceSet {
        ccw TRUE
        solid FALSE
        coord DEF co Coordinate {
            point [
                0.8268 -0.0 0.4502, 0.8268 0.0 0.5683, 0.8197 0.1079 0.4502, 0.8197 0.1079 0.5683, 0.7986 0.214 0.4502, 0.7986 0.214 0.5683, 0.7638 0.3164 0.4502, 0.7638 0.3164 0.5683, 0.716 0.4134 0.4502, 0.716 0.4134 0.5683, 0.6559 0.5033 0.4502, 0.6559 0.5033 0.5683, 0.5846 0.5846 0.4502, 0.5846 0.5846 0.5683, 0.5033 0.6559 0.4502, 0.5033 0.6559 0.5683, 0.4134 0.716 0.4502, 0.4134 0.716 0.5683, 0.3164 0.7638 0.4502, 0.3164 0.7638 0.5683, 0.214 0.7986 0.4502, 0.214 0.7986 0.5683, 0.1079 0.8197 0.4502, 0.1079 0.8197 0.5683, 0.0 0.8268 0.4502, 0.0 0.8268 0.5683, -0.1079 0.8197 0.4502, -0.1079 0.8197 0.5683, -0.214 0.7986 0.4502, -0.214 0.7986 0.5683, -0.3164 0.7638 0.4502, -0.3164 0.7638 0.5683, -0.4134 0.716 0.4502, -0.4134 0.716 0.5683, -0.5033 0.6559 0.4502, -0.5033 0.6559 0.5683, -0.5846 0.5846 0.4502, -0.5846 0.5846 0.5683, -0.6559 0.5033 0.4502, -0.6559 0.5033 0.5683, -0.716 0.4134 0.4502, -0.716 0.4134 0.5683, -0.7638 0.3164 0.4502, -0.7638 0.3164 0.5683, -0.7986 0.214 0.4502, -0.7986 0.214 0.5683, -0.8197 0.1079 0.4502, -0.8197 0.1079 0.5683, -0.8268 0.0 0.4502, -0.8268 0.0 0.5683, -0.8197 -0.1079 0.4502, -0.8197 -0.1079 0.5683, -0.7986 -0.214 0.4502, -0.7986 -0.214 0.5683, -0.7638 -0.3164 0.4502, -0.7638 -0.3164 0.5683, -0.716 -0.4134 0.4502, -0.716 -0.4134 0.5683, -0.6559 -0.5033 0.4502, -0.6559 -0.5033 0.5683, -0.5846 -0.5846 0.4502, -0.5846 -0.5846 0.5683, -0.5033 -0.6559 0.4502, -0.5033 -0.6559 0.5683, -0.4134 -0.716 0.4502, -0.4134 -0.716 0.5683, -0.3164 -0.7638 0.4502, -0.3164 -0.7638 0.5683, -0.214 -0.7986 0.4502, -0.214 -0.7986 0.5683, -0.1079 -0.8197 0.4502, -0.1079 -0.8197 0.5683, 0.0 -0.8268 0.4502, 0.0 -0.8268 0.5683, 0.1079 -0.8197 0.4502, 0.1079 -0.8197 0.5683, 0.214 -0.7986 0.4502, 0.214 -0.7986 0.5683, 0.3164 -0.7638 0.4502, 0.3164 -0.7638 0.5683, 0.4134 -0.716 0.4502, 0.4134 -0.716 0.5683, 0.5033 -0.6559 0.4502, 0.5033 -0.6559 0.5683, 0.5846 -0.5846 0.4502, 0.5846 -0.5846 0.5683, 0.6559 -0.5033 0.4502, 0.6559 -0.5033 0.5683, 0.716 -0.4134 0.4502, 0.716 -0.4134 0.5683, 0.7638 -0.3164 0.4502, 0.7638 -0.3164 0.5683, 0.7986 -0.214 0.4502, 0.7986 -0.214 0.5683, 0.8197 -0.1079 0.4502, 0.8197 -0.1079 0.5683, 0.0 0.0 0.4502
            ]
        }
        coordIndex [
            0,1,2,-1,2,1,3,-1,2,3,4,-1,4,3,5,-1,4,5,6,-1,6,5,7,-1,6,7,8,-1,8,7,9,-1,8,9,10,-1,10,9,11,-1,10,11,12,-1,12,11,13,-1,12,13,14,-1,14,13,15,-1,14,15,16,-1,16,15,17,-1,16,17,18,-1,18,17,19,-1,18,19,20,-1,20,19,21,-1,20,21,22,-1,22,21,23,-1,22,23,24,-1,24,23,25,-1,24,25,26,-1,26,25,27,-1,26,27,28,-1,28,27,29,-1,28,29,30,-1,30,29,31,-1,30,31,32,-1,32,31,33,-1,32,33,34,-1,34,33,35,-1,34,35,36,-1,36,35,37,-1,36,37,38,-1,38,37,39,-1,38,39,40,-1,40,39,41,-1,40,41,42,-1,42,41,43,-1,42,43,44,-1,44,43,45,-1,44,45,46,-1,46,45,47,-1,46,47,48,-1,48,47,49,-1,48,49,50,-1,50,49,51,-1,50,51,52,-1,52,51,53,-1,52,53,54,-1,54,53,55,-1,54,55,56,-1,56,55,57,-1,56,57,58,-1,58,57,59,-1,58,59,60,-1,60,59,61,-1,60,61,62,-1,62,61,63,-1,62,63,64,-1,64,63,65,-1,64,65,66,-1,66,65,67,-1,66,67,68,-1,68,67,69,-1,68,69,70,-1,70,69,71,-1,70,71,72,-1,72,71,73,-1,72,73,74,-1,74,73,75,-1,74,75,76,-1,76,75,77,-1,76,77,78,-1,78,77,79,-1,78,79,80,-1,80,79,81,-1,80,81,82,-1,82,81,83,-1,82,83,84,-1,84,83,85,-1,84,85,86,-1,86,85,87,-1,86,87,88,-1,88,87,89,-1,88,89,90,-1,90,89,91,-1,90,91,92,-1,92,91,93,-1,92,93,94,-1,94,93,95,-1,94,95,0,-1,0,95,1,-1,92,94,96,-1,96,94,0,-1,96,0,2,-1,86,88,96,-1,96,88,90,-1,96,90,92,-1,80,82,96,-1,96,82,84,-1,96,84,86,-1,74,76,96,-1,96,76,78,-1,96,78,80,-1,68,70,96,-1,96,70,72,-1,96,72,74,-1,62,64,96,-1,96,64,66,-1,96,66,68,-1,56,58,96,-1,96,58,60,-1,96,60,62,-1,50,52,96,-1,96,52,54,-1,96,54,56,-1,44,46,96,-1,96,46,48,-1,96,48,50,-1,38,40,96,-1,96,40,42,-1,96,42,44,-1,32,34,96,-1,96,34,36,-1,96,36,38,-1,26,28,96,-1,96,28,30,-1,96,30,32,-1,20,22,96,-1,96,22,24,-1,96,24,26,-1,14,16,96,-1,96,16,18,-1,96,18,20,-1,8,10,96,-1,96,10,12,-1,96,12,14,-1,2,4,96,-1,96,4,6,-1,96,6,8,-1,
        ]
    }
}
Shape{
    appearance Appearance {
        material  Material {
            diffuseColor 0.0 0.0 0.0
            specularColor 0.0 0.0 0.0
            ambientIntensity 0.0
            transparency 0.0
            shininess 0.5
        }
    }
    geometry IndexedFaceSet {
        ccw TRUE
        solid FALSE
        coord DEF co Coordinate {
            point [
                0.0282 -0.9754 0.4398, 0.0282 -0.9758 0.4352, 0.0282 -0.9715 0.4394, 0.0282 -0.9719 0.4349, 0.0123 -0.9754 0.4398, 0.0123 -0.9715 0.4394, 0.0123 -0.9723 0.4751, 0.0123 -0.9684 0.4748, 0.0071 -0.9723 0.4751, 0.0071 -0.9684 0.4748, 0.0071 -0.9758 0.4352, 0.0071 -0.9719 0.4349, 0.0488 -0.9759 0.4345, 0.0488 -0.9719 0.4342, 0.0549 -0.9719 0.4348, 0.0549 -0.9758 0.4351, 0.0592 -0.9718 0.4362, 0.0592 -0.9757 0.4365, 0.0598 -0.9717 0.4365, 0.0598 -0.9757 0.4369, 0.0598 -0.9752 0.4418, 0.0598 -0.9713 0.4415, 0.0564 -0.9715 0.4398, 0.0564 -0.9754 0.4402, 0.0519 -0.9715 0.4389, 0.0519 -0.9755 0.4392, 0.0495 -0.9715 0.4388, 0.0495 -0.9755 0.4391, 0.0457 -0.9715 0.4392, 0.0457 -0.9754 0.4396, 0.0428 -0.9714 0.4403, 0.0428 -0.9753 0.4406, 0.0402 -0.9713 0.4421, 0.0402 -0.9752 0.4424, 0.0392 -0.9712 0.443, 0.0392 -0.9751 0.4433, 0.0373 -0.9709 0.4457, 0.0373 -0.9749 0.4461, 0.036 -0.9707 0.4489, 0.036 -0.9746 0.4493, 0.0353 -0.9703 0.4529, 0.0353 -0.9742 0.4533, 0.0353 -0.9702 0.4544, 0.0353 -0.9741 0.4547, 0.0359 -0.9697 0.4598, 0.0359 -0.9736 0.4601, 0.0373 -0.9694 0.4632, 0.0373 -0.9733 0.4636, 0.0392 -0.9692 0.466, 0.0392 -0.9731 0.4664, 0.0395 -0.9691 0.4664, 0.0395 -0.9731 0.4667, 0.0422 -0.9689 0.4686, 0.0422 -0.9729 0.4689, 0.0454 -0.9688 0.47, 0.0454 -0.9727 0.4704, 0.0488 -0.9688 0.4707, 0.0488 -0.9727 0.4711, 0.0504 -0.9687 0.4708, 0.0504 -0.9727 0.4711, 0.0547 -0.9688 0.4703, 0.0547 -0.9727 0.4707, 0.0588 -0.9689 0.4689, 0.0588 -0.9728 0.4693, 0.0598 -0.969 0.4684, 0.0598 -0.9729 0.4688, 0.0598 -0.9724 0.4741, 0.0598 -0.9685 0.4738, 0.0504 -0.9683 0.4754, 0.0504 -0.9723 0.4758, 0.0511 -0.9723 0.4758, 0.0562 -0.9684 0.4749, 0.0562 -0.9723 0.4752, 0.0544 -0.9684 0.4751, 0.0511 -0.9683 0.4754, 0.0476 -0.9684 0.4751, 0.0446 -0.9723 0.4751, 0.0446 -0.9684 0.4747, 0.0404 -0.9685 0.4731, 0.0404 -0.9725 0.4735, 0.0365 -0.9688 0.4704, 0.0365 -0.9727 0.4708, 0.0357 -0.9689 0.4696, 0.0357 -0.9728 0.4699, 0.0331 -0.9691 0.4664, 0.0331 -0.9731 0.4667, 0.0317 -0.9694 0.4633, 0.0311 -0.9734 0.4624, 0.0311 -0.9695 0.462, 0.03 -0.97 0.457, 0.03 -0.9739 0.4573, 0.0299 -0.9702 0.4541, 0.0299 -0.9741 0.4544, 0.0306 -0.9708 0.4476, 0.0306 -0.9747 0.448, 0.0317 -0.971 0.445, 0.0323 -0.9751 0.4438, 0.0323 -0.9711 0.4435, 0.0346 -0.9714 0.44, 0.0346 -0.9754 0.4404, 0.035 -0.9715 0.4396, 0.035 -0.9754 0.44, 0.0379 -0.9717 0.4372, 0.0379 -0.9756 0.4375, 0.0417 -0.9719 0.4353, 0.0417 -0.9758 0.4357, 0.0459 -0.9719 0.4344, 0.0459 -0.9759 0.4347, 0.0894 -0.9754 0.4398, 0.0894 -0.9758 0.4352, 0.0894 -0.9715 0.4394, 0.0894 -0.9719 0.4349, 0.073 -0.9715 0.4394, 0.073 -0.9754 0.4398, 0.0838 -0.9715 0.4394, 0.073 -0.9742 0.4532, 0.073 -0.9703 0.4528, 0.0873 -0.9742 0.4532, 0.0838 -0.9703 0.4528, 0.0873 -0.9703 0.4528, 0.0873 -0.9738 0.4577, 0.0873 -0.9699 0.4574, 0.073 -0.9699 0.4574, 0.073 -0.9738 0.4577, 0.0838 -0.9699 0.4574, 0.073 -0.9727 0.4705, 0.073 -0.9688 0.4702, 0.0885 -0.9727 0.4705, 0.0838 -0.9688 0.4702, 0.0885 -0.9688 0.4702, 0.0885 -0.9723 0.4751, 0.0885 -0.9684 0.4748, 0.0679 -0.9684 0.4748, 0.0679 -0.9723 0.4751, 0.0838 -0.9684 0.4748, 0.0679 -0.9758 0.4352, 0.0679 -0.9719 0.4349, 0.0838 -0.9719 0.4349, 0.1219 -0.9748 0.4465, 0.1198 -0.9751 0.4439, 0.1235 -0.9753 0.4408, 0.1193 -0.9751 0.4435, 0.1193 -0.9756 0.4378, 0.1167 -0.9752 0.4417, 0.1147 -0.9757 0.436, 0.1134 -0.9754 0.4404, 0.108 -0.9758 0.4352, 0.1079 -0.9754 0.4398, 0.097 -0.9758 0.4352, 0.1021 -0.9754 0.4398, 0.097 -0.9723 0.4751, 0.1021 -0.9727 0.4705, 0.1084 -0.9723 0.4751, 0.1082 -0.9727 0.4705, 0.1145 -0.9724 0.4744, 0.1134 -0.9728 0.4699, 0.1193 -0.9725 0.4727, 0.1168 -0.9729 0.4687, 0.1235 -0.9728 0.4698, 0.1197 -0.9731 0.4668, 0.1249 -0.9729 0.4684, 0.1212 -0.9732 0.4653, 0.1274 -0.9732 0.4649, 0.1226 -0.9734 0.463, 0.1289 -0.9735 0.4611, 0.1237 -0.9737 0.4599, 0.1295 -0.974 0.4557, 0.1241 -0.974 0.4555, 0.1294 -0.9743 0.4525, 0.124 -0.9742 0.4532, 0.1283 -0.9747 0.4479, 0.1232 -0.9746 0.4495, 0.1262 -0.9751 0.4439, 0.108 -0.9719 0.4349, 0.097 -0.9719 0.4349, 0.1235 -0.9714 0.4405, 0.1147 -0.9718 0.4357, 0.1153 -0.9718 0.4359, 0.1193 -0.9717 0.4375, 0.1262 -0.9711 0.4435, 0.1283 -0.9708 0.4476, 0.1294 -0.9704 0.4521, 0.1295 -0.9701 0.4553, 0.1289 -0.9696 0.4608, 0.1274 -0.9693 0.4646, 0.1249 -0.969 0.4681, 0.1235 -0.9689 0.4695, 0.1084 -0.9684 0.4748, 0.1193 -0.9686 0.4723, 0.1153 -0.9685 0.4738, 0.1145 -0.9685 0.4741, 0.097 -0.9684 0.4748, 0.1082 -0.9688 0.4702, 0.1021 -0.9688 0.4702, 0.1021 -0.9715 0.4394, 0.1079 -0.9715 0.4394, 0.1198 -0.9711 0.4436, 0.1193 -0.9712 0.4431, 0.1167 -0.9713 0.4413, 0.1134 -0.9714 0.4401, 0.1241 -0.9701 0.4552, 0.124 -0.9703 0.4528, 0.1232 -0.9706 0.4491, 0.1219 -0.9709 0.4461, 0.1197 -0.9691 0.4664, 0.1212 -0.9693 0.4649, 0.1226 -0.9695 0.4626, 0.1237 -0.9697 0.4595, 0.1134 -0.9689 0.4696, 0.1168 -0.969 0.4683
            ]
        }
        coordIndex [
            0,1,2,-1,2,1,3,-1,4,0,5,-1,5,0,2,-1,6,4,7,-1,7,4,5,-1,8,6,9,-1,9,6,7,-1,10,8,11,-1,11,8,9,-1,1,10,3,-1,3,10,11,-1,6,8,4,-1,4,8,10,-1,4,10,0,-1,0,10,1,-1,12,13,14,-1,12,14,15,-1,15,14,16,-1,15,16,17,-1,17,16,18,-1,17,18,19,-1,20,19,21,-1,21,19,18,-1,20,21,22,-1,20,22,23,-1,23,22,24,-1,23,24,25,-1,25,24,26,-1,25,26,27,-1,27,26,28,-1,27,28,29,-1,29,28,30,-1,29,30,31,-1,31,30,32,-1,31,32,33,-1,33,32,34,-1,33,34,35,-1,35,34,36,-1,35,36,37,-1,37,36,38,-1,37,38,39,-1,39,38,40,-1,39,40,41,-1,41,40,42,-1,41,42,43,-1,43,42,44,-1,43,44,45,-1,45,44,46,-1,45,46,47,-1,47,46,48,-1,47,48,49,-1,49,48,50,-1,49,50,51,-1,51,50,52,-1,51,52,53,-1,53,52,54,-1,53,54,55,-1,55,54,56,-1,55,56,57,-1,57,56,58,-1,57,58,59,-1,59,58,60,-1,59,60,61,-1,61,60,62,-1,61,62,63,-1,63,62,64,-1,63,64,65,-1,66,65,67,-1,67,65,64,-1,68,69,70,-1,66,67,71,-1,66,71,72,-1,72,71,73,-1,72,73,70,-1,70,73,74,-1,70,74,68,-1,69,68,75,-1,69,75,76,-1,75,77,76,-1,76,77,78,-1,76,78,79,-1,79,78,80,-1,79,80,81,-1,81,80,82,-1,81,82,83,-1,83,82,84,-1,83,84,85,-1,85,84,86,-1,85,86,87,-1,86,88,87,-1,87,88,89,-1,87,89,90,-1,90,89,91,-1,90,91,92,-1,92,91,93,-1,92,93,94,-1,94,93,95,-1,94,95,96,-1,95,97,96,-1,96,97,98,-1,96,98,99,-1,99,98,100,-1,99,100,101,-1,101,100,102,-1,101,102,103,-1,103,102,104,-1,103,104,105,-1,105,104,106,-1,105,106,107,-1,107,106,13,-1,107,13,12,-1,63,65,66,-1,53,55,76,-1,45,47,85,-1,76,55,69,-1,85,47,83,-1,63,66,61,-1,76,79,53,-1,53,79,81,-1,53,81,51,-1,51,81,83,-1,51,83,49,-1,49,83,47,-1,55,57,69,-1,69,57,59,-1,69,59,70,-1,70,59,61,-1,70,61,72,-1,72,61,66,-1,92,43,90,-1,90,43,45,-1,90,45,87,-1,87,45,85,-1,19,20,17,-1,17,20,23,-1,17,23,15,-1,15,23,25,-1,15,25,12,-1,12,25,27,-1,12,27,107,-1,107,27,29,-1,107,29,105,-1,105,29,31,-1,105,31,103,-1,103,31,33,-1,103,33,101,-1,101,33,35,-1,101,35,99,-1,99,35,37,-1,99,37,96,-1,96,37,94,-1,94,37,39,-1,94,39,92,-1,92,39,41,-1,92,41,43,-1,108,109,110,-1,110,109,111,-1,112,113,114,-1,114,113,108,-1,114,108,110,-1,115,113,116,-1,116,113,112,-1,115,116,117,-1,117,116,118,-1,117,118,119,-1,120,117,121,-1,121,117,119,-1,122,123,124,-1,124,123,120,-1,124,120,121,-1,125,123,126,-1,126,123,122,-1,125,126,127,-1,127,126,128,-1,127,128,129,-1,130,127,131,-1,131,127,129,-1,132,133,134,-1,134,133,130,-1,134,130,131,-1,135,133,136,-1,136,133,132,-1,135,136,109,-1,109,136,137,-1,109,137,111,-1,135,109,108,-1,108,113,135,-1,135,113,115,-1,135,115,133,-1,127,130,125,-1,125,130,133,-1,125,133,123,-1,123,133,115,-1,123,115,120,-1,120,115,117,-1,138,139,140,-1,140,139,141,-1,140,141,142,-1,142,141,143,-1,142,143,144,-1,144,143,145,-1,144,145,146,-1,146,145,147,-1,146,147,148,-1,148,147,149,-1,148,149,150,-1,150,149,151,-1,150,151,152,-1,152,151,153,-1,152,153,154,-1,154,153,155,-1,154,155,156,-1,156,155,157,-1,156,157,158,-1,158,157,159,-1,158,159,160,-1,160,159,161,-1,160,161,162,-1,162,161,163,-1,162,163,164,-1,164,163,165,-1,164,165,166,-1,166,165,167,-1,166,167,168,-1,168,167,169,-1,168,169,170,-1,170,169,171,-1,170,171,172,-1,172,171,138,-1,172,138,140,-1,146,148,173,-1,173,148,174,-1,175,140,142,-1,146,173,176,-1,146,176,144,-1,144,176,177,-1,144,177,142,-1,142,177,178,-1,142,178,175,-1,140,175,179,-1,140,179,172,-1,172,179,180,-1,172,180,170,-1,170,180,181,-1,170,181,168,-1,168,181,182,-1,168,182,166,-1,166,182,183,-1,166,183,164,-1,164,183,184,-1,164,184,162,-1,162,184,185,-1,162,185,160,-1,160,185,186,-1,160,186,158,-1,187,152,154,-1,158,186,188,-1,158,188,156,-1,156,188,189,-1,156,189,154,-1,154,189,190,-1,154,190,187,-1,150,152,191,-1,191,152,187,-1,148,150,174,-1,174,150,191,-1,153,151,192,-1,192,151,193,-1,151,149,193,-1,193,149,194,-1,149,147,194,-1,194,147,195,-1,139,196,197,-1,139,197,141,-1,141,197,198,-1,141,198,143,-1,143,198,199,-1,143,199,145,-1,145,199,195,-1,145,195,147,-1,167,200,201,-1,167,201,169,-1,169,201,202,-1,169,202,171,-1,171,202,203,-1,171,203,138,-1,138,203,196,-1,138,196,139,-1,159,204,205,-1,159,205,161,-1,161,205,206,-1,161,206,163,-1,163,206,207,-1,163,207,165,-1,165,207,200,-1,165,200,167,-1,153,192,208,-1,153,208,155,-1,155,208,209,-1,155,209,157,-1,157,209,204,-1,157,204,159,-1,
        ]
    }
}
Shape{
    appearance Appearance {
        material  Material {
            diffuseColor 0.8823529411764706 0.8823529411764706 0.8823529411764706
            specularColor 0.26666666666666666 0.26666666666666666 0.26666666666666666
            ambientIntensity 0.8824
            transparency 0.0
            shininess 0.5
        }
    }
    geometry IndexedFaceSet {
        ccw TRUE
        solid FALSE
        coord DEF co Coordinate {
            point [
                0.1021 -0.9688 0.4702, 0.1021 -0.9715 0.4394, 0.1082 -0.9688 0.4702, 0.1079 -0.9715 0.4394, 0.1193 -0.9712 0.4431, 0.1198 -0.9711 0.4436, 0.1134 -0.9714 0.4401, 0.1167 -0.9713 0.4413, 0.1219 -0.9709 0.4461, 0.1232 -0.9706 0.4491, 0.124 -0.9703 0.4528, 0.1241 -0.9701 0.4552, 0.1237 -0.9697 0.4595, 0.1226 -0.9695 0.4626, 0.1212 -0.9693 0.4649, 0.1197 -0.9691 0.4664, 0.1134 -0.9689 0.4696, 0.1168 -0.969 0.4683
            ]
        }
        coordIndex [
            0,1,2,-1,2,1,3,-1,2,4,5,-1,3,6,2,-1,2,6,7,-1,2,7,4,-1,5,8,2,-1,2,8,9,-1,2,9,10,-1,10,11,2,-1,2,11,12,-1,2,12,13,-1,13,14,2,-1,2,14,15,-1,2,15,16,-1,16,15,17,-1,
        ]
    }
}
Shape{
    appearance Appearance {
        material  Material {
            diffuseColor 0.0 0.0 0.0
            specularColor 0.0 0.0 0.0
            ambientIntensity 0.0
            transparency 0.0
            shininess 0.5
        }
    }
    geometry IndexedFaceSet {
        ccw TRUE
        solid FALSE
        coord DEF co Coordinate {
            point [
                0.143 -0.9745 0.4506, 0.1413 -0.9749 0.4461, 0.1564 -0.9745 0.4506, 0.158 -0.9749 0.4461, 0.149 -0.973 0.4672, 0.147 -0.9723 0.4751, 0.1318 -0.9758 0.4352, 0.1375 -0.9758 0.4352, 0.1493 -0.9729 0.4684, 0.1496 -0.9728 0.47, 0.1525 -0.9723 0.4751, 0.1497 -0.9728 0.47, 0.1501 -0.9729 0.4683, 0.1504 -0.973 0.4672, 0.1678 -0.9758 0.4352, 0.1621 -0.9758 0.4352, 0.1525 -0.9684 0.4748, 0.1678 -0.9719 0.4349, 0.147 -0.9684 0.4748, 0.1318 -0.9719 0.4349, 0.1433 -0.9693 0.4651, 0.1375 -0.9719 0.4349, 0.1413 -0.9709 0.4458, 0.158 -0.9709 0.4458, 0.1433 -0.9709 0.4458, 0.1621 -0.9719 0.4349, 0.143 -0.9705 0.4503, 0.1564 -0.9705 0.4503, 0.1504 -0.9691 0.4669, 0.1497 -0.9688 0.4697, 0.1501 -0.969 0.468, 0.1496 -0.9688 0.4697, 0.149 -0.9691 0.4669, 0.1493 -0.969 0.4681
            ]
        }
        coordIndex [
            0,1,2,-1,2,1,3,-1,4,5,0,-1,0,5,6,-1,0,6,1,-1,1,6,7,-1,4,8,5,-1,5,8,9,-1,5,9,10,-1,10,9,11,-1,10,11,12,-1,12,13,10,-1,10,13,2,-1,10,2,14,-1,14,2,3,-1,14,3,15,-1,10,14,16,-1,16,14,17,-1,5,10,18,-1,18,10,16,-1,19,6,20,-1,20,6,5,-1,20,5,18,-1,7,6,21,-1,21,6,19,-1,1,7,22,-1,22,7,21,-1,23,3,24,-1,24,3,1,-1,24,1,22,-1,15,3,25,-1,25,3,23,-1,14,15,17,-1,17,15,25,-1,0,2,26,-1,26,2,27,-1,2,13,27,-1,27,13,28,-1,11,29,30,-1,11,30,12,-1,12,30,28,-1,12,28,13,-1,11,9,29,-1,29,9,31,-1,4,32,33,-1,4,33,8,-1,8,33,31,-1,8,31,9,-1,4,0,32,-1,32,0,26,-1,
        ]
    }
}
Shape{
    appearance Appearance {
        material  Material {
            diffuseColor 0.8823529411764706 0.8823529411764706 0.8823529411764706
            specularColor 0.26666666666666666 0.26666666666666666 0.26666666666666666
            ambientIntensity 0.8824
            transparency 0.0
            shininess 0.5
        }
    }
    geometry IndexedFaceSet {
        ccw TRUE
        solid FALSE
        coord DEF co Coordinate {
            point [
                0.1497 -0.9688 0.4697, 0.1496 -0.9688 0.4697, 0.1501 -0.969 0.468, 0.1493 -0.969 0.4681, 0.1504 -0.9691 0.4669, 0.149 -0.9691 0.4669, 0.1564 -0.9705 0.4503, 0.143 -0.9705 0.4503
            ]
        }
        coordIndex [
            0,1,2,-1,2,1,3,-1,2,3,4,-1,4,3,5,-1,4,5,6,-1,6,5,7,-1,
        ]
    }
}
Shape{
    appearance Appearance {
        material  Material {
            diffuseColor 0.0 0.0 0.0
            specularColor 0.0 0.0 0.0
            ambientIntensity 0.0
            transparency 0.0
            shininess 0.5
        }
    }
    geometry IndexedFaceSet {
        ccw TRUE
        solid FALSE
        coord DEF co Coordinate {
            point [
                0.0287 -0.981 0.3765, 0.0287 -0.9813 0.3719, 0.0287 -0.977 0.3762, 0.0287 -0.9774 0.3716, 0.0123 -0.981 0.3765, 0.0123 -0.977 0.3762, 0.0123 -0.9798 0.3899, 0.0123 -0.9759 0.3896, 0.0266 -0.9798 0.3899, 0.0266 -0.9759 0.3896, 0.0266 -0.9794 0.3945, 0.0266 -0.9755 0.3941, 0.0123 -0.9794 0.3945, 0.0123 -0.9755 0.3941, 0.0123 -0.9783 0.4072, 0.0123 -0.9743 0.4069, 0.0277 -0.9783 0.4072, 0.0277 -0.9743 0.4069, 0.0277 -0.9779 0.4118, 0.0277 -0.9739 0.4115, 0.0071 -0.9779 0.4118, 0.0071 -0.9739 0.4115, 0.0071 -0.9813 0.3719, 0.0071 -0.9774 0.3716, 0.0513 -0.981 0.3764, 0.0514 -0.981 0.3764, 0.0511 -0.9806 0.3809, 0.0514 -0.9804 0.3832, 0.0564 -0.9797 0.3903, 0.0514 -0.9803 0.3835, 0.0514 -0.9801 0.3862, 0.0514 -0.9813 0.3719, 0.0564 -0.9813 0.3719, 0.0405 -0.9803 0.3841, 0.0417 -0.9802 0.3847, 0.039 -0.98 0.3879, 0.0503 -0.9807 0.3792, 0.0493 -0.9808 0.3777, 0.0505 -0.9811 0.3752, 0.0486 -0.9809 0.3771, 0.0489 -0.9812 0.3735, 0.0472 -0.981 0.3761, 0.0471 -0.9813 0.3723, 0.0457 -0.981 0.3756, 0.0451 -0.9814 0.3716, 0.0438 -0.981 0.3754, 0.0425 -0.9814 0.3713, 0.0421 -0.981 0.3756, 0.0395 -0.9814 0.3716, 0.041 -0.981 0.376, 0.0376 -0.9813 0.3723, 0.04 -0.9809 0.3767, 0.0359 -0.9812 0.3735, 0.0396 -0.9809 0.3771, 0.0429 -0.9799 0.3889, 0.0447 -0.9802 0.3853, 0.0514 -0.9798 0.3901, 0.0399 -0.9803 0.3836, 0.0369 -0.98 0.3868, 0.0393 -0.9804 0.3828, 0.0354 -0.9802 0.3855, 0.0388 -0.9805 0.3819, 0.0343 -0.9803 0.3838, 0.0386 -0.9806 0.3808, 0.0337 -0.9805 0.382, 0.0385 -0.9806 0.38, 0.0335 -0.9807 0.3796, 0.0387 -0.9807 0.3788, 0.0337 -0.9809 0.3773, 0.039 -0.9808 0.3779, 0.0343 -0.981 0.3756, 0.0353 -0.9812 0.3741, 0.0362 -0.979 0.3984, 0.0362 -0.9795 0.3936, 0.0379 -0.979 0.3994, 0.0395 -0.9793 0.3956, 0.0418 -0.9788 0.4007, 0.0426 -0.9792 0.3967, 0.0461 -0.9788 0.4011, 0.0456 -0.9792 0.397, 0.049 -0.9788 0.4008, 0.0473 -0.9792 0.3968, 0.0511 -0.9789 0.4002, 0.0485 -0.9792 0.3964, 0.0528 -0.979 0.3993, 0.0494 -0.9793 0.3959, 0.0541 -0.9791 0.398, 0.0501 -0.9793 0.3951, 0.0552 -0.9792 0.3965, 0.0507 -0.9794 0.394, 0.056 -0.9794 0.3943, 0.0512 -0.9796 0.3923, 0.0461 -0.9749 0.4007, 0.0418 -0.9749 0.4003, 0.0379 -0.975 0.399, 0.0362 -0.9751 0.3981, 0.0362 -0.9755 0.3932, 0.0395 -0.9754 0.3953, 0.0426 -0.9753 0.3964, 0.0456 -0.9752 0.3967, 0.0473 -0.9752 0.3965, 0.0485 -0.9753 0.3961, 0.0494 -0.9753 0.3955, 0.0501 -0.9754 0.3947, 0.0507 -0.9755 0.3937, 0.0512 -0.9756 0.3919, 0.0514 -0.9758 0.3897, 0.0429 -0.9759 0.3885, 0.039 -0.976 0.3875, 0.0369 -0.9761 0.3865, 0.0354 -0.9762 0.3851, 0.0343 -0.9764 0.3835, 0.0337 -0.9765 0.3817, 0.0335 -0.9768 0.3792, 0.0337 -0.977 0.377, 0.0343 -0.9771 0.3753, 0.0353 -0.9772 0.3737, 0.0359 -0.9773 0.3732, 0.0425 -0.9775 0.3709, 0.0396 -0.9775 0.3713, 0.0395 -0.9775 0.3713, 0.0376 -0.9774 0.372, 0.0451 -0.9775 0.3712, 0.0452 -0.9775 0.3713, 0.0471 -0.9774 0.372, 0.0489 -0.9773 0.3731, 0.0505 -0.9771 0.3748, 0.0513 -0.977 0.376, 0.0514 -0.977 0.376, 0.0514 -0.9774 0.3716, 0.0564 -0.9774 0.3716, 0.0564 -0.9758 0.3899, 0.056 -0.9755 0.3939, 0.0552 -0.9753 0.3961, 0.0541 -0.9751 0.3977, 0.0528 -0.975 0.3989, 0.0511 -0.975 0.3999, 0.049 -0.9749 0.4005, 0.0399 -0.9764 0.3832, 0.0405 -0.9764 0.3838, 0.0417 -0.9763 0.3843, 0.0447 -0.9763 0.385, 0.0385 -0.9767 0.3796, 0.0386 -0.9767 0.3804, 0.0388 -0.9766 0.3816, 0.0393 -0.9765 0.3825, 0.04 -0.977 0.3763, 0.0396 -0.977 0.3767, 0.039 -0.9769 0.3776, 0.0387 -0.9768 0.3785, 0.0438 -0.9771 0.375, 0.0421 -0.9771 0.3752, 0.041 -0.9771 0.3756, 0.0493 -0.9769 0.3774, 0.0486 -0.977 0.3767, 0.0472 -0.9771 0.3758, 0.0457 -0.9771 0.3752, 0.0514 -0.9764 0.3832, 0.0514 -0.9764 0.3828, 0.0511 -0.9766 0.3806, 0.0503 -0.9768 0.3788, 0.0514 -0.9762 0.3859
            ]
        }
        coordIndex [
            0,1,2,-1,2,1,3,-1,4,0,5,-1,5,0,2,-1,6,4,7,-1,7,4,5,-1,8,6,9,-1,9,6,7,-1,10,8,11,-1,11,8,9,-1,12,10,13,-1,13,10,11,-1,14,12,15,-1,15,12,13,-1,16,14,17,-1,17,14,15,-1,18,16,19,-1,19,16,17,-1,20,18,21,-1,21,18,19,-1,22,20,23,-1,23,20,21,-1,1,22,3,-1,3,22,23,-1,22,1,0,-1,0,4,22,-1,22,4,6,-1,22,6,20,-1,16,18,14,-1,14,18,20,-1,14,20,12,-1,12,20,6,-1,12,6,10,-1,10,6,8,-1,24,25,26,-1,27,28,29,-1,29,28,30,-1,31,32,25,-1,25,32,28,-1,25,28,26,-1,26,28,27,-1,33,34,35,-1,26,36,24,-1,24,36,37,-1,24,37,38,-1,38,37,39,-1,38,39,40,-1,40,39,41,-1,40,41,42,-1,42,41,43,-1,42,43,44,-1,44,43,45,-1,44,45,46,-1,46,45,47,-1,46,47,48,-1,48,47,49,-1,48,49,50,-1,50,49,51,-1,50,51,52,-1,52,51,53,-1,35,34,54,-1,54,34,55,-1,54,55,56,-1,33,35,57,-1,57,35,58,-1,57,58,59,-1,59,58,60,-1,59,60,61,-1,61,60,62,-1,61,62,63,-1,63,62,64,-1,63,64,65,-1,65,64,66,-1,65,66,67,-1,67,66,68,-1,67,68,69,-1,69,68,70,-1,69,70,53,-1,53,70,71,-1,53,71,52,-1,72,73,74,-1,74,73,75,-1,74,75,76,-1,76,75,77,-1,76,77,78,-1,78,77,79,-1,78,79,80,-1,80,79,81,-1,80,81,82,-1,82,81,83,-1,82,83,84,-1,84,83,85,-1,84,85,86,-1,86,85,87,-1,86,87,88,-1,88,87,89,-1,88,89,90,-1,90,89,91,-1,90,91,28,-1,28,91,56,-1,28,56,30,-1,30,56,55,-1,78,92,93,-1,78,93,76,-1,76,93,94,-1,76,94,74,-1,74,94,95,-1,74,95,72,-1,73,72,96,-1,96,72,95,-1,73,96,97,-1,73,97,75,-1,75,97,98,-1,75,98,77,-1,77,98,99,-1,77,99,79,-1,79,99,100,-1,79,100,81,-1,81,100,101,-1,81,101,83,-1,83,101,102,-1,83,102,85,-1,85,102,103,-1,85,103,87,-1,87,103,104,-1,87,104,89,-1,89,104,105,-1,89,105,91,-1,91,105,106,-1,91,106,56,-1,54,56,107,-1,107,56,106,-1,54,107,108,-1,54,108,35,-1,35,108,109,-1,35,109,58,-1,58,109,110,-1,58,110,60,-1,60,110,111,-1,60,111,62,-1,62,111,112,-1,62,112,64,-1,64,112,113,-1,64,113,66,-1,66,113,114,-1,66,114,68,-1,68,114,115,-1,68,115,70,-1,70,115,116,-1,70,116,71,-1,71,116,117,-1,71,117,52,-1,118,46,119,-1,119,46,48,-1,119,48,120,-1,120,48,50,-1,120,50,121,-1,121,50,52,-1,121,52,117,-1,46,118,122,-1,46,122,44,-1,44,122,123,-1,44,123,42,-1,123,124,42,-1,42,124,125,-1,42,125,40,-1,40,125,126,-1,40,126,38,-1,38,126,127,-1,38,127,24,-1,25,24,128,-1,128,24,127,-1,31,25,129,-1,129,25,128,-1,32,31,130,-1,130,31,129,-1,28,32,131,-1,131,32,130,-1,28,131,132,-1,28,132,90,-1,90,132,133,-1,90,133,88,-1,88,133,134,-1,88,134,86,-1,86,134,135,-1,86,135,84,-1,84,135,136,-1,84,136,82,-1,82,136,137,-1,82,137,80,-1,80,137,92,-1,80,92,78,-1,57,138,139,-1,57,139,33,-1,33,139,140,-1,33,140,34,-1,34,140,141,-1,34,141,55,-1,65,142,143,-1,65,143,63,-1,63,143,144,-1,63,144,61,-1,61,144,145,-1,61,145,59,-1,59,145,138,-1,59,138,57,-1,51,146,147,-1,51,147,53,-1,53,147,148,-1,53,148,69,-1,69,148,149,-1,69,149,67,-1,67,149,142,-1,67,142,65,-1,45,150,151,-1,45,151,47,-1,47,151,152,-1,47,152,49,-1,49,152,146,-1,49,146,51,-1,37,153,154,-1,37,154,39,-1,39,154,155,-1,39,155,41,-1,41,155,156,-1,41,156,43,-1,43,156,150,-1,43,150,45,-1,29,157,158,-1,29,158,27,-1,27,158,159,-1,27,159,26,-1,26,159,160,-1,26,160,36,-1,36,160,153,-1,36,153,37,-1,29,30,157,-1,157,30,161,-1,30,55,161,-1,161,55,141,-1,
        ]
    }
}
Shape{
    appearance Appearance {
        material  Material {
            diffuseColor 0.8823529411764706 0.8823529411764706 0.8823529411764706
            specularColor 0.26666666666666666 0.26666666666666666 0.26666666666666666
            ambientIntensity 0.8824
            transparency 0.0
            shininess 0.5
        }
    }
    geometry IndexedFaceSet {
        ccw TRUE
        solid FALSE
        coord DEF co Coordinate {
            point [
                0.0514 -0.9764 0.3828, 0.0514 -0.9764 0.3832, 0.0399 -0.9764 0.3832, 0.0514 -0.9762 0.3859, 0.0447 -0.9763 0.385, 0.0417 -0.9763 0.3843, 0.0405 -0.9764 0.3838, 0.0511 -0.9766 0.3806, 0.0393 -0.9765 0.3825, 0.0503 -0.9768 0.3788, 0.0396 -0.977 0.3767, 0.04 -0.977 0.3763, 0.0486 -0.977 0.3767, 0.039 -0.9769 0.3776, 0.0472 -0.9771 0.3758, 0.0457 -0.9771 0.3752, 0.0438 -0.9771 0.375, 0.0388 -0.9766 0.3816, 0.0386 -0.9767 0.3804, 0.0493 -0.9769 0.3774, 0.0385 -0.9767 0.3796, 0.0387 -0.9768 0.3785, 0.041 -0.9771 0.3756, 0.0421 -0.9771 0.3752
            ]
        }
        coordIndex [
            0,1,2,-1,1,3,4,-1,4,5,1,-1,1,5,6,-1,1,6,2,-1,0,2,7,-1,7,2,8,-1,7,8,9,-1,10,11,12,-1,10,12,13,-1,14,12,15,-1,15,12,16,-1,8,17,9,-1,9,17,18,-1,9,18,19,-1,19,18,20,-1,19,20,12,-1,12,20,21,-1,12,21,13,-1,11,22,12,-1,12,22,23,-1,12,23,16,-1,
        ]
    }
}
Shape{
    appearance Appearance {
        material  Material {
            diffuseColor 0.0 0.0 0.0
            specularColor 0.0 0.0 0.0
            ambientIntensity 0.0
            transparency 0.0
            shininess 0.5
        }
    }
    geometry IndexedFaceSet {
        ccw TRUE
        solid FALSE
        coord DEF co Coordinate {
            point [
                0.0632 -0.9769 0.3778, 0.0632 -0.9808 0.3781, 0.065 -0.9809 0.377, 0.0715 -0.9811 0.3754, 0.0715 -0.9771 0.375, 0.0681 -0.9771 0.3754, 0.0681 -0.981 0.3758, 0.0655 -0.977 0.3764, 0.065 -0.977 0.3767, 0.0632 -0.9813 0.3729, 0.0632 -0.9773 0.3726, 0.0655 -0.9774 0.3718, 0.0666 -0.9814 0.3718, 0.071 -0.9775 0.3709, 0.071 -0.9814 0.3713, 0.0679 -0.9775 0.3713, 0.0666 -0.9774 0.3714, 0.0742 -0.9775 0.3713, 0.0751 -0.9814 0.3717, 0.0751 -0.9774 0.3714, 0.0778 -0.9774 0.3723, 0.0778 -0.9813 0.3727, 0.0793 -0.9773 0.3732, 0.0793 -0.9812 0.3735, 0.0807 -0.9772 0.3744, 0.0807 -0.9811 0.3748, 0.0817 -0.9771 0.3758, 0.0817 -0.981 0.3761, 0.0823 -0.9769 0.3773, 0.0823 -0.9808 0.3777, 0.0825 -0.9767 0.3794, 0.0825 -0.9807 0.3797, 0.0823 -0.9766 0.3812, 0.0823 -0.9805 0.3816, 0.0818 -0.9765 0.3827, 0.0818 -0.9804 0.383, 0.0809 -0.9763 0.3841, 0.0809 -0.9803 0.3844, 0.0797 -0.9762 0.3851, 0.0797 -0.9802 0.3855, 0.0763 -0.9761 0.387, 0.0763 -0.98 0.3873, 0.0744 -0.976 0.3878, 0.0744 -0.9799 0.3881, 0.0713 -0.9759 0.3891, 0.0713 -0.9798 0.3894, 0.0695 -0.9758 0.3902, 0.0695 -0.9797 0.3905, 0.069 -0.9758 0.3907, 0.069 -0.9797 0.3911, 0.0687 -0.9757 0.3914, 0.0687 -0.9796 0.3918, 0.0685 -0.9756 0.3922, 0.0685 -0.9795 0.3925, 0.0684 -0.9756 0.3929, 0.0684 -0.9795 0.3932, 0.0685 -0.9755 0.3936, 0.0685 -0.9794 0.394, 0.0688 -0.9754 0.3943, 0.0688 -0.9794 0.3947, 0.0692 -0.9754 0.395, 0.0692 -0.9793 0.3953, 0.0699 -0.9753 0.3956, 0.0699 -0.9792 0.396, 0.0711 -0.9753 0.3962, 0.0711 -0.9792 0.3966, 0.0724 -0.9752 0.3966, 0.0724 -0.9792 0.3969, 0.0739 -0.9752 0.3967, 0.0739 -0.9792 0.397, 0.0774 -0.9753 0.3963, 0.0774 -0.9792 0.3966, 0.0802 -0.9754 0.3952, 0.0802 -0.9793 0.3955, 0.0812 -0.9754 0.3946, 0.0812 -0.9793 0.395, 0.0812 -0.9789 0.3998, 0.0812 -0.975 0.3995, 0.0776 -0.9749 0.4005, 0.0776 -0.9788 0.4008, 0.0744 -0.9749 0.4007, 0.0744 -0.9788 0.4011, 0.0706 -0.9749 0.4003, 0.0706 -0.9788 0.4007, 0.0679 -0.975 0.3993, 0.0679 -0.9789 0.3997, 0.0665 -0.9751 0.3985, 0.0665 -0.979 0.3988, 0.0655 -0.9751 0.3976, 0.065 -0.9791 0.3975, 0.065 -0.9752 0.3971, 0.064 -0.9753 0.3958, 0.064 -0.9792 0.3961, 0.0635 -0.9755 0.3942, 0.0635 -0.9794 0.3945, 0.0633 -0.9756 0.3924, 0.0633 -0.9795 0.3927, 0.0635 -0.9758 0.3905, 0.0635 -0.9797 0.3908, 0.064 -0.9759 0.3889, 0.064 -0.9798 0.3893, 0.0647 -0.976 0.3879, 0.0647 -0.9799 0.3882, 0.0708 -0.9763 0.3841, 0.0708 -0.9803 0.3845, 0.0679 -0.9801 0.3858, 0.0655 -0.9761 0.387, 0.0655 -0.98 0.3874, 0.0655 -0.9761 0.387, 0.0679 -0.9762 0.3855, 0.0741 -0.9765 0.3827, 0.0741 -0.9804 0.3831, 0.0761 -0.9766 0.3816, 0.0761 -0.9805 0.3819, 0.0767 -0.9766 0.3809, 0.0767 -0.9805 0.3813, 0.0771 -0.9767 0.3803, 0.0771 -0.9806 0.3806, 0.0773 -0.9767 0.3795, 0.0773 -0.9807 0.3798, 0.0774 -0.9768 0.3789, 0.0774 -0.9807 0.3792, 0.0773 -0.9769 0.3779, 0.0773 -0.9808 0.3783, 0.077 -0.9769 0.3772, 0.077 -0.9809 0.3775, 0.0766 -0.977 0.3766, 0.0766 -0.9809 0.3769, 0.076 -0.977 0.376, 0.076 -0.981 0.3764, 0.0756 -0.9771 0.3758, 0.0756 -0.981 0.3761, 0.0743 -0.9771 0.3753, 0.0743 -0.981 0.3756, 0.0717 -0.9771 0.375, 0.0717 -0.9811 0.3754, 0.1074 -0.9789 0.4004, 0.1126 -0.9789 0.4004, 0.1074 -0.9749 0.4001, 0.1126 -0.9749 0.4001, 0.0996 -0.9807 0.379, 0.0996 -0.9768 0.3786, 0.0992 -0.9769 0.3773, 0.0992 -0.9808 0.3777, 0.099 -0.977 0.3763, 0.099 -0.9809 0.3767, 0.0988 -0.9809 0.3767, 0.0988 -0.977 0.3763, 0.0982 -0.9807 0.379, 0.0982 -0.9768 0.3787, 0.0908 -0.9789 0.4004, 0.0932 -0.9755 0.3932, 0.0908 -0.9749 0.4001, 0.0851 -0.9789 0.4004, 0.0851 -0.9749 0.4001, 0.0964 -0.9813 0.372, 0.0932 -0.9767 0.3797, 0.0964 -0.9774 0.3717, 0.0942 -0.9779 0.3665, 0.0942 -0.9818 0.3668, 0.0962 -0.9775 0.3713, 0.0932 -0.978 0.3647, 0.0932 -0.982 0.365, 0.0932 -0.978 0.3647, 0.0922 -0.982 0.364, 0.0922 -0.9781 0.3637, 0.0913 -0.9782 0.363, 0.0913 -0.9821 0.3634, 0.0902 -0.9782 0.3626, 0.0902 -0.9821 0.3629, 0.089 -0.9782 0.3625, 0.089 -0.9821 0.3628, 0.0872 -0.9782 0.3627, 0.0872 -0.9821 0.363, 0.0862 -0.9782 0.363, 0.0862 -0.9821 0.3634, 0.0862 -0.9825 0.3589, 0.0862 -0.9786 0.3586, 0.0883 -0.9786 0.3582, 0.0883 -0.9825 0.3586, 0.0894 -0.9786 0.3582, 0.0894 -0.9825 0.3585, 0.0914 -0.9786 0.3584, 0.0914 -0.9825 0.3588, 0.0932 -0.9785 0.3591, 0.0934 -0.9824 0.3595, 0.0934 -0.9785 0.3592, 0.0952 -0.9784 0.3604, 0.0952 -0.9823 0.3607, 0.0955 -0.9784 0.3607, 0.0955 -0.9823 0.361, 0.0973 -0.9782 0.3629, 0.0973 -0.9821 0.3632, 0.0996 -0.9778 0.3673, 0.0996 -0.9817 0.3676, 0.1012 -0.9775 0.3713, 0.1395 -0.981 0.3765, 0.1395 -0.9813 0.3719, 0.1395 -0.977 0.3762, 0.1395 -0.9774 0.3716, 0.1232 -0.981 0.3765, 0.1307 -0.977 0.3762, 0.1232 -0.977 0.3762, 0.1232 -0.9798 0.3899, 0.1232 -0.9759 0.3896, 0.1375 -0.9798 0.3899, 0.1307 -0.9759 0.3896, 0.1375 -0.9759 0.3896, 0.1375 -0.9794 0.3945, 0.1375 -0.9755 0.3941, 0.1232 -0.9755 0.3941, 0.1232 -0.9794 0.3945, 0.1307 -0.9755 0.3941, 0.1232 -0.9783 0.4072, 0.1232 -0.9743 0.4069, 0.1386 -0.9743 0.4069, 0.1386 -0.9783 0.4072, 0.1307 -0.9743 0.4069, 0.1386 -0.9779 0.4118, 0.1386 -0.9739 0.4115, 0.118 -0.9739 0.4115, 0.118 -0.9779 0.4118, 0.1307 -0.9739 0.4115, 0.118 -0.9813 0.3719, 0.118 -0.9774 0.3716, 0.1307 -0.9774 0.3716, 0.172 -0.9804 0.3832, 0.17 -0.9806 0.3807, 0.1736 -0.9809 0.3775, 0.1695 -0.9806 0.3802, 0.1694 -0.9811 0.3745, 0.1669 -0.9808 0.3784, 0.1648 -0.9813 0.3728, 0.1636 -0.9809 0.3771, 0.1581 -0.9813 0.3719, 0.1581 -0.981 0.3765, 0.1471 -0.9813 0.3719, 0.1523 -0.981 0.3765, 0.1471 -0.9779 0.4118, 0.1523 -0.9783 0.4072, 0.1585 -0.9779 0.4118, 0.1583 -0.9783 0.4072, 0.1646 -0.9779 0.4112, 0.1635 -0.9783 0.4067, 0.1695 -0.9781 0.4094, 0.167 -0.9784 0.4054, 0.1736 -0.9783 0.4065, 0.1699 -0.9786 0.4035, 0.1751 -0.9784 0.4051, 0.1713 -0.9787 0.402, 0.1776 -0.9787 0.4017, 0.1728 -0.9789 0.3997, 0.179 -0.9791 0.3979, 0.1738 -0.9792 0.3966, 0.1797 -0.9796 0.3924, 0.1743 -0.9796 0.3923, 0.1795 -0.9798 0.3892, 0.1741 -0.9798 0.3899, 0.1784 -0.9802 0.3846, 0.1734 -0.9801 0.3862, 0.1763 -0.9806 0.3806, 0.1581 -0.9774 0.3716, 0.1471 -0.9774 0.3716, 0.1648 -0.9774 0.3724, 0.1694 -0.9772 0.3742, 0.1736 -0.9769 0.3772, 0.1763 -0.9767 0.3802, 0.1784 -0.9763 0.3843, 0.1795 -0.9759 0.3889, 0.1797 -0.9756 0.3921, 0.179 -0.9752 0.3975, 0.1776 -0.9748 0.4013, 0.1751 -0.9745 0.4048, 0.1736 -0.9744 0.4062, 0.1695 -0.9741 0.4091, 0.1646 -0.974 0.4108, 0.1585 -0.9739 0.4115, 0.1471 -0.9739 0.4115, 0.1583 -0.9743 0.4069, 0.1523 -0.9743 0.4069, 0.1523 -0.977 0.3762, 0.1581 -0.977 0.3762, 0.17 -0.9767 0.3803, 0.1695 -0.9767 0.3798, 0.1669 -0.9769 0.3781, 0.1636 -0.977 0.3768, 0.1743 -0.9756 0.3919, 0.1741 -0.9759 0.3895, 0.1734 -0.9762 0.3859, 0.172 -0.9764 0.3829, 0.1699 -0.9747 0.4031, 0.1713 -0.9748 0.4017, 0.1728 -0.975 0.3993, 0.1738 -0.9753 0.3962, 0.1635 -0.9744 0.4063, 0.167 -0.9745 0.4051
            ]
        }
        coordIndex [
            0,1,2,-1,3,4,5,-1,3,5,6,-1,6,5,7,-1,6,7,2,-1,2,7,8,-1,2,8,0,-1,9,1,10,-1,10,1,0,-1,10,11,9,-1,9,11,12,-1,13,14,15,-1,15,14,12,-1,15,12,16,-1,16,12,11,-1,13,17,14,-1,14,17,18,-1,17,19,18,-1,18,19,20,-1,18,20,21,-1,21,20,22,-1,21,22,23,-1,23,22,24,-1,23,24,25,-1,25,24,26,-1,25,26,27,-1,27,26,28,-1,27,28,29,-1,29,28,30,-1,29,30,31,-1,31,30,32,-1,31,32,33,-1,33,32,34,-1,33,34,35,-1,35,34,36,-1,35,36,37,-1,37,36,38,-1,37,38,39,-1,39,38,40,-1,39,40,41,-1,41,40,42,-1,41,42,43,-1,43,42,44,-1,43,44,45,-1,45,44,46,-1,45,46,47,-1,47,46,48,-1,47,48,49,-1,49,48,50,-1,49,50,51,-1,51,50,52,-1,51,52,53,-1,53,52,54,-1,53,54,55,-1,55,54,56,-1,55,56,57,-1,57,56,58,-1,57,58,59,-1,59,58,60,-1,59,60,61,-1,61,60,62,-1,61,62,63,-1,63,62,64,-1,63,64,65,-1,65,64,66,-1,65,66,67,-1,67,66,68,-1,67,68,69,-1,69,68,70,-1,69,70,71,-1,71,70,72,-1,71,72,73,-1,73,72,74,-1,73,74,75,-1,76,75,77,-1,77,75,74,-1,76,77,78,-1,76,78,79,-1,79,78,80,-1,79,80,81,-1,81,80,82,-1,81,82,83,-1,83,82,84,-1,83,84,85,-1,85,84,86,-1,85,86,87,-1,86,88,87,-1,87,88,89,-1,88,90,89,-1,89,90,91,-1,89,91,92,-1,92,91,93,-1,92,93,94,-1,94,93,95,-1,94,95,96,-1,96,95,97,-1,96,97,98,-1,98,97,99,-1,98,99,100,-1,100,99,101,-1,100,101,102,-1,103,104,105,-1,102,101,106,-1,102,106,107,-1,107,106,108,-1,107,108,105,-1,105,108,109,-1,105,109,103,-1,104,103,110,-1,104,110,111,-1,111,110,112,-1,111,112,113,-1,113,112,114,-1,113,114,115,-1,115,114,116,-1,115,116,117,-1,117,116,118,-1,117,118,119,-1,119,118,120,-1,119,120,121,-1,121,120,122,-1,121,122,123,-1,123,122,124,-1,123,124,125,-1,125,124,126,-1,125,126,127,-1,127,126,128,-1,127,128,129,-1,129,128,130,-1,129,130,131,-1,131,130,132,-1,131,132,133,-1,133,132,134,-1,133,134,135,-1,135,134,4,-1,135,4,3,-1,61,63,85,-1,85,63,83,-1,111,43,104,-1,104,43,45,-1,14,3,12,-1,12,3,6,-1,12,6,9,-1,9,6,2,-1,9,2,1,-1,63,65,83,-1,83,65,67,-1,83,67,81,-1,81,67,69,-1,81,69,79,-1,79,69,71,-1,79,71,76,-1,76,71,73,-1,76,73,75,-1,21,23,127,-1,127,23,25,-1,127,25,125,-1,125,25,27,-1,125,27,123,-1,123,27,29,-1,123,29,121,-1,121,29,31,-1,121,31,119,-1,119,31,33,-1,119,33,117,-1,117,33,35,-1,117,35,115,-1,115,35,37,-1,115,37,113,-1,113,37,39,-1,113,39,111,-1,111,39,41,-1,111,41,43,-1,127,129,21,-1,21,129,131,-1,21,131,18,-1,18,131,133,-1,18,133,14,-1,14,133,135,-1,14,135,3,-1,85,87,61,-1,61,87,89,-1,61,89,59,-1,59,89,92,-1,59,92,57,-1,57,92,94,-1,57,94,55,-1,55,94,96,-1,55,96,53,-1,53,96,98,-1,53,98,51,-1,51,98,100,-1,51,100,49,-1,49,100,102,-1,49,102,47,-1,47,102,107,-1,47,107,45,-1,45,107,105,-1,45,105,104,-1,136,137,138,-1,138,137,139,-1,140,136,141,-1,141,136,138,-1,140,141,142,-1,140,142,143,-1,143,142,144,-1,143,144,145,-1,146,145,147,-1,147,145,144,-1,148,146,149,-1,149,146,147,-1,148,149,150,-1,150,149,151,-1,150,151,152,-1,153,150,154,-1,154,150,152,-1,153,154,155,-1,155,154,156,-1,155,156,157,-1,158,159,160,-1,160,159,155,-1,160,155,157,-1,159,158,161,-1,159,161,162,-1,162,161,163,-1,162,163,164,-1,163,165,164,-1,164,165,166,-1,164,166,167,-1,167,166,168,-1,167,168,169,-1,169,168,170,-1,169,170,171,-1,171,170,172,-1,171,172,173,-1,173,172,174,-1,173,174,175,-1,176,175,177,-1,177,175,174,-1,176,177,178,-1,176,178,179,-1,179,178,180,-1,179,180,181,-1,181,180,182,-1,181,182,183,-1,183,182,184,-1,183,184,185,-1,184,186,185,-1,185,186,187,-1,185,187,188,-1,188,187,189,-1,188,189,190,-1,190,189,191,-1,190,191,192,-1,192,191,193,-1,192,193,194,-1,139,137,195,-1,195,137,194,-1,195,194,193,-1,143,145,194,-1,137,136,194,-1,194,136,140,-1,194,140,143,-1,150,153,148,-1,148,153,155,-1,148,155,146,-1,192,162,190,-1,190,162,164,-1,175,176,173,-1,173,176,179,-1,173,179,171,-1,171,179,181,-1,171,181,169,-1,169,181,183,-1,169,183,167,-1,167,183,185,-1,167,185,164,-1,164,185,188,-1,164,188,190,-1,145,146,194,-1,194,146,155,-1,194,155,192,-1,192,155,159,-1,192,159,162,-1,196,197,198,-1,198,197,199,-1,196,198,200,-1,200,198,201,-1,200,201,202,-1,203,200,204,-1,204,200,202,-1,203,204,205,-1,205,204,206,-1,205,206,207,-1,208,205,209,-1,209,205,207,-1,210,211,212,-1,212,211,208,-1,212,208,209,-1,213,211,214,-1,214,211,210,-1,215,216,217,-1,217,216,213,-1,217,213,214,-1,218,216,219,-1,219,216,215,-1,220,221,222,-1,222,221,218,-1,222,218,219,-1,223,221,224,-1,224,221,220,-1,223,224,197,-1,197,224,225,-1,197,225,199,-1,223,197,196,-1,196,200,223,-1,223,200,203,-1,223,203,221,-1,216,218,213,-1,213,218,221,-1,213,221,211,-1,211,221,203,-1,211,203,208,-1,208,203,205,-1,226,227,228,-1,228,227,229,-1,228,229,230,-1,230,229,231,-1,230,231,232,-1,232,231,233,-1,232,233,234,-1,234,233,235,-1,234,235,236,-1,236,235,237,-1,236,237,238,-1,238,237,239,-1,238,239,240,-1,240,239,241,-1,240,241,242,-1,242,241,243,-1,242,243,244,-1,244,243,245,-1,244,245,246,-1,246,245,247,-1,246,247,248,-1,248,247,249,-1,248,249,250,-1,250,249,251,-1,250,251,252,-1,252,251,253,-1,252,253,254,-1,254,253,255,-1,254,255,256,-1,256,255,257,-1,256,257,258,-1,258,257,259,-1,258,259,260,-1,260,259,226,-1,260,226,228,-1,234,236,261,-1,261,236,262,-1,234,261,263,-1,234,263,232,-1,232,263,264,-1,232,264,230,-1,230,264,265,-1,230,265,228,-1,228,265,266,-1,228,266,260,-1,260,266,267,-1,260,267,258,-1,258,267,268,-1,258,268,256,-1,256,268,269,-1,256,269,254,-1,254,269,270,-1,254,270,252,-1,252,270,271,-1,252,271,250,-1,250,271,272,-1,250,272,248,-1,248,272,273,-1,248,273,246,-1,246,273,274,-1,246,274,244,-1,244,274,275,-1,244,275,242,-1,242,275,276,-1,242,276,240,-1,238,240,277,-1,277,240,276,-1,236,238,262,-1,262,238,277,-1,241,239,278,-1,278,239,279,-1,239,237,279,-1,279,237,280,-1,237,235,280,-1,280,235,281,-1,227,282,283,-1,227,283,229,-1,229,283,284,-1,229,284,231,-1,231,284,285,-1,231,285,233,-1,233,285,281,-1,233,281,235,-1,255,286,287,-1,255,287,257,-1,257,287,288,-1,257,288,259,-1,259,288,289,-1,259,289,226,-1,226,289,282,-1,226,282,227,-1,247,290,291,-1,247,291,249,-1,249,291,292,-1,249,292,251,-1,251,292,293,-1,251,293,253,-1,253,293,286,-1,253,286,255,-1,241,278,294,-1,241,294,243,-1,243,294,295,-1,243,295,245,-1,245,295,290,-1,245,290,247,-1,
        ]
    }
}
Shape{
    appearance Appearance {
        material  Material {
            diffuseColor 0.8823529411764706 0.8823529411764706 0.8823529411764706
            specularColor 0.26666666666666666 0.26666666666666666 0.26666666666666666
            ambientIntensity 0.8824
            transparency 0.0
            shininess 0.5
        }
    }
    geometry IndexedFaceSet {
        ccw TRUE
        solid FALSE
        coord DEF co Coordinate {
            point [
                0.1523 -0.9743 0.4069, 0.1523 -0.977 0.3762, 0.1583 -0.9743 0.4069, 0.1581 -0.977 0.3762, 0.1695 -0.9767 0.3798, 0.17 -0.9767 0.3803, 0.1636 -0.977 0.3768, 0.1669 -0.9769 0.3781, 0.172 -0.9764 0.3829, 0.1734 -0.9762 0.3859, 0.1741 -0.9759 0.3895, 0.1743 -0.9756 0.3919, 0.1738 -0.9753 0.3962, 0.1728 -0.975 0.3993, 0.1713 -0.9748 0.4017, 0.1699 -0.9747 0.4031, 0.1635 -0.9744 0.4063, 0.167 -0.9745 0.4051
            ]
        }
        coordIndex [
            0,1,2,-1,2,1,3,-1,2,4,5,-1,3,6,2,-1,2,6,7,-1,2,7,4,-1,5,8,2,-1,2,8,9,-1,2,9,10,-1,10,11,2,-1,2,11,12,-1,2,12,13,-1,13,14,2,-1,2,14,15,-1,2,15,16,-1,16,15,17,-1,
        ]
    }
}
Shape{
    appearance Appearance {
        material  Material {
            diffuseColor 0.0 0.0 0.0
            specularColor 0.0 0.0 0.0
            ambientIntensity 0.0
            transparency 0.0
            shininess 0.5
        }
    }
    geometry IndexedFaceSet {
        ccw TRUE
        solid FALSE
        coord DEF co Coordinate {
            point [
                0.1931 -0.98 0.3874, 0.1915 -0.9804 0.3829, 0.2065 -0.98 0.3874, 0.2081 -0.9804 0.3829, 0.1991 -0.9785 0.4039, 0.1972 -0.9779 0.4118, 0.1819 -0.9813 0.3719, 0.1876 -0.9813 0.3719, 0.1994 -0.9784 0.4051, 0.1997 -0.9783 0.4067, 0.2027 -0.9779 0.4118, 0.1999 -0.9783 0.4067, 0.2002 -0.9785 0.405, 0.2005 -0.9785 0.4039, 0.2179 -0.9813 0.3719, 0.2122 -0.9813 0.3719, 0.2027 -0.9739 0.4115, 0.2179 -0.9774 0.3716, 0.1972 -0.9739 0.4115, 0.1819 -0.9774 0.3716, 0.1876 -0.9774 0.3716, 0.1915 -0.9765 0.3825, 0.2081 -0.9765 0.3825, 0.2122 -0.9774 0.3716, 0.1931 -0.9761 0.387, 0.2065 -0.9761 0.387, 0.2005 -0.9746 0.4036, 0.1999 -0.9744 0.4064, 0.2002 -0.9745 0.4047, 0.1997 -0.9744 0.4064, 0.1991 -0.9746 0.4036, 0.1994 -0.9745 0.4048
            ]
        }
        coordIndex [
            0,1,2,-1,2,1,3,-1,4,5,0,-1,0,5,6,-1,0,6,1,-1,1,6,7,-1,4,8,5,-1,5,8,9,-1,5,9,10,-1,10,9,11,-1,10,11,12,-1,12,13,10,-1,10,13,2,-1,10,2,14,-1,14,2,3,-1,14,3,15,-1,10,14,16,-1,16,14,17,-1,5,10,18,-1,18,10,16,-1,6,5,19,-1,19,5,18,-1,7,6,20,-1,20,6,19,-1,1,7,21,-1,21,7,20,-1,3,1,22,-1,22,1,21,-1,15,3,23,-1,23,3,22,-1,14,15,17,-1,17,15,23,-1,0,2,24,-1,24,2,25,-1,2,13,25,-1,25,13,26,-1,11,27,28,-1,11,28,12,-1,12,28,26,-1,12,26,13,-1,11,9,27,-1,27,9,29,-1,4,30,31,-1,4,31,8,-1,8,31,29,-1,8,29,9,-1,4,0,30,-1,30,0,24,-1,
        ]
    }
}
Shape{
    appearance Appearance {
        material  Material {
            diffuseColor 0.8823529411764706 0.8823529411764706 0.8823529411764706
            specularColor 0.26666666666666666 0.26666666666666666 0.26666666666666666
            ambientIntensity 0.8824
            transparency 0.0
            shininess 0.5
        }
    }
    geometry IndexedFaceSet {
        ccw TRUE
        solid FALSE
        coord DEF co Coordinate {
            point [
                0.1999 -0.9744 0.4064, 0.1997 -0.9744 0.4064, 0.2002 -0.9745 0.4047, 0.1994 -0.9745 0.4048, 0.2005 -0.9746 0.4036, 0.1991 -0.9746 0.4036, 0.2065 -0.9761 0.387, 0.1931 -0.9761 0.387
            ]
        }
        coordIndex [
            0,1,2,-1,2,1,3,-1,2,3,4,-1,4,3,5,-1,4,5,6,-1,6,5,7,-1,
        ]
    }
}
Shape{
    appearance Appearance {
        material  Material {
            diffuseColor 0.0 0.0 0.0
            specularColor 0.0 0.0 0.0
            ambientIntensity 0.0
            transparency 0.0
            shininess 0.5
        }
    }
    geometry IndexedFaceSet {
        ccw TRUE
        solid FALSE
        coord DEF co Coordinate {
            point [
                -0.1772 -0.9753 0.4406, -0.1709 -0.975 0.444, -0.1724 -0.9735 0.4615, -0.1222 -0.9819 0.3652, -0.1189 -0.9814 0.3715, -0.1172 -0.9808 0.3785, -0.1546 -0.9734 0.4623, -0.1458 -0.9753 0.4416, -0.1414 -0.9745 0.4505, -0.1563 -0.9808 0.3777, -0.1569 -0.9806 0.3804, -0.1723 -0.9796 0.3914, -0.1725 -0.9813 0.3724, -0.1761 -0.9812 0.3735, -0.1785 -0.9793 0.3952, -0.1612 -0.9734 0.4628, -0.0772 -0.9784 0.4053, -0.086 -0.9771 0.4203, -0.117 -0.9803 0.3843, -0.1242 -0.9789 0.4004, -0.117 -0.9805 0.3814, -0.1323 -0.9827 0.3564, -0.1266 -0.9824 0.3603, -0.1552 -0.9811 0.3753, -0.1654 -0.9823 0.3611, -0.1697 -0.9818 0.3663, -0.0678 -0.976 0.4333, -0.0655 -0.976 0.4333, -0.0538 -0.9746 0.4487, -0.0601 -0.976 0.4327, -0.0525 -0.9747 0.4482, -0.0551 -0.9762 0.4308, -0.044 -0.975 0.444, -0.0363 -0.9756 0.4375, -0.1488 -0.9729 0.469, -0.135 -0.9738 0.4581, -0.1421 -0.9724 0.4747, -0.1274 -0.9733 0.4637, -0.1351 -0.972 0.479, -0.1639 -0.9749 0.4457, -0.1609 -0.9749 0.4458, -0.1579 -0.9734 0.4627, -0.1542 -0.975 0.445, -0.1478 -0.9752 0.4427, -0.1368 -0.9811 0.3747, -0.1383 -0.9813 0.373, -0.1405 -0.9814 0.3715, -0.1386 -0.9829 0.3539, -0.1429 -0.9815 0.3705, -0.1455 -0.983 0.3531, -0.1458 -0.9815 0.3701, -0.1466 -0.983 0.3531, -0.1463 -0.9815 0.3701, -0.1533 -0.9829 0.3542, -0.1488 -0.9815 0.3705, -0.1599 -0.9827 0.3569, -0.1514 -0.9814 0.3716, -0.1536 -0.9812 0.3733, -0.1354 -0.9802 0.3851, -0.1348 -0.9804 0.3825, -0.1348 -0.9807 0.3799, -0.1354 -0.9809 0.3772, -0.0362 -0.9802 0.3846, -0.0495 -0.9793 0.3958, -0.0439 -0.9808 0.378, -0.0537 -0.9796 0.3924, -0.0526 -0.9812 0.3738, -0.0587 -0.9798 0.3901, -0.0621 -0.9814 0.3718, -0.0638 -0.9798 0.3891, -0.0789 -0.9814 0.3718, -0.0766 -0.9798 0.3891, -0.0805 -0.9813 0.3721, -0.1567 -0.9804 0.3831, -0.1559 -0.9801 0.3858, -0.1691 -0.9791 0.3975, -0.1544 -0.9799 0.3881, -0.1644 -0.9786 0.4028, -0.1533 -0.9798 0.3893, -0.1586 -0.9783 0.4069, -0.1511 -0.9797 0.3909, -0.1523 -0.9781 0.4093, -0.1486 -0.9796 0.3919, -0.1455 -0.978 0.4101, -0.1458 -0.9796 0.3922, -0.142 -0.978 0.4099, -0.1434 -0.9796 0.392, -0.1352 -0.9782 0.4082, -0.1408 -0.9797 0.391, -0.1291 -0.9785 0.405, -0.1385 -0.9798 0.3895, -0.1366 -0.98 0.3874, -0.0507 -0.9765 0.4277, -0.0475 -0.9768 0.4241, -0.0305 -0.9763 0.4294, -0.0448 -0.9772 0.4192, -0.027 -0.9771 0.4208, -0.0435 -0.9777 0.4137, -0.0257 -0.9779 0.4115, -0.0433 -0.9779 0.4112, -0.027 -0.9788 0.4014, -0.044 -0.9784 0.4057, -0.0305 -0.9796 0.3924, -0.046 -0.9788 0.4006, -0.0491 -0.9792 0.3962, -0.0692 -0.9727 0.4711, -0.0804 -0.9738 0.458, -0.0598 -0.9736 0.4601, -0.0739 -0.9745 0.4504, -0.0695 -0.9753 0.4413, -0.1885 -0.9768 0.4243, -0.2072 -0.9772 0.4196, -0.1893 -0.9774 0.4175, -0.2073 -0.9774 0.4169, -0.189 -0.9778 0.4131, -0.2059 -0.9784 0.4058, -0.1869 -0.9784 0.4061, -0.2018 -0.9793 0.3952, -0.1836 -0.9789 0.4004, -0.1953 -0.9801 0.386, -0.1864 -0.9808 0.3784, -0.122 -0.9715 0.4841, -0.1181 -0.973 0.4674, -0.1079 -0.9714 0.4858, -0.1076 -0.9729 0.4688, -0.0957 -0.9715 0.4845, -0.098 -0.973 0.4676, -0.0815 -0.972 0.4793, -0.0891 -0.9733 0.4642, -0.0811 -0.9738 0.4587, -0.1829 -0.9739 0.4574, -0.192 -0.9744 0.451, -0.1821 -0.9757 0.4363, -0.1939 -0.9746 0.4492, -0.186 -0.9762 0.4307, -0.2007 -0.9754 0.4405, -0.2053 -0.9762 0.4303, -0.078 -0.9798 0.3894, -0.0849 -0.9811 0.3748, -0.0842 -0.9812 0.3741, -0.0772 -0.9798 0.3892, -0.0824 -0.9813 0.3728, -0.0871 -0.9806 0.3806, -0.0869 -0.9808 0.3785, -0.0861 -0.9809 0.3766, -0.0805 -0.9798 0.3891, -0.0825 -0.9799 0.3883, -0.0871 -0.9805 0.3817, -0.0842 -0.98 0.3871, -0.0854 -0.9801 0.3858, -0.0865 -0.9803 0.3839, -0.0783 -0.9798 0.3894, -0.0257 -0.974 0.4112, -0.027 -0.9732 0.4204, -0.0279 -0.9729 0.4228, -0.0305 -0.9724 0.4291, -0.0363 -0.9717 0.4372, -0.044 -0.9711 0.4437, -0.0525 -0.9708 0.4478, -0.0538 -0.9707 0.4483, -0.0598 -0.9697 0.4598, -0.0692 -0.9688 0.4707, -0.0757 -0.9684 0.4751, -0.0815 -0.968 0.479, -0.0957 -0.9676 0.4841, -0.1079 -0.9675 0.4855, -0.1421 -0.9684 0.4744, -0.141 -0.9684 0.4751, -0.1351 -0.9681 0.4787, -0.122 -0.9676 0.4837, -0.1488 -0.9689 0.4687, -0.1546 -0.9695 0.4619, -0.1579 -0.9695 0.4623, -0.1612 -0.9695 0.4625, -0.1724 -0.9696 0.4611, -0.1829 -0.97 0.457, -0.192 -0.9705 0.4507, -0.1939 -0.9707 0.4489, -0.2053 -0.9723 0.4299, -0.2007 -0.9714 0.4401, -0.2065 -0.9729 0.4228, -0.2072 -0.9733 0.4193, -0.2073 -0.9735 0.4166, -0.2059 -0.9745 0.4054, -0.2018 -0.9754 0.3949, -0.1953 -0.9762 0.3856, -0.1864 -0.9769 0.3781, -0.1761 -0.9773 0.3731, -0.1725 -0.9774 0.372, -0.1722 -0.9775 0.3713, -0.1697 -0.9779 0.3659, -0.1654 -0.9784 0.3607, -0.1599 -0.9787 0.3566, -0.1573 -0.9788 0.3555, -0.1533 -0.979 0.3538, -0.1466 -0.9791 0.3528, -0.1455 -0.9791 0.3528, -0.117 -0.9766 0.3811, -0.1386 -0.979 0.3536, -0.1337 -0.9788 0.3555, -0.1323 -0.9788 0.356, -0.1266 -0.9784 0.36, -0.1222 -0.978 0.3648, -0.1189 -0.9775 0.3711, -0.1188 -0.9775 0.3713, -0.1172 -0.9769 0.3781, -0.117 -0.9763 0.3839, -0.0772 -0.9745 0.4049, -0.086 -0.9732 0.42, -0.1242 -0.9749 0.4001, -0.1291 -0.9745 0.4046, -0.1352 -0.9743 0.4078, -0.142 -0.9741 0.4095, -0.1455 -0.9741 0.4097, -0.1523 -0.9742 0.4089, -0.1586 -0.9744 0.4065, -0.1644 -0.9747 0.4025, -0.1691 -0.9752 0.3971, -0.1723 -0.9757 0.391, -0.1785 -0.9754 0.3948, -0.1836 -0.9749 0.4001, -0.1869 -0.9744 0.4058, -0.189 -0.9738 0.4127, -0.1893 -0.9734 0.4171, -0.1886 -0.9729 0.4228, -0.1885 -0.9728 0.424, -0.186 -0.9723 0.4303, -0.1821 -0.9718 0.436, -0.1772 -0.9714 0.4403, -0.1709 -0.9711 0.4437, -0.1639 -0.971 0.4453, -0.1609 -0.971 0.4455, -0.1542 -0.971 0.4446, -0.1478 -0.9712 0.4423, -0.1458 -0.9713 0.4412, -0.1414 -0.9706 0.4502, -0.135 -0.9699 0.4578, -0.1274 -0.9694 0.4633, -0.1181 -0.9691 0.4671, -0.1076 -0.969 0.4684, -0.098 -0.9691 0.4673, -0.0891 -0.9694 0.4639, -0.0811 -0.9698 0.4583, -0.0804 -0.9699 0.4577, -0.0739 -0.9706 0.4501, -0.0695 -0.9714 0.4409, -0.0678 -0.9721 0.433, -0.0655 -0.9721 0.433, -0.0601 -0.9721 0.4323, -0.0551 -0.9723 0.4304, -0.0507 -0.9725 0.4273, -0.0475 -0.9729 0.4237, -0.047 -0.9729 0.4228, -0.0448 -0.9733 0.4188, -0.0435 -0.9738 0.4134, -0.0433 -0.974 0.4109, -0.044 -0.9745 0.4054, -0.046 -0.9749 0.4003, -0.0491 -0.9753 0.3959, -0.0495 -0.9753 0.3955, -0.0537 -0.9756 0.3921, -0.0587 -0.9758 0.3897, -0.0638 -0.9759 0.3888, -0.0766 -0.9759 0.3888, -0.0772 -0.9759 0.3888, -0.078 -0.9759 0.389, -0.0783 -0.9759 0.389, -0.0805 -0.9759 0.3888, -0.0825 -0.976 0.388, -0.0842 -0.9761 0.3868, -0.0854 -0.9762 0.3855, -0.0865 -0.9764 0.3835, -0.0871 -0.9766 0.3814, -0.0871 -0.9767 0.3803, -0.0869 -0.9769 0.3781, -0.0861 -0.977 0.3762, -0.0849 -0.9772 0.3744, -0.0842 -0.9772 0.3738, -0.0824 -0.9774 0.3725, -0.0805 -0.9774 0.3717, -0.0789 -0.9774 0.3715, -0.0621 -0.9774 0.3715, -0.0526 -0.9773 0.3735, -0.0439 -0.9769 0.3777, -0.0362 -0.9763 0.3842, -0.0305 -0.9756 0.3921, -0.027 -0.9749 0.4011, -0.1458 -0.9757 0.3919, -0.1434 -0.9757 0.3916, -0.1408 -0.9758 0.3907, -0.1385 -0.9759 0.3891, -0.1366 -0.9761 0.3871, -0.1354 -0.9763 0.3848, -0.1348 -0.9765 0.3821, -0.1348 -0.9767 0.3796, -0.1354 -0.977 0.3768, -0.1368 -0.9772 0.3744, -0.1383 -0.9773 0.3727, -0.1405 -0.9775 0.3711, -0.1429 -0.9776 0.3701, -0.1458 -0.9776 0.3698, -0.1463 -0.9776 0.3698, -0.1488 -0.9776 0.3702, -0.1514 -0.9775 0.3713, -0.1536 -0.9773 0.373, -0.1552 -0.9771 0.375, -0.1563 -0.9769 0.3774, -0.1569 -0.9767 0.38, -0.1567 -0.9764 0.3828, -0.1559 -0.9762 0.3854, -0.1544 -0.976 0.3878, -0.1533 -0.9759 0.389, -0.1511 -0.9758 0.3905, -0.1486 -0.9757 0.3915
            ]
        }
        coordIndex [
            0,1,2,-1,3,4,5,-1,6,7,8,-1,9,10,11,-1,12,11,13,-1,13,11,14,-1,2,1,15,-1,16,17,18,-1,18,17,19,-1,18,19,20,-1,20,19,21,-1,20,21,5,-1,5,21,22,-1,5,22,3,-1,23,9,24,-1,24,9,11,-1,24,11,25,-1,25,11,12,-1,26,27,28,-1,28,27,29,-1,28,29,30,-1,30,29,31,-1,30,31,32,-1,32,31,33,-1,6,8,34,-1,34,8,35,-1,34,35,36,-1,36,35,37,-1,36,37,38,-1,1,39,15,-1,15,39,40,-1,15,40,41,-1,41,40,42,-1,41,42,6,-1,6,42,43,-1,6,43,7,-1,44,45,21,-1,21,45,46,-1,21,46,47,-1,47,46,48,-1,47,48,49,-1,49,48,50,-1,49,50,51,-1,51,50,52,-1,51,52,53,-1,53,52,54,-1,53,54,55,-1,55,54,56,-1,55,56,24,-1,24,56,57,-1,24,57,23,-1,58,59,19,-1,19,59,60,-1,19,60,21,-1,21,60,61,-1,21,61,44,-1,62,63,64,-1,64,63,65,-1,64,65,66,-1,66,65,67,-1,66,67,68,-1,68,67,69,-1,68,69,70,-1,70,69,71,-1,70,71,72,-1,10,73,11,-1,11,73,74,-1,11,74,75,-1,75,74,76,-1,75,76,77,-1,77,76,78,-1,77,78,79,-1,79,78,80,-1,79,80,81,-1,81,80,82,-1,81,82,83,-1,83,82,84,-1,83,84,85,-1,85,84,86,-1,85,86,87,-1,87,86,88,-1,87,88,89,-1,89,88,90,-1,89,90,19,-1,19,90,91,-1,19,91,58,-1,31,92,33,-1,33,92,93,-1,33,93,94,-1,94,93,95,-1,94,95,96,-1,96,95,97,-1,96,97,98,-1,98,97,99,-1,98,99,100,-1,100,99,101,-1,100,101,102,-1,102,101,103,-1,102,103,62,-1,62,103,104,-1,62,104,63,-1,105,106,107,-1,107,106,108,-1,107,108,28,-1,28,108,109,-1,28,109,26,-1,110,111,112,-1,112,111,113,-1,112,113,114,-1,114,113,115,-1,114,115,116,-1,116,115,117,-1,116,117,118,-1,118,117,119,-1,118,119,14,-1,14,119,120,-1,14,120,13,-1,38,37,121,-1,121,37,122,-1,121,122,123,-1,123,122,124,-1,123,124,125,-1,125,124,126,-1,125,126,127,-1,127,126,128,-1,127,128,105,-1,105,128,129,-1,105,129,106,-1,2,130,0,-1,0,130,131,-1,0,131,132,-1,132,131,133,-1,132,133,134,-1,134,133,135,-1,134,135,110,-1,110,135,136,-1,110,136,111,-1,137,138,139,-1,71,140,72,-1,72,140,137,-1,72,137,141,-1,141,137,139,-1,142,143,137,-1,137,143,144,-1,137,144,138,-1,145,146,147,-1,146,148,147,-1,147,148,149,-1,147,149,150,-1,142,137,147,-1,147,137,151,-1,147,151,145,-1,98,152,153,-1,98,153,96,-1,96,153,154,-1,96,154,94,-1,154,155,94,-1,94,155,156,-1,94,156,33,-1,33,156,157,-1,33,157,32,-1,32,157,158,-1,32,158,30,-1,30,158,159,-1,30,159,28,-1,28,159,160,-1,28,160,107,-1,107,160,161,-1,107,161,105,-1,105,161,127,-1,127,161,162,-1,162,163,127,-1,127,163,164,-1,127,164,125,-1,125,164,165,-1,125,165,123,-1,166,36,167,-1,167,36,38,-1,167,38,168,-1,168,38,121,-1,168,121,169,-1,169,121,123,-1,169,123,165,-1,36,166,170,-1,36,170,34,-1,34,170,171,-1,34,171,6,-1,6,171,172,-1,6,172,41,-1,41,172,173,-1,41,173,15,-1,15,173,174,-1,15,174,2,-1,2,174,175,-1,2,175,130,-1,130,175,176,-1,130,176,131,-1,131,176,177,-1,131,177,133,-1,178,135,179,-1,179,135,133,-1,179,133,177,-1,180,111,178,-1,178,111,136,-1,178,136,135,-1,180,181,111,-1,111,181,182,-1,111,182,113,-1,113,182,183,-1,113,183,115,-1,115,183,184,-1,115,184,117,-1,117,184,185,-1,117,185,119,-1,119,185,186,-1,119,186,120,-1,120,186,187,-1,120,187,13,-1,13,187,188,-1,13,188,12,-1,12,188,189,-1,12,189,25,-1,189,190,25,-1,25,190,191,-1,25,191,24,-1,24,191,192,-1,24,192,55,-1,55,192,193,-1,55,193,53,-1,193,194,53,-1,53,194,195,-1,53,195,51,-1,51,195,196,-1,51,196,49,-1,197,20,5,-1,49,196,198,-1,49,198,47,-1,47,198,199,-1,47,199,21,-1,199,200,21,-1,21,200,201,-1,21,201,22,-1,22,201,202,-1,22,202,3,-1,3,202,203,-1,3,203,4,-1,4,203,204,-1,4,204,5,-1,5,204,205,-1,5,205,197,-1,18,20,206,-1,206,20,197,-1,16,18,207,-1,207,18,206,-1,17,16,208,-1,208,16,207,-1,19,17,209,-1,209,17,208,-1,19,209,210,-1,19,210,89,-1,89,210,211,-1,89,211,87,-1,87,211,212,-1,87,212,85,-1,85,212,213,-1,85,213,83,-1,83,213,214,-1,83,214,81,-1,81,214,215,-1,81,215,79,-1,79,215,216,-1,79,216,77,-1,77,216,217,-1,77,217,75,-1,75,217,218,-1,75,218,11,-1,11,218,219,-1,11,219,14,-1,14,219,220,-1,14,220,118,-1,118,220,221,-1,118,221,116,-1,116,221,222,-1,116,222,114,-1,114,222,223,-1,114,223,112,-1,223,224,112,-1,112,224,110,-1,224,225,110,-1,110,225,226,-1,110,226,134,-1,134,226,227,-1,134,227,132,-1,132,227,228,-1,132,228,0,-1,0,228,229,-1,0,229,1,-1,1,229,230,-1,1,230,39,-1,39,230,231,-1,39,231,40,-1,40,231,232,-1,40,232,42,-1,42,232,233,-1,42,233,43,-1,43,233,234,-1,43,234,7,-1,7,234,235,-1,7,235,8,-1,8,235,236,-1,8,236,35,-1,35,236,237,-1,35,237,37,-1,37,237,238,-1,37,238,122,-1,122,238,239,-1,122,239,124,-1,124,239,240,-1,124,240,126,-1,126,240,241,-1,126,241,128,-1,128,241,242,-1,128,242,129,-1,129,242,243,-1,129,243,106,-1,106,243,244,-1,106,244,108,-1,108,244,245,-1,108,245,109,-1,109,245,246,-1,109,246,26,-1,27,26,247,-1,247,26,246,-1,27,247,248,-1,27,248,29,-1,29,248,249,-1,29,249,31,-1,31,249,250,-1,31,250,92,-1,92,250,251,-1,92,251,93,-1,93,251,252,-1,93,252,95,-1,252,253,95,-1,95,253,254,-1,95,254,97,-1,97,254,255,-1,97,255,99,-1,99,255,256,-1,99,256,101,-1,101,256,257,-1,101,257,103,-1,103,257,258,-1,103,258,104,-1,104,258,259,-1,104,259,63,-1,63,259,260,-1,63,260,65,-1,65,260,261,-1,65,261,67,-1,67,261,262,-1,67,262,69,-1,71,69,263,-1,263,69,262,-1,71,263,264,-1,71,264,140,-1,140,264,265,-1,140,265,137,-1,137,265,266,-1,137,266,151,-1,151,266,267,-1,151,267,145,-1,145,267,268,-1,145,268,146,-1,146,268,269,-1,146,269,148,-1,148,269,270,-1,148,270,149,-1,149,270,271,-1,149,271,150,-1,150,271,272,-1,150,272,147,-1,147,272,273,-1,147,273,142,-1,142,273,274,-1,142,274,143,-1,143,274,275,-1,143,275,144,-1,144,275,276,-1,144,276,138,-1,138,276,277,-1,138,277,139,-1,139,277,278,-1,139,278,141,-1,141,278,279,-1,141,279,72,-1,72,279,280,-1,72,280,70,-1,68,70,281,-1,281,70,280,-1,68,281,282,-1,68,282,66,-1,66,282,283,-1,66,283,64,-1,64,283,284,-1,64,284,62,-1,62,284,285,-1,62,285,102,-1,102,285,286,-1,102,286,100,-1,100,286,152,-1,100,152,98,-1,84,287,288,-1,84,288,86,-1,86,288,289,-1,86,289,88,-1,88,289,290,-1,88,290,90,-1,90,290,291,-1,90,291,91,-1,91,291,292,-1,91,292,58,-1,58,292,293,-1,58,293,59,-1,59,293,294,-1,59,294,60,-1,60,294,295,-1,60,295,61,-1,61,295,296,-1,61,296,44,-1,44,296,297,-1,44,297,45,-1,45,297,298,-1,45,298,46,-1,46,298,299,-1,46,299,48,-1,48,299,300,-1,48,300,50,-1,50,300,301,-1,50,301,52,-1,52,301,302,-1,52,302,54,-1,54,302,303,-1,54,303,56,-1,56,303,304,-1,56,304,57,-1,57,304,305,-1,57,305,23,-1,23,305,306,-1,23,306,9,-1,9,306,307,-1,9,307,10,-1,10,307,308,-1,10,308,73,-1,73,308,309,-1,73,309,74,-1,74,309,310,-1,74,310,76,-1,76,310,311,-1,76,311,78,-1,78,311,312,-1,78,312,80,-1,80,312,313,-1,80,313,82,-1,82,313,287,-1,82,287,84,-1,
        ]
    }
}
Shape{
    appearance Appearance {
        material  Material {
            diffuseColor 0.8823529411764706 0.8823529411764706 0.8823529411764706
            specularColor 0.26666666666666666 0.26666666666666666 0.26666666666666666
            ambientIntensity 0.8824
            transparency 0.0
            shininess 0.5
        }
    }
    geometry IndexedFaceSet {
        ccw TRUE
        solid FALSE
        coord DEF co Coordinate {
            point [
                -0.1463 -0.9776 0.3698, -0.1533 -0.9759 0.389, -0.1544 -0.976 0.3878, -0.1429 -0.9776 0.3701, -0.1405 -0.9775 0.3711, -0.1434 -0.9757 0.3916, -0.1458 -0.9757 0.3919, -0.1486 -0.9757 0.3915, -0.1511 -0.9758 0.3905, -0.1563 -0.9769 0.3774, -0.1552 -0.9771 0.375, -0.1536 -0.9773 0.373, -0.1458 -0.9776 0.3698, -0.1559 -0.9762 0.3854, -0.1567 -0.9764 0.3828, -0.1569 -0.9767 0.38, -0.1514 -0.9775 0.3713, -0.1488 -0.9776 0.3702, -0.1383 -0.9773 0.3727, -0.1368 -0.9772 0.3744, -0.1354 -0.977 0.3768, -0.1348 -0.9767 0.3796, -0.1348 -0.9765 0.3821, -0.1354 -0.9763 0.3848, -0.1366 -0.9761 0.3871, -0.1385 -0.9759 0.3891, -0.1408 -0.9758 0.3907
            ]
        }
        coordIndex [
            0,1,2,-1,3,4,5,-1,6,7,0,-1,0,7,8,-1,0,8,1,-1,9,10,2,-1,2,10,11,-1,6,0,5,-1,5,0,12,-1,5,12,3,-1,13,14,2,-1,2,14,15,-1,2,15,9,-1,11,16,2,-1,2,16,17,-1,2,17,0,-1,4,18,5,-1,5,18,19,-1,5,19,20,-1,20,21,5,-1,5,21,22,-1,5,22,23,-1,23,24,5,-1,5,24,25,-1,5,25,26,-1,
        ]
    }
}