#VRML V2.0 utf8
# 3D model generated by kicad-lcsc-manager
# Based on easyeda2kicad.py v1.0.1

Shape{
    appearance Appearance {
        material  Material {
            diffuseColor 0.25098039215686274 0.25098039215686274 0.25098039215686274
            specularColor 0.12549019607843137 0.12549019607843137 0.12549019607843137
            ambientIntensity 0.251
            transparency 0.0
            shininess 0.5
        }
    }
    geometry IndexedFaceSet {
        ccw TRUE
        solid FALSE
        coord DEF co Coordinate {
            point [
                0.0647 0.0331 0.0079, 0.0724 0.0322 0.0079, 0.0476 -0.0261 0.0079, 0.0852 -0.0353 0.0079, 0.1115 -0.038 0.0079, 0.0776 -0.0379 0.0079, 0.0725 -0.0385 0.0079, 0.0551 0.0318 0.0079, 0.0462 -0.0253 0.0079, 0.0462 0.028 0.0079, 0.0385 0.689 0.0079, 0.0462 0.0386 0.0079, 0.0783 0.0301 0.0079, 0.0838 0.0264 0.0079, 0.0885 0.0212 0.0079, 0.0942 0.0005 0.0079, 0.0934 -0.008 0.0079, 0.0913 -0.0148 0.0079, 0.0738 -0.0295 0.0079, 0.0664 -0.0303 0.0079, 0.0795 -0.0274 0.0079, 0.0843 -0.0241 0.0079, 0.088 -0.0202 0.0079, 0.056 -0.0292 0.0079, 0.1006 0.02 0.0079, 0.096 0.0274 0.0079, 0.1413 0.0407 0.0079, 0.1519 0.0407 0.0079, 1.378 0.689 0.0079, 0.1519 -0.038 0.0079, 1.378 -0.0385 0.0079, 0.0918 0.0151 0.0079, 0.0939 0.0067 0.0079, 0.0916 -0.0313 0.0079, 0.0975 -0.025 0.0079, 0.1115 -0.0294 0.0079, 0.1017 -0.0176 0.0079, 0.1413 -0.0294 0.0079, 0.0889 0.0342 0.0079, 0.0814 0.0385 0.0079, 0.0727 0.0411 0.0079, 0.104 -0.0092 0.0079, 0.1048 -0.0001 0.0079, 0.1037 0.0111 0.0079, 0.0648 0.0417 0.0079, 0.0553 0.0411 0.0079, 0.0462 -0.0339 0.0079, 0.0546 -0.0374 0.0079, 0.0385 -0.0385 0.0079, 0.0626 -0.0385 0.0079, 0.0385 -0.689 0.0079, 0.0657 -0.0389 0.0079, 1.378 -0.689 0.0079, 0.0679 -0.039 0.0079, -0.0268 -0.038 0.0079, -0.0114 -0.0294 0.0079, -0.0114 -0.038 0.0079, 0.0309 -0.038 0.0079, 0.0309 0.0407 0.0079, -0.0095 0.0407 0.0079, -1.378 0.689 0.0079, -0.0959 -0.038 0.0079, -0.0862 -0.0164 0.0079, -0.0817 -0.0235 0.0079, -1.378 -0.0385 0.0079, -0.1362 0.0407 0.0079, 0.0203 0.0321 0.0079, 0.0203 0.0062 0.0079, -0.0095 0.0321 0.0079, -0.0075 0.0062 0.0079, -0.0075 -0.0025 0.0079, 0.0203 -0.0025 0.0079, 0.0203 -0.0294 0.0079, -0.0752 -0.0297 0.0079, -0.067 -0.0344 0.0079, -0.0579 -0.0371 0.0079, -0.1257 0.0407 0.0079, -0.0268 0.0407 0.0079, -0.0603 0.0395 0.0079, -0.0696 0.0363 0.0079, -0.0781 0.0306 0.0079, -0.049 0.0407 0.0079, -0.0782 0.0305 0.0079, -0.0838 0.0243 0.0079, -0.0874 0.0175 0.0079, -0.0896 0.0098 0.0079, -0.0901 0.0024 0.0079, -0.089 -0.0082 0.0079, -0.1669 -0.038 0.0079, -0.1554 -0.038 0.0079, -0.0482 -0.038 0.0079, -0.1475 -0.0159 0.0079, -0.1149 -0.0159 0.0079, -0.1074 -0.038 0.0079, -1.378 -0.689 0.0079, 0.3028 -0.6422 0.4016, 0.8975 -0.6422 0.4016, 0.8975 -0.2938 0.4016, 0.8975 -0.689 0.4016, 1.378 -0.689 0.4016, 1.378 -0.6422 0.4016, -0.0842 -0.0605 0.4016, -0.1198 -0.0605 0.4016, -0.0919 -0.0806 0.4016, -0.1681 -0.0606 0.4016, -0.2609 -0.2938 0.4016, -0.1676 -0.0605 0.4016, -0.1522 -0.0605 0.4016, -0.1556 -0.0579 0.4016, -0.1145 -0.0226 0.4016, -0.1259 -0.0392 0.4016, -0.1445 0.0925 0.4016, -0.0842 0.0989 0.4016, -0.1594 0.0978 0.4016, -0.1697 0.0989 0.4016, -0.131 -0.0441 0.4016, -0.1364 -0.0484 0.4016, -0.1308 0.0833 0.4016, -0.1191 0.0702 0.4016, -0.1109 0.0544 0.4016, -0.1065 0.0369 0.4016, -0.1054 0.0211 0.4016, -0.1083 -0.0056 0.4016, -0.1784 0.0999 0.4016, -0.0842 0.689 0.4016, -0.1896 0.0989 0.4016, -0.2609 0.689 0.4016, -0.2472 0.0583 0.4016, -0.2382 0.0731 0.4016, -0.2609 0.0989 0.4016, -0.226 0.0853 0.4016, -0.2115 0.0938 0.4016, -0.1955 0.0984 0.4016, -0.181 -0.0614 0.4016, -0.19 -0.0605 0.4016, -0.2609 -0.0605 0.4016, -0.2003 -0.0594 0.4016, -0.2151 -0.0543 0.4016, -0.2279 -0.0461 0.4016, -0.2392 -0.0344 0.4016, -0.248 -0.0197 0.4016, -0.2533 -0.0027 0.4016, -0.2552 0.0174 0.4016, -0.253 0.0401 0.4016, 0.4037 0.0957 0.4016, 0.4074 0.0937 0.4016, 0.8975 0.0989 0.4016, 0.3946 0.0986 0.4016, 0.3835 0.0391 0.4016, 0.3929 0.0358 0.4016, 0.4074 0.0764 0.4016, 0.4016 0.03 0.4016, 0.4084 0.0224 0.4016, 0.4134 0.0129 0.4016, 0.4165 0.0003 0.4016, 0.4155 -0.0227 0.4016, 0.4115 -0.0342 0.4016, 0.8975 -0.0605 0.4016, 0.4052 -0.0439 0.4016, 0.3972 -0.0517 0.4016, 0.417 -0.0085 0.4016, 0.3351 0.0179 0.4016, 0.3356 0.0179 0.4016, 0.3363 0.0347 0.4016, 0.3414 0.0268 0.4016, 0.3411 0.0528 0.4016, 0.3478 0.033 0.4016, 0.3474 0.0646 0.4016, 0.3553 0.0373 0.4016, 0.3551 0.0732 0.4016, 0.3635 0.0397 0.4016, 0.3629 0.0784 0.4016, 0.3717 0.0404 0.4016, 0.3947 0.081 0.4016, 0.3813 0.0826 0.4016, 0.3711 0.0815 0.4016, 0.3914 0.0989 0.4016, 0.8975 0.689 0.4016, 0.3028 0.689 0.4016, 0.3028 -0.0605 0.4016, 0.3533 -0.0598 0.4016, 0.3439 -0.0561 0.4016, 0.3547 0.094 0.4016, 0.3679 0.0986 0.4016, 0.3028 0.0989 0.4016, 0.3713 0.0989 0.4016, 0.3809 0.0999 0.4016, 0.3354 -0.05 0.4016, 0.3284 -0.042 0.4016, 0.3216 -0.0295 0.4016, 0.3243 0.0598 0.4016, 0.3336 0.0759 0.4016, 0.3438 0.0869 0.4016, 0.3165 -0.0095 0.4016, 0.3152 0.0099 0.4016, 0.3178 0.0383 0.4016, 0.3774 -0.0605 0.4016, 0.3773 -0.0605 0.4016, 0.3028 -0.2938 0.4016, 0.3668 -0.0614 0.4016, 0.359 -0.0605 0.4016, 0.1808 -0.0605 0.4016, 0.2038 0.0706 0.4016, 0.1808 0.0989 0.4016, 0.2038 0.0879 0.4016, 0.216 0.0951 0.4016, 0.2156 -0.0597 0.4016, 0.202 -0.0554 0.4016, 0.2134 0.0308 0.4016, 0.1981 -0.0321 0.4016, 0.2134 0.0135 0.4016, 0.211 -0.0396 0.4016, 0.2265 0.0135 0.4016, 0.2244 -0.0434 0.4016, 0.2342 -0.0441 0.4016, 0.2414 0.0124 0.4016, 0.2529 0.0092 0.4016, 0.1981 -0.0533 0.4016, 0.2126 0.0767 0.4016, 0.2258 0.0308 0.4016, 0.2237 0.0812 0.4016, 0.2388 0.0317 0.4016, 0.2634 0.057 0.4016, 0.2634 0.0577 0.4016, 0.2446 -0.0432 0.4016, 0.2691 -0.0156 0.4016, 0.2684 -0.0085 0.4016, 0.2666 -0.0031 0.4016, 0.2526 -0.0408 0.4016, 0.2583 -0.0375 0.4016, 0.2685 -0.0218 0.4016, 0.2629 -0.0333 0.4016, 0.2665 -0.0279 0.4016, 0.2476 0.0341 0.4016, 0.2539 0.0374 0.4016, 0.2578 0.041 0.4016, 0.2606 0.045 0.4016, 0.2624 0.0499 0.4016, 0.2532 0.0785 0.4016, 0.2477 0.0809 0.4016, 0.2628 0.0642 0.4016, 0.2385 0.0825 0.4016, 0.2347 0.0826 0.4016, 0.2635 0.0017 0.4016, 0.2594 0.0056 0.4016, 0.256 0.0765 0.4016, 0.2613 0.0693 0.4016, 0.2591 0.0732 0.4016, 0.2463 -0.0605 0.4016, 0.2449 -0.0608 0.4016, 0.2342 -0.0614 0.4016, 0.1808 -0.2938 0.4016, 0.2237 -0.0605 0.4016, 0.2853 -0.0357 0.4016, 0.2795 -0.0441 0.4016, 0.2888 -0.0265 0.4016, 0.2707 -0.0517 0.4016, 0.26 -0.0572 0.4016, 0.2852 0.0046 0.4016, 0.2803 0.0108 0.4016, 0.2728 0.0167 0.4016, 0.2886 -0.003 0.4016, 0.2902 -0.0112 0.4016, 0.2903 -0.0143 0.4016, 0.277 0.0847 0.4016, 0.2707 0.0908 0.4016, 0.2628 0.0955 0.4016, 0.2811 0.0783 0.4016, 0.2837 0.0709 0.4016, 0.2845 0.0626 0.4016, 0.2835 0.0526 0.4016, 0.2808 0.0445 0.4016, 0.2766 0.0377 0.4016, 0.2523 0.0234 0.4016, 0.2523 0.023 0.4016, 0.2558 0.0244 0.4016, 0.264 0.0206 0.4016, 0.2673 0.0296 0.4016, 0.274 0.0348 0.4016, 0.2288 0.0989 0.4016, 0.2289 0.099 0.4016, 0.1808 0.689 0.4016, 0.2399 0.0999 0.4016, 0.2501 0.0989 0.4016, 0.2526 0.0987 0.4016, -0.7995 -0.689 0.4016, -0.7995 -0.6422 0.4016, -1.378 -0.689 0.4016, -1.378 -0.6422 0.4016, 0.3028 -0.689 0.4016, 0.1808 -0.689 0.4016, -1.2623 -0.5895 0.4016, -1.2715 -0.5825 0.4016, -1.2785 -0.5733 0.4016, -1.1974 -0.5626 0.4016, -1.2018 -0.5733 0.4016, -1.2089 -0.5825 0.4016, -1.218 -0.5895 0.4016, -1.2785 -0.5291 0.4016, -1.2715 -0.5199 0.4016, -1.378 -0.2938 0.4016, -1.2829 -0.5626 0.4016, -1.2844 -0.5512 0.4016, -1.2829 -0.5397 0.4016, -1.2287 -0.5939 0.4016, -1.2402 -0.5954 0.4016, -1.2516 -0.5939 0.4016, -1.2089 -0.5199 0.4016, -1.2018 -0.5291 0.4016, -0.7995 -0.2938 0.4016, -1.1974 -0.5397 0.4016, -1.1959 -0.5512 0.4016, -1.2623 -0.5129 0.4016, -1.2516 -0.5084 0.4016, -1.2402 -0.5069 0.4016, -1.2287 -0.5084 0.4016, -1.218 -0.5129 0.4016, -0.0842 -0.2938 0.4016, -0.2609 -0.6422 0.4016, -0.2609 -0.689 0.4016, -0.0842 -0.689 0.4016, -0.0842 -0.6422 0.4016, 0.0195 -0.6422 0.4016, 0.0195 -0.2938 0.4016, 0.0195 -0.689 0.4016, 0.1808 -0.6422 0.4016, 0.3881 -0.0571 0.4016, 0.0195 -0.0605 0.4016, -0.1255 -0.0806 0.4016, -0.7995 -0.0605 0.4016, -1.378 -0.0605 0.4016, -0.7995 0.0989 0.4016, -1.378 0.0989 0.4016, -0.2878 0.098 0.4016, -0.2667 0.098 0.4016, -0.3224 -0.0595 0.4016, -0.3454 -0.0595 0.4016, -0.3338 -0.0384 0.4016, -0.3333 -0.0384 0.4016, -0.335 -0.0313 0.4016, -0.332 -0.0312 0.4016, -0.337 -0.0243 0.4016, -0.3298 -0.0241 0.4016, -0.38 0.098 0.4016, -0.403 0.098 0.4016, 0.0041 0.098 0.4016, 0.0195 0.0989 0.4016, 0.0041 0.0807 0.4016, -0.0554 0.0807 0.4016, -0.0554 0.0269 0.4016, 0.0003 0.0269 0.4016, 0.0003 0.0096 0.4016, -0.0554 0.0096 0.4016, -0.0554 -0.0595 0.4016, -0.0765 -0.0595 0.4016, -0.0765 0.098 0.4016, 0.056 -0.0595 0.4016, 0.0348 -0.0595 0.4016, 0.0348 0.098 0.4016, 0.056 0.073 0.4016, 0.0553 0.073 0.4016, 0.0584 0.0678 0.4016, 0.0559 0.062 0.4016, 0.0612 0.0627 0.4016, 0.1385 -0.0595 0.4016, 0.056 0.051 0.4016, 0.0617 0.098 0.4016, 0.1424 0.098 0.4016, 0.1635 0.098 0.4016, 0.1635 -0.0595 0.4016, 0.143 -0.0326 0.4016, 0.1434 -0.0326 0.4016, 0.14 -0.0271 0.4016, 0.1426 -0.0212 0.4016, 0.1367 -0.0218 0.4016, 0.1424 -0.0098 0.4016, -0.7995 0.689 0.4016, -1.378 0.689 0.4016, 0.0195 0.689 0.4016, 1.378 -0.2938 0.4016, 1.378 -0.0605 0.4016, 1.378 0.0989 0.4016, 1.378 0.689 0.4016, 0.2362 -0.689 0.0551, 0.1575 -0.689 0.0551, 0.1575 -0.689 0.0787, -0.2362 -0.689 0.0551, -0.2362 -0.689 0.0787, 0.2362 -0.689 0.0787, -0.1575 -0.689 0.0551, -0.1575 -0.689 0.0787
            ]
        }
        coordIndex [
            0,1,2,-1,3,4,5,-1,5,4,6,-1,0,2,7,-1,7,2,8,-1,7,8,9,-1,9,8,10,-1,9,10,11,-1,1,12,2,-1,2,12,13,-1,2,13,14,-1,15,16,2,-1,2,16,17,-1,18,19,20,-1,20,19,21,-1,17,22,2,-1,2,22,21,-1,2,21,23,-1,23,21,19,-1,24,25,26,-1,26,25,10,-1,26,10,27,-1,27,10,28,-1,27,28,29,-1,29,28,30,-1,14,31,2,-1,2,31,32,-1,2,32,15,-1,3,33,4,-1,4,33,34,-1,4,34,35,-1,35,34,36,-1,35,36,37,-1,25,38,10,-1,10,38,39,-1,10,39,40,-1,36,41,37,-1,37,41,42,-1,37,42,26,-1,26,42,43,-1,26,43,24,-1,40,44,10,-1,10,44,45,-1,10,45,11,-1,46,47,48,-1,48,47,49,-1,48,49,50,-1,50,49,51,-1,50,51,52,-1,52,51,53,-1,52,53,30,-1,30,53,6,-1,30,6,29,-1,29,6,4,-1,54,55,56,-1,48,57,58,-1,59,60,58,-1,58,60,10,-1,58,10,48,-1,48,10,8,-1,48,8,46,-1,61,62,63,-1,64,60,65,-1,66,67,68,-1,68,67,69,-1,70,71,72,-1,63,73,61,-1,61,73,74,-1,61,74,75,-1,65,60,76,-1,72,55,70,-1,70,55,54,-1,70,54,69,-1,69,54,77,-1,69,77,68,-1,78,79,76,-1,76,79,80,-1,78,76,81,-1,81,76,60,-1,81,60,77,-1,77,60,59,-1,77,59,68,-1,80,82,76,-1,76,82,83,-1,76,83,84,-1,84,85,76,-1,76,85,86,-1,76,86,61,-1,61,86,87,-1,61,87,62,-1,88,89,48,-1,90,54,48,-1,48,54,56,-1,48,56,57,-1,91,92,89,-1,89,92,93,-1,89,93,48,-1,48,93,61,-1,48,61,90,-1,90,61,75,-1,65,88,64,-1,64,88,48,-1,64,48,94,-1,94,48,50,-1,95,96,97,-1,98,99,100,-1,101,102,103,-1,104,105,106,-1,106,105,107,-1,106,107,108,-1,101,109,110,-1,111,112,113,-1,113,112,114,-1,101,110,102,-1,102,110,115,-1,102,115,116,-1,111,117,112,-1,112,117,118,-1,112,118,119,-1,119,120,112,-1,112,120,121,-1,112,121,101,-1,101,121,122,-1,101,122,109,-1,123,124,125,-1,125,124,126,-1,127,128,129,-1,128,130,129,-1,129,130,131,-1,129,131,132,-1,104,133,105,-1,105,133,134,-1,105,134,135,-1,135,134,136,-1,135,136,137,-1,137,138,135,-1,135,138,139,-1,135,139,140,-1,140,141,135,-1,135,141,142,-1,135,142,129,-1,129,142,143,-1,129,143,127,-1,144,145,146,-1,144,146,147,-1,148,149,150,-1,150,149,151,-1,151,152,150,-1,150,152,153,-1,150,153,154,-1,155,156,157,-1,157,156,158,-1,157,158,159,-1,145,150,146,-1,146,150,154,-1,146,154,157,-1,157,154,160,-1,157,160,155,-1,161,162,163,-1,163,162,164,-1,163,164,165,-1,165,164,166,-1,165,166,167,-1,167,166,168,-1,167,168,169,-1,169,168,170,-1,169,170,171,-1,171,170,172,-1,150,173,148,-1,148,173,174,-1,148,174,172,-1,172,174,175,-1,172,175,171,-1,147,146,176,-1,176,146,177,-1,176,177,178,-1,179,180,181,-1,182,183,184,-1,184,183,185,-1,184,185,178,-1,178,185,186,-1,178,186,176,-1,181,187,179,-1,179,187,188,-1,179,188,189,-1,190,191,184,-1,184,191,192,-1,184,192,182,-1,189,193,179,-1,179,193,194,-1,179,194,184,-1,184,194,195,-1,184,195,190,-1,196,197,198,-1,198,197,199,-1,198,199,200,-1,201,202,203,-1,203,202,204,-1,203,204,205,-1,201,206,207,-1,208,209,210,-1,210,209,211,-1,210,211,212,-1,211,213,212,-1,212,213,214,-1,212,214,215,-1,215,214,216,-1,207,217,201,-1,201,217,209,-1,201,209,202,-1,202,209,208,-1,202,208,218,-1,218,208,219,-1,218,219,220,-1,220,219,221,-1,220,222,223,-1,224,225,214,-1,214,225,226,-1,214,226,227,-1,224,228,225,-1,225,228,229,-1,225,229,230,-1,230,229,231,-1,230,231,232,-1,221,233,220,-1,220,233,234,-1,220,234,235,-1,235,236,220,-1,220,236,237,-1,220,237,222,-1,238,239,240,-1,240,239,241,-1,240,241,223,-1,223,241,242,-1,223,242,220,-1,227,243,214,-1,214,243,244,-1,214,244,216,-1,238,240,245,-1,245,240,246,-1,245,246,247,-1,248,198,179,-1,179,198,200,-1,179,200,180,-1,249,250,251,-1,251,250,252,-1,253,254,179,-1,253,179,255,-1,254,256,179,-1,179,256,257,-1,179,257,248,-1,258,184,259,-1,259,184,260,-1,258,261,184,-1,184,261,262,-1,184,262,179,-1,179,262,263,-1,179,263,255,-1,264,184,265,-1,265,184,266,-1,264,267,184,-1,184,267,268,-1,184,268,269,-1,269,270,184,-1,184,270,271,-1,184,271,260,-1,260,271,272,-1,273,274,275,-1,275,274,276,-1,275,276,277,-1,277,276,260,-1,277,260,278,-1,278,260,272,-1,279,280,281,-1,281,280,178,-1,280,282,178,-1,178,282,283,-1,178,283,184,-1,184,283,284,-1,184,284,266,-1,285,286,287,-1,287,286,288,-1,98,96,289,-1,289,96,95,-1,289,95,290,-1,291,292,288,-1,288,292,293,-1,294,295,286,-1,286,295,296,-1,286,296,297,-1,298,299,300,-1,293,301,288,-1,288,301,302,-1,288,302,300,-1,300,302,303,-1,300,303,298,-1,297,304,286,-1,286,304,305,-1,286,305,288,-1,288,305,306,-1,288,306,291,-1,307,308,309,-1,309,308,310,-1,309,310,286,-1,286,310,311,-1,286,311,294,-1,299,312,300,-1,300,312,313,-1,300,313,314,-1,314,315,309,-1,309,315,316,-1,309,316,307,-1,317,105,318,-1,319,320,321,-1,321,320,322,-1,321,322,323,-1,323,322,251,-1,323,251,201,-1,201,251,252,-1,201,252,206,-1,320,324,322,-1,322,324,325,-1,322,325,251,-1,251,325,198,-1,251,198,249,-1,249,198,248,-1,324,290,325,-1,325,290,95,-1,325,95,198,-1,198,95,97,-1,198,97,196,-1,196,97,157,-1,196,157,326,-1,326,157,159,-1,327,101,317,-1,317,101,103,-1,317,103,105,-1,105,103,328,-1,105,328,107,-1,314,309,300,-1,300,309,329,-1,300,329,330,-1,330,329,331,-1,330,331,332,-1,333,334,129,-1,129,334,135,-1,135,334,335,-1,135,335,336,-1,337,338,339,-1,339,338,340,-1,339,340,341,-1,341,340,342,-1,341,342,343,-1,342,333,343,-1,343,333,129,-1,343,129,344,-1,344,129,331,-1,344,331,336,-1,336,331,329,-1,336,329,135,-1,135,329,309,-1,135,309,105,-1,105,309,286,-1,105,286,318,-1,318,286,285,-1,112,345,346,-1,346,345,347,-1,347,348,349,-1,327,350,351,-1,351,352,327,-1,327,352,353,-1,327,353,101,-1,101,353,354,-1,101,354,112,-1,112,354,355,-1,112,355,345,-1,356,357,327,-1,349,350,347,-1,347,350,327,-1,347,327,346,-1,346,327,357,-1,346,357,358,-1,359,360,361,-1,361,360,362,-1,361,362,363,-1,363,362,364,-1,285,319,318,-1,318,319,321,-1,318,321,317,-1,317,321,323,-1,317,323,327,-1,327,323,201,-1,327,201,356,-1,356,201,364,-1,356,364,365,-1,365,364,362,-1,358,366,346,-1,346,366,367,-1,346,367,203,-1,203,367,368,-1,203,368,201,-1,201,368,369,-1,201,369,364,-1,370,371,372,-1,372,371,373,-1,372,373,374,-1,374,373,366,-1,366,373,375,-1,366,375,367,-1,132,125,129,-1,129,125,126,-1,129,126,331,-1,331,126,376,-1,331,376,332,-1,332,376,377,-1,205,279,203,-1,203,279,281,-1,203,281,346,-1,346,281,378,-1,346,378,112,-1,112,378,124,-1,112,124,114,-1,114,124,123,-1,98,100,96,-1,96,100,379,-1,96,379,97,-1,97,379,380,-1,97,380,157,-1,157,380,381,-1,157,381,146,-1,146,381,382,-1,146,382,177,-1,382,381,28,-1,28,381,30,-1,381,380,30,-1,30,380,379,-1,30,379,52,-1,52,379,100,-1,52,100,99,-1,124,378,10,-1,60,377,376,-1,60,376,10,-1,10,376,126,-1,10,126,124,-1,378,281,10,-1,10,281,178,-1,10,178,28,-1,28,178,177,-1,28,177,382,-1,94,287,288,-1,377,60,332,-1,332,60,64,-1,332,64,330,-1,94,288,64,-1,64,288,300,-1,64,300,330,-1,52,99,98,-1,383,384,50,-1,50,384,385,-1,285,287,94,-1,386,387,285,-1,285,387,319,-1,50,52,383,-1,383,52,98,-1,383,98,388,-1,388,98,289,-1,388,289,385,-1,385,289,290,-1,385,290,324,-1,285,94,386,-1,386,94,50,-1,386,50,389,-1,389,50,385,-1,389,385,390,-1,387,390,319,-1,319,390,385,-1,319,385,320,-1,320,385,324,-1,
        ]
    }
}
Shape{
    appearance Appearance {
        material  Material {
            diffuseColor 0.6666666666666666 0.6666666666666666 0.6666666666666666
            specularColor 0.3333333333333333 0.3333333333333333 0.3333333333333333
            ambientIntensity 0.6667
            transparency 0.0
            shininess 0.5
        }
    }
    geometry IndexedFaceSet {
        ccw TRUE
        solid FALSE
        coord DEF co Coordinate {
            point [
                -0.2878 0.098 0.3976, -0.2667 0.098 0.3976, -0.2878 0.098 0.4016, -0.2667 0.098 0.4016, -0.3224 -0.0595 0.3976, -0.3224 -0.0595 0.4016, -0.3454 -0.0595 0.3976, -0.3454 -0.0595 0.4016, -0.403 0.098 0.3976, -0.403 0.098 0.4016, -0.38 0.098 0.3976, -0.38 0.098 0.4016, -0.337 -0.0243 0.3976, -0.337 -0.0243 0.4016, -0.3338 -0.0384 0.3976, -0.3338 -0.0384 0.4016, -0.335 -0.0313 0.4016, -0.335 -0.0313 0.3976, -0.3333 -0.0384 0.3976, -0.3333 -0.0384 0.4016, -0.3298 -0.0241 0.3976, -0.3298 -0.0241 0.4016, -0.332 -0.0312 0.4016, -0.332 -0.0312 0.3976, -1.1959 -0.5512 0.3976, -1.1959 -0.5512 0.4016, -1.1974 -0.5397 0.3976, -1.1974 -0.5397 0.4016, -1.2018 -0.5291 0.3976, -1.2018 -0.5291 0.4016, -1.2089 -0.5199 0.3976, -1.2089 -0.5199 0.4016, -1.218 -0.5129 0.3976, -1.218 -0.5129 0.4016, -1.2287 -0.5084 0.3976, -1.2287 -0.5084 0.4016, -1.2402 -0.5069 0.3976, -1.2402 -0.5069 0.4016, -1.2516 -0.5084 0.3976, -1.2516 -0.5084 0.4016, -1.2623 -0.5129 0.3976, -1.2623 -0.5129 0.4016, -1.2715 -0.5199 0.3976, -1.2715 -0.5199 0.4016, -1.2785 -0.5291 0.3976, -1.2785 -0.5291 0.4016, -1.2829 -0.5397 0.3976, -1.2829 -0.5397 0.4016, -1.2844 -0.5512 0.3976, -1.2844 -0.5512 0.4016, -1.2829 -0.5626 0.3976, -1.2829 -0.5626 0.4016, -1.2785 -0.5733 0.3976, -1.2785 -0.5733 0.4016, -1.2715 -0.5825 0.3976, -1.2715 -0.5825 0.4016, -1.2623 -0.5895 0.3976, -1.2623 -0.5895 0.4016, -1.2516 -0.5939 0.3976, -1.2516 -0.5939 0.4016, -1.2402 -0.5954 0.3976, -1.2402 -0.5954 0.4016, -1.2287 -0.5939 0.3976, -1.2287 -0.5939 0.4016, -1.218 -0.5895 0.3976, -1.218 -0.5895 0.4016, -1.2089 -0.5825 0.3976, -1.2089 -0.5825 0.4016, -1.2018 -0.5733 0.3976, -1.2018 -0.5733 0.4016, -1.1974 -0.5626 0.3976, -1.1974 -0.5626 0.4016, -1.2402 -0.5512 0.3976, 0.4074 0.0937 0.3976, 0.4074 0.0764 0.3976, 0.4074 0.0937 0.4016, 0.4074 0.0764 0.4016, 0.3813 0.0826 0.3976, 0.3813 0.0826 0.4016, 0.3947 0.081 0.4016, 0.3947 0.081 0.3976, 0.3351 0.0179 0.3976, 0.3351 0.0179 0.4016, 0.3363 0.0347 0.4016, 0.3363 0.0347 0.3976, 0.3411 0.0528 0.4016, 0.3411 0.0528 0.3976, 0.3474 0.0646 0.4016, 0.3474 0.0646 0.3976, 0.3551 0.0732 0.4016, 0.3551 0.0732 0.3976, 0.3629 0.0784 0.4016, 0.3629 0.0784 0.3976, 0.3711 0.0815 0.4016, 0.3711 0.0815 0.3976, 0.3356 0.0179 0.3976, 0.3356 0.0179 0.4016, 0.3717 0.0404 0.3976, 0.3717 0.0404 0.4016, 0.3635 0.0397 0.4016, 0.3635 0.0397 0.3976, 0.3553 0.0373 0.4016, 0.3553 0.0373 0.3976, 0.3478 0.033 0.4016, 0.3478 0.033 0.3976, 0.3414 0.0268 0.4016, 0.3414 0.0268 0.3976, 0.417 -0.0085 0.3976, 0.417 -0.0085 0.4016, 0.4165 0.0003 0.4016, 0.4165 0.0003 0.3976, 0.4134 0.0129 0.4016, 0.4134 0.0129 0.3976, 0.4084 0.0224 0.4016, 0.4084 0.0224 0.3976, 0.4016 0.03 0.4016, 0.4016 0.03 0.3976, 0.3929 0.0358 0.4016, 0.3929 0.0358 0.3976, 0.3835 0.0391 0.4016, 0.3835 0.0391 0.3976, 0.3668 -0.0614 0.3976, 0.3668 -0.0614 0.4016, 0.3773 -0.0605 0.4016, 0.3773 -0.0605 0.3976, 0.3774 -0.0605 0.4016, 0.3881 -0.0571 0.3976, 0.3881 -0.0571 0.4016, 0.3972 -0.0517 0.4016, 0.3972 -0.0517 0.3976, 0.4052 -0.0439 0.4016, 0.4052 -0.0439 0.3976, 0.4115 -0.0342 0.4016, 0.4115 -0.0342 0.3976, 0.4155 -0.0227 0.4016, 0.4155 -0.0227 0.3976, 0.359 -0.0605 0.4016, 0.3533 -0.0598 0.3976, 0.3533 -0.0598 0.4016, 0.3439 -0.0561 0.3976, 0.3439 -0.0561 0.4016, 0.3354 -0.05 0.3976, 0.3354 -0.05 0.4016, 0.3284 -0.042 0.3976, 0.3284 -0.042 0.4016, 0.3216 -0.0295 0.3976, 0.3216 -0.0295 0.4016, 0.3165 -0.0095 0.3976, 0.3165 -0.0095 0.4016, 0.3152 0.0099 0.3976, 0.3152 0.0099 0.4016, 0.3809 0.0999 0.3976, 0.3809 0.0999 0.4016, 0.3679 0.0986 0.3976, 0.3713 0.0989 0.4016, 0.3679 0.0986 0.4016, 0.3547 0.094 0.4016, 0.3547 0.094 0.3976, 0.3438 0.0869 0.4016, 0.3438 0.0869 0.3976, 0.3336 0.0759 0.4016, 0.3336 0.0759 0.3976, 0.3243 0.0598 0.4016, 0.3243 0.0598 0.3976, 0.3178 0.0383 0.4016, 0.3178 0.0383 0.3976, 0.3914 0.0989 0.4016, 0.3946 0.0986 0.3976, 0.3946 0.0986 0.4016, 0.4037 0.0957 0.3976, 0.4037 0.0957 0.4016, 0.3365 -0.0035 0.3976, 0.3382 0.0036 0.3976, 0.3503 -0.039 0.3976, 0.3457 -0.0346 0.3976, 0.3407 -0.0269 0.3976, 0.3375 -0.018 0.3976, 0.3364 -0.0071 0.3976, 0.3417 0.0104 0.3976, 0.3469 0.0162 0.3976, 0.3525 0.02 0.3976, 0.3586 0.0222 0.3976, 0.3664 0.0231 0.3976, 0.3714 0.0228 0.3976, 0.3776 0.0213 0.3976, 0.3827 0.0189 0.3976, 0.387 0.0155 0.3976, 0.3895 0.0126 0.3976, 0.3928 0.0067 0.3976, 0.3951 -0.0009 0.3976, 0.3959 -0.0106 0.3976, 0.3952 -0.0188 0.3976, 0.3931 -0.0261 0.3976, 0.3896 -0.0325 0.3976, 0.3849 -0.0377 0.3976, 0.3797 -0.0412 0.3976, 0.3742 -0.0432 0.3976, 0.3666 -0.0441 0.3976, 0.3611 -0.0436 0.3976, 0.3553 -0.0419 0.3976, 0.3364 -0.0071 0.4016, 0.3365 -0.0035 0.4016, 0.3382 0.0036 0.4016, 0.3417 0.0104 0.4016, 0.3469 0.0162 0.4016, 0.3525 0.02 0.4016, 0.3586 0.0222 0.4016, 0.3664 0.0231 0.4016, 0.3714 0.0228 0.4016, 0.3776 0.0213 0.4016, 0.3827 0.0189 0.4016, 0.387 0.0155 0.4016, 0.3895 0.0126 0.4016, 0.3928 0.0067 0.4016, 0.3951 -0.0009 0.4016, 0.3959 -0.0106 0.4016, 0.3952 -0.0188 0.4016, 0.3931 -0.0261 0.4016, 0.3896 -0.0325 0.4016, 0.3849 -0.0377 0.4016, 0.3797 -0.0412 0.4016, 0.3742 -0.0432 0.4016, 0.3666 -0.0441 0.4016, 0.3611 -0.0436 0.4016, 0.3553 -0.0419 0.4016, 0.3503 -0.039 0.4016, 0.3457 -0.0346 0.4016, 0.3407 -0.0269 0.4016, 0.3375 -0.018 0.4016, 0.1981 -0.0533 0.3976, 0.1981 -0.0321 0.3976, 0.1981 -0.0533 0.4016, 0.1981 -0.0321 0.4016, 0.2342 -0.0441 0.3976, 0.2342 -0.0441 0.4016, 0.2244 -0.0434 0.4016, 0.2244 -0.0434 0.3976, 0.211 -0.0396 0.4016, 0.211 -0.0396 0.3976, 0.2691 -0.0156 0.3976, 0.2691 -0.0156 0.4016, 0.2685 -0.0218 0.4016, 0.2685 -0.0218 0.3976, 0.2665 -0.0279 0.4016, 0.2665 -0.0279 0.3976, 0.2629 -0.0333 0.4016, 0.2629 -0.0333 0.3976, 0.2583 -0.0375 0.4016, 0.2583 -0.0375 0.3976, 0.2526 -0.0408 0.4016, 0.2526 -0.0408 0.3976, 0.2446 -0.0432 0.4016, 0.2446 -0.0432 0.3976, 0.2265 0.0135 0.3976, 0.2265 0.0135 0.4016, 0.2414 0.0124 0.4016, 0.2414 0.0124 0.3976, 0.2529 0.0092 0.4016, 0.2529 0.0092 0.3976, 0.2594 0.0056 0.4016, 0.2594 0.0056 0.3976, 0.2635 0.0017 0.4016, 0.2635 0.0017 0.3976, 0.2666 -0.0031 0.4016, 0.2666 -0.0031 0.3976, 0.2684 -0.0085 0.4016, 0.2684 -0.0085 0.3976, 0.2134 0.0135 0.3976, 0.2134 0.0135 0.4016, 0.2134 0.0308 0.3976, 0.2134 0.0308 0.4016, 0.2258 0.0308 0.3976, 0.2258 0.0308 0.4016, 0.2634 0.0577 0.3976, 0.2634 0.0577 0.4016, 0.2634 0.057 0.4016, 0.2634 0.057 0.3976, 0.2624 0.0499 0.4016, 0.2624 0.0499 0.3976, 0.2606 0.045 0.4016, 0.2606 0.045 0.3976, 0.2578 0.041 0.4016, 0.2578 0.041 0.3976, 0.2539 0.0374 0.4016, 0.2539 0.0374 0.3976, 0.2476 0.0341 0.4016, 0.2476 0.0341 0.3976, 0.2388 0.0317 0.4016, 0.2388 0.0317 0.3976, 0.2347 0.0826 0.3976, 0.2347 0.0826 0.4016, 0.2385 0.0825 0.4016, 0.2385 0.0825 0.3976, 0.2477 0.0809 0.4016, 0.2477 0.0809 0.3976, 0.2532 0.0785 0.4016, 0.2532 0.0785 0.3976, 0.256 0.0765 0.4016, 0.256 0.0765 0.3976, 0.2591 0.0732 0.4016, 0.2591 0.0732 0.3976, 0.2613 0.0693 0.4016, 0.2613 0.0693 0.3976, 0.2628 0.0642 0.4016, 0.2628 0.0642 0.3976, 0.2038 0.0706 0.3976, 0.2038 0.0706 0.4016, 0.2126 0.0767 0.4016, 0.2126 0.0767 0.3976, 0.2237 0.0812 0.4016, 0.2237 0.0812 0.3976, 0.2038 0.0879 0.3976, 0.2038 0.0879 0.4016, 0.216 0.0951 0.3976, 0.2399 0.0999 0.3976, 0.2399 0.0999 0.4016, 0.2289 0.099 0.4016, 0.2289 0.099 0.3976, 0.2288 0.0989 0.4016, 0.216 0.0951 0.4016, 0.2501 0.0989 0.4016, 0.2526 0.0987 0.3976, 0.2526 0.0987 0.4016, 0.2628 0.0955 0.3976, 0.2628 0.0955 0.4016, 0.2707 0.0908 0.3976, 0.2707 0.0908 0.4016, 0.277 0.0847 0.3976, 0.277 0.0847 0.4016, 0.2811 0.0783 0.3976, 0.2811 0.0783 0.4016, 0.2837 0.0709 0.3976, 0.2837 0.0709 0.4016, 0.2845 0.0626 0.3976, 0.2845 0.0626 0.4016, 0.2523 0.0234 0.3976, 0.2523 0.0234 0.4016, 0.2558 0.0244 0.4016, 0.2558 0.0244 0.3976, 0.2673 0.0296 0.4016, 0.2673 0.0296 0.3976, 0.274 0.0348 0.4016, 0.274 0.0348 0.3976, 0.2766 0.0377 0.4016, 0.2766 0.0377 0.3976, 0.2808 0.0445 0.4016, 0.2808 0.0445 0.3976, 0.2835 0.0526 0.4016, 0.2835 0.0526 0.3976, 0.2523 0.023 0.3976, 0.2523 0.023 0.4016, 0.2903 -0.0143 0.3976, 0.2903 -0.0143 0.4016, 0.2902 -0.0112 0.4016, 0.2902 -0.0112 0.3976, 0.2886 -0.003 0.4016, 0.2886 -0.003 0.3976, 0.2852 0.0046 0.4016, 0.2852 0.0046 0.3976, 0.2803 0.0108 0.4016, 0.2803 0.0108 0.3976, 0.2728 0.0167 0.4016, 0.2728 0.0167 0.3976, 0.264 0.0206 0.4016, 0.264 0.0206 0.3976, 0.2342 -0.0614 0.3976, 0.2342 -0.0614 0.4016, 0.2449 -0.0608 0.4016, 0.2449 -0.0608 0.3976, 0.2463 -0.0605 0.4016, 0.26 -0.0572 0.3976, 0.26 -0.0572 0.4016, 0.2707 -0.0517 0.4016, 0.2707 -0.0517 0.3976, 0.2795 -0.0441 0.4016, 0.2795 -0.0441 0.3976, 0.2853 -0.0357 0.4016, 0.2853 -0.0357 0.3976, 0.2888 -0.0265 0.4016, 0.2888 -0.0265 0.3976, 0.2237 -0.0605 0.4016, 0.2156 -0.0597 0.3976, 0.2156 -0.0597 0.4016, 0.202 -0.0554 0.3976, 0.202 -0.0554 0.4016, 0.1635 0.098 0.3976, 0.1635 -0.0595 0.3976, 0.1635 0.098 0.4016, 0.1635 -0.0595 0.4016, 0.1385 -0.0595 0.3976, 0.1385 -0.0595 0.4016, 0.0612 0.0627 0.3976, 0.0612 0.0627 0.4016, 0.056 0.073 0.3976, 0.056 0.073 0.4016, 0.0584 0.0678 0.4016, 0.0584 0.0678 0.3976, 0.0553 0.073 0.3976, 0.0553 0.073 0.4016, 0.056 0.051 0.3976, 0.056 0.051 0.4016, 0.0559 0.062 0.4016, 0.0559 0.062 0.3976, 0.056 -0.0595 0.3976, 0.056 -0.0595 0.4016, 0.0348 -0.0595 0.3976, 0.0348 -0.0595 0.4016, 0.0348 0.098 0.3976, 0.0348 0.098 0.4016, 0.0617 0.098 0.3976, 0.0617 0.098 0.4016, 0.1367 -0.0218 0.3976, 0.1367 -0.0218 0.4016, 0.143 -0.0326 0.3976, 0.143 -0.0326 0.4016, 0.14 -0.0271 0.4016, 0.14 -0.0271 0.3976, 0.1434 -0.0326 0.3976, 0.1434 -0.0326 0.4016, 0.1424 -0.0098 0.3976, 0.1424 -0.0098 0.4016, 0.1426 -0.0212 0.4016, 0.1426 -0.0212 0.3976, 0.1424 0.098 0.3976, 0.1424 0.098 0.4016, 0.0041 0.098 0.3976, 0.0041 0.0807 0.3976, 0.0041 0.098 0.4016, 0.0041 0.0807 0.4016, -0.0554 0.0807 0.3976, -0.0554 0.0807 0.4016, -0.0554 0.0269 0.3976, -0.0554 0.0269 0.4016, 0.0003 0.0269 0.3976, 0.0003 0.0269 0.4016, 0.0003 0.0096 0.3976, 0.0003 0.0096 0.4016, -0.0554 0.0096 0.3976, -0.0554 0.0096 0.4016, -0.0554 -0.0595 0.3976, -0.0554 -0.0595 0.4016, -0.0765 -0.0595 0.3976, -0.0765 -0.0595 0.4016, -0.0765 0.098 0.3976, -0.0765 0.098 0.4016, -0.2552 0.0174 0.3976, -0.2552 0.0174 0.4016, -0.2533 -0.0027 0.4016, -0.2533 -0.0027 0.3976, -0.248 -0.0197 0.4016, -0.248 -0.0197 0.3976, -0.2392 -0.0344 0.4016, -0.2392 -0.0344 0.3976, -0.2279 -0.0461 0.4016, -0.2279 -0.0461 0.3976, -0.2151 -0.0543 0.4016, -0.2151 -0.0543 0.3976, -0.2003 -0.0594 0.4016, -0.2003 -0.0594 0.3976, -0.181 -0.0614 0.3976, -0.19 -0.0605 0.4016, -0.181 -0.0614 0.4016, -0.1784 0.0999 0.3976, -0.1784 0.0999 0.4016, -0.1955 0.0984 0.3976, -0.1896 0.0989 0.4016, -0.1955 0.0984 0.4016, -0.2115 0.0938 0.4016, -0.2115 0.0938 0.3976, -0.226 0.0853 0.4016, -0.226 0.0853 0.3976, -0.2382 0.0731 0.4016, -0.2382 0.0731 0.3976, -0.2472 0.0583 0.4016, -0.2472 0.0583 0.3976, -0.253 0.0401 0.4016, -0.253 0.0401 0.3976, -0.1054 0.0211 0.3976, -0.1054 0.0211 0.4016, -0.1065 0.0369 0.4016, -0.1065 0.0369 0.3976, -0.1109 0.0544 0.4016, -0.1109 0.0544 0.3976, -0.1191 0.0702 0.4016, -0.1191 0.0702 0.3976, -0.1308 0.0833 0.4016, -0.1308 0.0833 0.3976, -0.1445 0.0925 0.4016, -0.1445 0.0925 0.3976, -0.1594 0.0978 0.4016, -0.1594 0.0978 0.3976, -0.1697 0.0989 0.4016, -0.1259 -0.0392 0.3976, -0.1259 -0.0392 0.4016, -0.1145 -0.0226 0.4016, -0.1145 -0.0226 0.3976, -0.1083 -0.0056 0.4016, -0.1083 -0.0056 0.3976, -0.1364 -0.0484 0.3976, -0.1364 -0.0484 0.4016, -0.131 -0.0441 0.4016, -0.131 -0.0441 0.3976, -0.1198 -0.0605 0.4016, -0.0919 -0.0806 0.3976, -0.0919 -0.0806 0.4016, -0.1255 -0.0806 0.3976, -0.1255 -0.0806 0.4016, -0.1522 -0.0605 0.4016, -0.1556 -0.0579 0.3976, -0.1556 -0.0579 0.4016, -0.1676 -0.0605 0.4016, -0.1681 -0.0606 0.3976, -0.1681 -0.0606 0.4016, -0.1668 -0.0427 0.3976, -0.1809 -0.0441 0.3976, -0.1924 -0.043 0.3976, -0.2033 -0.0394 0.3976, -0.2126 -0.0335 0.3976, -0.2211 -0.0246 0.3976, -0.2278 -0.0134 0.3976, -0.2323 0.001 0.3976, -0.234 0.0191 0.3976, -0.2334 0.0303 0.3976, -0.2292 0.0478 0.3976, -0.2228 0.0601 0.3976, -0.2137 0.0704 0.3976, -0.2042 0.0769 0.3976, -0.1937 0.0809 0.3976, -0.1796 0.0826 0.3976, -0.1655 0.0811 0.3976, -0.1551 0.0774 0.3976, -0.1463 0.0716 0.3976, -0.1386 0.0634 0.3976, -0.1321 0.0516 0.3976, -0.128 0.0374 0.3976, -0.1265 0.0188 0.3976, -0.1283 -0.0007 0.3976, -0.1332 -0.0156 0.3976, -0.1394 -0.0256 0.3976, -0.1467 -0.0331 0.3976, -0.1558 -0.0389 0.3976, -0.234 0.0191 0.4016, -0.2334 0.0303 0.4016, -0.2292 0.0478 0.4016, -0.2228 0.0601 0.4016, -0.2137 0.0704 0.4016, -0.2042 0.0769 0.4016, -0.1937 0.0809 0.4016, -0.1796 0.0826 0.4016, -0.1655 0.0811 0.4016, -0.1551 0.0774 0.4016, -0.1463 0.0716 0.4016, -0.1386 0.0634 0.4016, -0.1321 0.0516 0.4016, -0.128 0.0374 0.4016, -0.1265 0.0188 0.4016, -0.1283 -0.0007 0.4016, -0.1332 -0.0156 0.4016, -0.1394 -0.0256 0.4016, -0.1467 -0.0331 0.4016, -0.1558 -0.0389 0.4016, -0.1668 -0.0427 0.4016, -0.1809 -0.0441 0.4016, -0.1924 -0.043 0.4016, -0.2033 -0.0394 0.4016, -0.2126 -0.0335 0.4016, -0.2211 -0.0246 0.4016, -0.2278 -0.0134 0.4016, -0.2323 0.001 0.4016
            ]
        }
        coordIndex [
            0,1,2,-1,2,1,3,-1,1,4,3,-1,3,4,5,-1,4,6,5,-1,5,6,7,-1,6,8,7,-1,7,8,9,-1,8,10,9,-1,9,10,11,-1,10,12,11,-1,11,12,13,-1,14,15,16,-1,14,16,17,-1,17,16,13,-1,17,13,12,-1,14,18,15,-1,15,18,19,-1,20,21,22,-1,20,22,23,-1,23,22,19,-1,23,19,18,-1,20,0,21,-1,21,0,2,-1,10,8,12,-1,12,8,6,-1,12,6,17,-1,1,0,4,-1,4,0,20,-1,20,23,4,-1,4,23,18,-1,4,18,6,-1,6,18,14,-1,6,14,17,-1,24,25,26,-1,26,25,27,-1,26,27,28,-1,28,27,29,-1,28,29,30,-1,30,29,31,-1,30,31,32,-1,32,31,33,-1,32,33,34,-1,34,33,35,-1,34,35,36,-1,36,35,37,-1,36,37,38,-1,38,37,39,-1,38,39,40,-1,40,39,41,-1,40,41,42,-1,42,41,43,-1,42,43,44,-1,44,43,45,-1,44,45,46,-1,46,45,47,-1,46,47,48,-1,48,47,49,-1,48,49,50,-1,50,49,51,-1,50,51,52,-1,52,51,53,-1,52,53,54,-1,54,53,55,-1,54,55,56,-1,56,55,57,-1,56,57,58,-1,58,57,59,-1,58,59,60,-1,60,59,61,-1,60,61,62,-1,62,61,63,-1,62,63,64,-1,64,63,65,-1,64,65,66,-1,66,65,67,-1,66,67,68,-1,68,67,69,-1,68,69,70,-1,70,69,71,-1,70,71,24,-1,24,71,25,-1,68,70,72,-1,72,70,24,-1,72,24,26,-1,62,64,72,-1,72,64,66,-1,72,66,68,-1,56,58,72,-1,72,58,60,-1,72,60,62,-1,50,52,72,-1,72,52,54,-1,72,54,56,-1,44,46,72,-1,72,46,48,-1,72,48,50,-1,38,40,72,-1,72,40,42,-1,72,42,44,-1,32,34,72,-1,72,34,36,-1,72,36,38,-1,26,28,72,-1,72,28,30,-1,72,30,32,-1,73,74,75,-1,75,74,76,-1,77,78,79,-1,77,79,80,-1,80,79,76,-1,80,76,74,-1,81,82,83,-1,81,83,84,-1,84,83,85,-1,84,85,86,-1,86,85,87,-1,86,87,88,-1,88,87,89,-1,88,89,90,-1,90,89,91,-1,90,91,92,-1,92,91,93,-1,92,93,94,-1,94,93,78,-1,94,78,77,-1,81,95,82,-1,82,95,96,-1,97,98,99,-1,97,99,100,-1,100,99,101,-1,100,101,102,-1,102,101,103,-1,102,103,104,-1,104,103,105,-1,104,105,106,-1,106,105,96,-1,106,96,95,-1,107,108,109,-1,107,109,110,-1,110,109,111,-1,110,111,112,-1,112,111,113,-1,112,113,114,-1,114,113,115,-1,114,115,116,-1,116,115,117,-1,116,117,118,-1,118,117,119,-1,118,119,120,-1,120,119,98,-1,120,98,97,-1,121,122,123,-1,121,123,124,-1,124,123,125,-1,124,125,126,-1,125,127,126,-1,126,127,128,-1,126,128,129,-1,129,128,130,-1,129,130,131,-1,131,130,132,-1,131,132,133,-1,133,132,134,-1,133,134,135,-1,135,134,108,-1,135,108,107,-1,122,121,136,-1,136,121,137,-1,136,137,138,-1,138,137,139,-1,138,139,140,-1,140,139,141,-1,140,141,142,-1,142,141,143,-1,142,143,144,-1,144,143,145,-1,144,145,146,-1,146,145,147,-1,146,147,148,-1,148,147,149,-1,148,149,150,-1,151,152,153,-1,153,152,154,-1,154,155,153,-1,153,155,156,-1,153,156,157,-1,157,156,158,-1,157,158,159,-1,159,158,160,-1,159,160,161,-1,161,160,162,-1,161,162,163,-1,163,162,164,-1,163,164,165,-1,165,164,150,-1,165,150,149,-1,152,151,166,-1,166,151,167,-1,166,167,168,-1,168,167,169,-1,168,169,170,-1,170,169,73,-1,170,73,75,-1,171,172,147,-1,149,81,84,-1,74,73,169,-1,74,169,80,-1,80,169,167,-1,80,167,77,-1,77,167,151,-1,77,151,94,-1,94,151,153,-1,94,153,92,-1,92,153,157,-1,92,157,90,-1,90,157,159,-1,90,159,88,-1,88,159,161,-1,88,161,86,-1,86,161,163,-1,86,163,84,-1,84,163,165,-1,84,165,149,-1,139,173,141,-1,141,173,174,-1,141,174,143,-1,143,174,175,-1,143,175,145,-1,145,175,176,-1,145,176,147,-1,147,176,177,-1,147,177,171,-1,149,147,81,-1,81,147,172,-1,81,172,95,-1,95,172,178,-1,95,178,106,-1,106,178,179,-1,106,179,104,-1,104,179,180,-1,104,180,102,-1,102,180,181,-1,102,181,100,-1,100,181,182,-1,100,182,97,-1,97,182,183,-1,97,183,120,-1,120,183,184,-1,120,184,118,-1,118,184,185,-1,118,185,116,-1,116,185,186,-1,116,186,114,-1,114,186,187,-1,114,187,112,-1,112,187,188,-1,112,188,110,-1,110,188,189,-1,110,189,107,-1,107,189,190,-1,107,190,135,-1,135,190,191,-1,135,191,133,-1,133,191,192,-1,133,192,131,-1,131,192,193,-1,131,193,129,-1,129,193,194,-1,129,194,126,-1,126,194,195,-1,126,195,124,-1,124,195,196,-1,124,196,121,-1,121,196,197,-1,121,197,137,-1,137,197,198,-1,137,198,139,-1,139,198,199,-1,139,199,173,-1,177,200,201,-1,177,201,171,-1,171,201,202,-1,171,202,172,-1,172,202,203,-1,172,203,178,-1,178,203,204,-1,178,204,179,-1,179,204,205,-1,179,205,180,-1,180,205,206,-1,180,206,181,-1,181,206,207,-1,181,207,182,-1,182,207,208,-1,182,208,183,-1,183,208,209,-1,183,209,184,-1,184,209,210,-1,184,210,185,-1,185,210,211,-1,185,211,186,-1,186,211,212,-1,186,212,187,-1,187,212,213,-1,187,213,188,-1,188,213,214,-1,188,214,189,-1,189,214,215,-1,189,215,190,-1,190,215,216,-1,190,216,191,-1,191,216,217,-1,191,217,192,-1,192,217,218,-1,192,218,193,-1,193,218,219,-1,193,219,194,-1,194,219,220,-1,194,220,195,-1,195,220,221,-1,195,221,196,-1,196,221,222,-1,196,222,197,-1,197,222,223,-1,197,223,198,-1,198,223,224,-1,198,224,199,-1,199,224,225,-1,199,225,173,-1,173,225,226,-1,173,226,174,-1,174,226,227,-1,174,227,175,-1,175,227,228,-1,175,228,176,-1,176,228,200,-1,176,200,177,-1,229,230,231,-1,231,230,232,-1,233,234,235,-1,233,235,236,-1,236,235,237,-1,236,237,238,-1,238,237,232,-1,238,232,230,-1,239,240,241,-1,239,241,242,-1,242,241,243,-1,242,243,244,-1,244,243,245,-1,244,245,246,-1,246,245,247,-1,246,247,248,-1,248,247,249,-1,248,249,250,-1,250,249,251,-1,250,251,252,-1,252,251,234,-1,252,234,233,-1,253,254,255,-1,253,255,256,-1,256,255,257,-1,256,257,258,-1,258,257,259,-1,258,259,260,-1,260,259,261,-1,260,261,262,-1,262,261,263,-1,262,263,264,-1,264,263,265,-1,264,265,266,-1,266,265,240,-1,266,240,239,-1,253,267,254,-1,254,267,268,-1,267,269,268,-1,268,269,270,-1,269,271,270,-1,270,271,272,-1,273,274,275,-1,273,275,276,-1,276,275,277,-1,276,277,278,-1,278,277,279,-1,278,279,280,-1,280,279,281,-1,280,281,282,-1,282,281,283,-1,282,283,284,-1,284,283,285,-1,284,285,286,-1,286,285,287,-1,286,287,288,-1,288,287,272,-1,288,272,271,-1,289,290,291,-1,289,291,292,-1,292,291,293,-1,292,293,294,-1,294,293,295,-1,294,295,296,-1,296,295,297,-1,296,297,298,-1,298,297,299,-1,298,299,300,-1,300,299,301,-1,300,301,302,-1,302,301,303,-1,302,303,304,-1,304,303,274,-1,304,274,273,-1,305,306,307,-1,305,307,308,-1,308,307,309,-1,308,309,310,-1,310,309,290,-1,310,290,289,-1,305,311,306,-1,306,311,312,-1,312,311,313,-1,314,315,316,-1,314,316,317,-1,317,316,318,-1,317,318,313,-1,313,318,319,-1,313,319,312,-1,315,314,320,-1,320,314,321,-1,320,321,322,-1,322,321,323,-1,322,323,324,-1,324,323,325,-1,324,325,326,-1,326,325,327,-1,326,327,328,-1,328,327,329,-1,328,329,330,-1,330,329,331,-1,330,331,332,-1,332,331,333,-1,332,333,334,-1,335,336,337,-1,335,337,338,-1,338,337,339,-1,338,339,340,-1,340,339,341,-1,340,341,342,-1,342,341,343,-1,342,343,344,-1,344,343,345,-1,344,345,346,-1,346,345,347,-1,346,347,348,-1,348,347,334,-1,348,334,333,-1,335,349,336,-1,336,349,350,-1,351,352,353,-1,351,353,354,-1,354,353,355,-1,354,355,356,-1,356,355,357,-1,356,357,358,-1,358,357,359,-1,358,359,360,-1,360,359,361,-1,360,361,362,-1,362,361,363,-1,362,363,364,-1,364,363,350,-1,364,350,349,-1,365,366,367,-1,365,367,368,-1,368,367,369,-1,368,369,370,-1,369,371,370,-1,370,371,372,-1,370,372,373,-1,373,372,374,-1,373,374,375,-1,375,374,376,-1,375,376,377,-1,377,376,378,-1,377,378,379,-1,379,378,352,-1,379,352,351,-1,366,365,380,-1,380,365,381,-1,380,381,382,-1,382,381,383,-1,382,383,384,-1,384,383,229,-1,384,229,231,-1,269,267,271,-1,271,267,253,-1,271,253,288,-1,288,253,256,-1,230,229,238,-1,238,229,383,-1,238,383,236,-1,236,383,381,-1,236,381,233,-1,233,381,365,-1,233,365,252,-1,252,365,368,-1,252,368,250,-1,250,368,370,-1,250,370,248,-1,248,370,373,-1,248,373,246,-1,246,373,375,-1,246,375,244,-1,244,375,377,-1,244,377,242,-1,242,377,379,-1,242,379,239,-1,379,351,239,-1,239,351,354,-1,239,354,266,-1,266,354,356,-1,266,356,264,-1,264,356,358,-1,264,358,262,-1,262,358,360,-1,262,360,260,-1,260,360,362,-1,260,362,258,-1,258,362,364,-1,258,364,256,-1,256,364,349,-1,256,349,288,-1,288,349,335,-1,288,335,286,-1,286,335,338,-1,286,338,284,-1,284,338,340,-1,284,340,282,-1,282,340,342,-1,282,342,280,-1,280,342,344,-1,280,344,278,-1,278,344,346,-1,278,346,276,-1,276,346,348,-1,276,348,273,-1,273,348,333,-1,273,333,304,-1,304,333,331,-1,304,331,302,-1,302,331,329,-1,302,329,300,-1,300,329,327,-1,300,327,298,-1,298,327,325,-1,298,325,296,-1,296,325,323,-1,296,323,294,-1,294,323,321,-1,294,321,292,-1,292,321,314,-1,292,314,289,-1,289,314,317,-1,289,317,310,-1,310,317,313,-1,310,313,308,-1,308,313,311,-1,308,311,305,-1,385,386,387,-1,387,386,388,-1,386,389,388,-1,388,389,390,-1,389,391,390,-1,390,391,392,-1,393,394,395,-1,393,395,396,-1,396,395,392,-1,396,392,391,-1,393,397,394,-1,394,397,398,-1,399,400,401,-1,399,401,402,-1,402,401,398,-1,402,398,397,-1,399,403,400,-1,400,403,404,-1,403,405,404,-1,404,405,406,-1,405,407,406,-1,406,407,408,-1,407,409,408,-1,408,409,410,-1,409,411,410,-1,410,411,412,-1,413,414,415,-1,413,415,416,-1,416,415,412,-1,416,412,411,-1,413,417,414,-1,414,417,418,-1,419,420,421,-1,419,421,422,-1,422,421,418,-1,422,418,417,-1,419,423,420,-1,420,423,424,-1,423,385,424,-1,424,385,387,-1,385,423,386,-1,386,423,419,-1,405,403,407,-1,407,403,399,-1,399,402,407,-1,407,402,397,-1,407,397,409,-1,409,397,393,-1,419,422,386,-1,386,422,417,-1,386,417,389,-1,389,417,413,-1,413,416,389,-1,389,416,411,-1,389,411,391,-1,391,411,409,-1,391,409,396,-1,396,409,393,-1,425,426,427,-1,427,426,428,-1,426,429,428,-1,428,429,430,-1,429,431,430,-1,430,431,432,-1,431,433,432,-1,432,433,434,-1,433,435,434,-1,434,435,436,-1,435,437,436,-1,436,437,438,-1,437,439,438,-1,438,439,440,-1,439,441,440,-1,440,441,442,-1,441,443,442,-1,442,443,444,-1,443,425,444,-1,444,425,427,-1,443,441,437,-1,437,441,439,-1,426,425,429,-1,429,425,443,-1,429,443,431,-1,431,443,437,-1,431,437,433,-1,433,437,435,-1,445,446,447,-1,445,447,448,-1,448,447,449,-1,448,449,450,-1,450,449,451,-1,450,451,452,-1,452,451,453,-1,452,453,454,-1,454,453,455,-1,454,455,456,-1,456,455,457,-1,456,457,458,-1,458,457,459,-1,459,457,460,-1,459,460,461,-1,462,463,464,-1,464,463,465,-1,465,466,464,-1,464,466,467,-1,464,467,468,-1,468,467,469,-1,468,469,470,-1,470,469,471,-1,470,471,472,-1,472,471,473,-1,472,473,474,-1,474,473,475,-1,474,475,476,-1,476,475,446,-1,476,446,445,-1,477,478,479,-1,477,479,480,-1,480,479,481,-1,480,481,482,-1,482,481,483,-1,482,483,484,-1,484,483,485,-1,484,485,486,-1,486,485,487,-1,486,487,488,-1,488,487,489,-1,488,489,490,-1,490,489,462,-1,462,489,491,-1,462,491,463,-1,492,493,494,-1,492,494,495,-1,495,494,496,-1,495,496,497,-1,497,496,478,-1,497,478,477,-1,498,499,500,-1,498,500,501,-1,501,500,493,-1,501,493,492,-1,499,498,502,-1,502,498,503,-1,502,503,504,-1,503,505,504,-1,504,505,506,-1,506,505,507,-1,507,505,508,-1,507,508,509,-1,509,508,510,-1,510,508,511,-1,510,511,512,-1,512,511,459,-1,512,459,461,-1,454,511,508,-1,456,458,454,-1,454,458,459,-1,454,459,511,-1,498,513,514,-1,505,503,508,-1,508,503,498,-1,508,498,454,-1,454,498,514,-1,454,514,515,-1,515,516,454,-1,454,516,517,-1,454,517,452,-1,452,517,518,-1,452,518,450,-1,450,518,519,-1,450,519,448,-1,448,519,520,-1,448,520,445,-1,445,520,521,-1,445,521,476,-1,476,521,522,-1,476,522,474,-1,474,522,523,-1,474,523,472,-1,472,523,524,-1,472,524,470,-1,470,524,525,-1,470,525,468,-1,468,525,526,-1,468,526,464,-1,464,526,527,-1,464,527,462,-1,462,527,528,-1,462,528,490,-1,490,528,529,-1,490,529,488,-1,488,529,530,-1,488,530,486,-1,486,530,531,-1,486,531,484,-1,484,531,532,-1,484,532,482,-1,482,532,533,-1,482,533,480,-1,480,533,534,-1,480,534,477,-1,477,534,535,-1,477,535,497,-1,497,535,536,-1,497,536,495,-1,495,536,537,-1,495,537,492,-1,492,537,538,-1,492,538,501,-1,501,538,539,-1,501,539,498,-1,498,539,540,-1,498,540,513,-1,521,541,542,-1,521,542,522,-1,522,542,543,-1,522,543,523,-1,523,543,544,-1,523,544,524,-1,524,544,545,-1,524,545,525,-1,525,545,546,-1,525,546,526,-1,526,546,547,-1,526,547,527,-1,527,547,548,-1,527,548,528,-1,528,548,549,-1,528,549,529,-1,529,549,550,-1,529,550,530,-1,530,550,551,-1,530,551,531,-1,531,551,552,-1,531,552,532,-1,532,552,553,-1,532,553,533,-1,533,553,554,-1,533,554,534,-1,534,554,555,-1,534,555,535,-1,535,555,556,-1,535,556,536,-1,536,556,557,-1,536,557,537,-1,537,557,558,-1,537,558,538,-1,538,558,559,-1,538,559,539,-1,539,559,560,-1,539,560,540,-1,540,560,561,-1,540,561,513,-1,513,561,562,-1,513,562,514,-1,514,562,563,-1,514,563,515,-1,515,563,564,-1,515,564,516,-1,516,564,565,-1,516,565,517,-1,517,565,566,-1,517,566,518,-1,518,566,567,-1,518,567,519,-1,519,567,568,-1,519,568,520,-1,520,568,541,-1,520,541,521,-1,
        ]
    }
}
Shape{
    appearance Appearance {
        material  Material {
            diffuseColor 0.25098039215686274 0.25098039215686274 0.25098039215686274
            specularColor 0.12549019607843137 0.12549019607843137 0.12549019607843137
            ambientIntensity 0.251
            transparency 0.0
            shininess 0.5
        }
    }
    geometry IndexedFaceSet {
        ccw TRUE
        solid FALSE
        coord DEF co Coordinate {
            point [
                0.3959 -0.0106 0.4016, 0.3951 -0.0009 0.4016, 0.3364 -0.0071 0.4016, 0.3928 0.0067 0.4016, 0.3895 0.0126 0.4016, 0.387 0.0155 0.4016, 0.3827 0.0189 0.4016, 0.3776 0.0213 0.4016, 0.3407 -0.0269 0.4016, 0.3457 -0.0346 0.4016, 0.3952 -0.0188 0.4016, 0.3931 -0.0261 0.4016, 0.3666 -0.0441 0.4016, 0.3611 -0.0436 0.4016, 0.3714 0.0228 0.4016, 0.3664 0.0231 0.4016, 0.3365 -0.0035 0.4016, 0.3586 0.0222 0.4016, 0.3525 0.02 0.4016, 0.3375 -0.018 0.4016, 0.3503 -0.039 0.4016, 0.3553 -0.0419 0.4016, 0.3742 -0.0432 0.4016, 0.3797 -0.0412 0.4016, 0.3849 -0.0377 0.4016, 0.3469 0.0162 0.4016, 0.3417 0.0104 0.4016, 0.3382 0.0036 0.4016, 0.3896 -0.0325 0.4016, -0.234 0.0191 0.4016, -0.1265 0.0188 0.4016, -0.2334 0.0303 0.4016, -0.128 0.0374 0.4016, -0.1467 -0.0331 0.4016, -0.1394 -0.0256 0.4016, -0.1558 -0.0389 0.4016, -0.1332 -0.0156 0.4016, -0.1283 -0.0007 0.4016, -0.2042 0.0769 0.4016, -0.1937 0.0809 0.4016, -0.1796 0.0826 0.4016, -0.2278 -0.0134 0.4016, -0.2211 -0.0246 0.4016, -0.1924 -0.043 0.4016, -0.2126 -0.0335 0.4016, -0.2033 -0.0394 0.4016, -0.2323 0.001 0.4016, -0.1809 -0.0441 0.4016, -0.1668 -0.0427 0.4016, -0.2137 0.0704 0.4016, -0.2228 0.0601 0.4016, -0.2292 0.0478 0.4016, -0.1321 0.0516 0.4016, -0.1386 0.0634 0.4016, -0.1463 0.0716 0.4016, -0.1551 0.0774 0.4016, -0.1655 0.0811 0.4016
            ]
        }
        coordIndex [
            0,1,2,-1,2,1,3,-1,2,3,4,-1,4,5,2,-1,2,5,6,-1,2,6,7,-1,8,9,10,-1,11,10,12,-1,12,10,13,-1,7,14,2,-1,2,14,15,-1,2,15,16,-1,16,15,17,-1,16,17,18,-1,0,2,10,-1,10,2,19,-1,10,19,8,-1,9,20,10,-1,10,20,21,-1,10,21,13,-1,22,23,24,-1,18,25,16,-1,16,25,26,-1,16,26,27,-1,22,24,12,-1,12,24,28,-1,12,28,11,-1,29,30,31,-1,31,30,32,-1,33,34,29,-1,33,29,35,-1,34,36,29,-1,29,36,37,-1,29,37,30,-1,38,31,39,-1,39,31,40,-1,41,42,43,-1,43,42,44,-1,43,44,45,-1,41,43,46,-1,46,43,47,-1,46,47,29,-1,29,47,48,-1,29,48,35,-1,38,49,31,-1,31,49,50,-1,31,50,51,-1,32,52,31,-1,31,52,53,-1,31,53,54,-1,54,55,31,-1,31,55,56,-1,31,56,40,-1,
        ]
    }
}
Shape{
    appearance Appearance {
        material  Material {
            diffuseColor 1.0 1.0 0.0
            specularColor 0.5019607843137255 0.5019607843137255 0.0
            ambientIntensity 0.886
            transparency 0.0
            shininess 0.5
        }
    }
    geometry IndexedFaceSet {
        ccw TRUE
        solid FALSE
        coord DEF co Coordinate {
            point [
                0.2362 -0.6894 0.0787, 0.2362 -0.6894 0.0551, 0.2362 -0.689 0.0787, 0.2362 -0.689 0.0551, 0.1575 -0.6894 0.0551, 0.1575 -0.689 0.0551, 0.1575 -0.6894 0.0787, 0.1575 -0.689 0.0787, -0.1575 -0.6894 0.0787, -0.1575 -0.6894 0.0551, -0.1575 -0.689 0.0787, -0.1575 -0.689 0.0551, -0.2362 -0.6894 0.0551, -0.2362 -0.689 0.0551, -0.2362 -0.6894 0.0787, -0.2362 -0.689 0.0787
            ]
        }
        coordIndex [
            0,1,2,-1,2,1,3,-1,1,4,3,-1,3,4,5,-1,4,6,5,-1,5,6,7,-1,6,0,7,-1,7,0,2,-1,6,4,0,-1,0,4,1,-1,8,9,10,-1,10,9,11,-1,9,12,11,-1,11,12,13,-1,12,14,13,-1,13,14,15,-1,14,8,15,-1,15,8,10,-1,14,12,8,-1,8,12,9,-1,
        ]
    }
}
Shape{
    appearance Appearance {
        material  Material {
            diffuseColor 1.0 1.0 1.0
            specularColor 0.8784313725490196 0.8784313725490196 0.8784313725490196
            ambientIntensity 1.0
            transparency 0.0
            shininess 0.5
        }
    }
    geometry IndexedFaceSet {
        ccw TRUE
        solid FALSE
        coord DEF co Coordinate {
            point [
                -0.1362 0.0407 0.0118, -0.1669 -0.038 0.0118, -0.1362 0.0407 0.0079, -0.1669 -0.038 0.0079, -0.1554 -0.038 0.0118, -0.1554 -0.038 0.0079, -0.1475 -0.0159 0.0118, -0.1475 -0.0159 0.0079, -0.1149 -0.0159 0.0118, -0.1149 -0.0159 0.0079, -0.1074 -0.038 0.0118, -0.1074 -0.038 0.0079, -0.0959 -0.038 0.0118, -0.0959 -0.038 0.0079, -0.1257 0.0407 0.0118, -0.1257 0.0407 0.0079, -0.1176 -0.0073 0.0118, -0.1439 -0.0073 0.0118, -0.1293 0.0256 0.0118, -0.1301 0.0284 0.0118, -0.1306 0.0311 0.0118, -0.1308 0.0311 0.0118, -0.1314 0.0284 0.0118, -0.1321 0.0256 0.0118, -0.1176 -0.0073 0.0079, -0.1439 -0.0073 0.0079, -0.1293 0.0256 0.0079, -0.1301 0.0284 0.0079, -0.1306 0.0311 0.0079, -0.1308 0.0311 0.0079, -0.1314 0.0284 0.0079, -0.1321 0.0256 0.0079, -0.0482 -0.038 0.0118, -0.0268 -0.038 0.0118, -0.0482 -0.038 0.0079, -0.0268 -0.038 0.0079, -0.0268 0.0407 0.0118, -0.0268 0.0407 0.0079, -0.049 0.0407 0.0118, -0.049 0.0407 0.0079, -0.0901 0.0024 0.0118, -0.0901 0.0024 0.0079, -0.0896 0.0098 0.0079, -0.0896 0.0098 0.0118, -0.0874 0.0175 0.0079, -0.0874 0.0175 0.0118, -0.0838 0.0243 0.0079, -0.0838 0.0243 0.0118, -0.0782 0.0305 0.0079, -0.0782 0.0305 0.0118, -0.0781 0.0306 0.0079, -0.0781 0.0306 0.0118, -0.0696 0.0363 0.0079, -0.0696 0.0363 0.0118, -0.0603 0.0395 0.0079, -0.0603 0.0395 0.0118, -0.0579 -0.0371 0.0079, -0.0579 -0.0371 0.0118, -0.067 -0.0344 0.0079, -0.067 -0.0344 0.0118, -0.0752 -0.0297 0.0079, -0.0752 -0.0297 0.0118, -0.0817 -0.0235 0.0079, -0.0817 -0.0235 0.0118, -0.0862 -0.0164 0.0079, -0.0862 -0.0164 0.0118, -0.089 -0.0082 0.0079, -0.089 -0.0082 0.0118, -0.0743 0.0211 0.0118, -0.0705 0.0251 0.0118, -0.0647 0.0288 0.0118, -0.0582 0.0311 0.0118, -0.0489 0.0321 0.0118, -0.0373 0.0321 0.0118, -0.0373 -0.0294 0.0118, -0.0485 -0.0294 0.0118, -0.0568 -0.0286 0.0118, -0.0634 -0.0265 0.0118, -0.0688 -0.0233 0.0118, -0.0732 -0.019 0.0118, -0.0765 -0.0135 0.0118, -0.0788 -0.0061 0.0118, -0.0796 0.0021 0.0118, -0.0789 0.01 0.0118, -0.0771 0.0162 0.0118, -0.0489 0.0321 0.0079, -0.0373 0.0321 0.0079, -0.0582 0.0311 0.0079, -0.0647 0.0288 0.0079, -0.0705 0.0251 0.0079, -0.0743 0.0211 0.0079, -0.0771 0.0162 0.0079, -0.0789 0.01 0.0079, -0.0796 0.0021 0.0079, -0.0788 -0.0061 0.0079, -0.0765 -0.0135 0.0079, -0.0732 -0.019 0.0079, -0.0688 -0.0233 0.0079, -0.0634 -0.0265 0.0079, -0.0568 -0.0286 0.0079, -0.0485 -0.0294 0.0079, -0.0373 -0.0294 0.0079, -0.0114 -0.0294 0.0118, -0.0114 -0.038 0.0118, -0.0114 -0.0294 0.0079, -0.0114 -0.038 0.0079, 0.0309 -0.038 0.0118, 0.0309 -0.038 0.0079, 0.0309 0.0407 0.0118, 0.0309 0.0407 0.0079, -0.0095 0.0407 0.0118, -0.0095 0.0407 0.0079, -0.0095 0.0321 0.0118, -0.0095 0.0321 0.0079, 0.0203 0.0321 0.0118, 0.0203 0.0321 0.0079, 0.0203 0.0062 0.0118, 0.0203 0.0062 0.0079, -0.0075 0.0062 0.0118, -0.0075 0.0062 0.0079, -0.0075 -0.0025 0.0118, -0.0075 -0.0025 0.0079, 0.0203 -0.0025 0.0118, 0.0203 -0.0025 0.0079, 0.0203 -0.0294 0.0118, 0.0203 -0.0294 0.0079, 0.0462 -0.0253 0.0118, 0.0462 -0.0339 0.0118, 0.0462 -0.0253 0.0079, 0.0462 -0.0339 0.0079, 0.0546 -0.0374 0.0118, 0.0679 -0.039 0.0118, 0.0679 -0.039 0.0079, 0.0657 -0.0389 0.0079, 0.0657 -0.0389 0.0118, 0.0626 -0.0385 0.0079, 0.0546 -0.0374 0.0079, 0.1048 -0.0001 0.0118, 0.1048 -0.0001 0.0079, 0.104 -0.0092 0.0079, 0.104 -0.0092 0.0118, 0.1017 -0.0176 0.0079, 0.1017 -0.0176 0.0118, 0.0975 -0.025 0.0079, 0.0975 -0.025 0.0118, 0.0916 -0.0313 0.0079, 0.0916 -0.0313 0.0118, 0.0852 -0.0353 0.0079, 0.0852 -0.0353 0.0118, 0.0776 -0.0379 0.0079, 0.0776 -0.0379 0.0118, 0.0725 -0.0385 0.0079, 0.0648 0.0417 0.0118, 0.0648 0.0417 0.0079, 0.0727 0.0411 0.0079, 0.0727 0.0411 0.0118, 0.0814 0.0385 0.0079, 0.0814 0.0385 0.0118, 0.0889 0.0342 0.0079, 0.0889 0.0342 0.0118, 0.096 0.0274 0.0079, 0.096 0.0274 0.0118, 0.1006 0.02 0.0079, 0.1006 0.02 0.0118, 0.1037 0.0111 0.0079, 0.1037 0.0111 0.0118, 0.0462 0.0386 0.0118, 0.0462 0.0386 0.0079, 0.0553 0.0411 0.0079, 0.0553 0.0411 0.0118, 0.0462 0.028 0.0118, 0.0462 0.028 0.0079, 0.0647 0.0331 0.0118, 0.0647 0.0331 0.0079, 0.0551 0.0318 0.0079, 0.0551 0.0318 0.0118, 0.0942 0.0005 0.0118, 0.0942 0.0005 0.0079, 0.0939 0.0067 0.0079, 0.0939 0.0067 0.0118, 0.0918 0.0151 0.0079, 0.0918 0.0151 0.0118, 0.0885 0.0212 0.0079, 0.0885 0.0212 0.0118, 0.0838 0.0264 0.0079, 0.0838 0.0264 0.0118, 0.0783 0.0301 0.0079, 0.0783 0.0301 0.0118, 0.0724 0.0322 0.0079, 0.0724 0.0322 0.0118, 0.0664 -0.0303 0.0118, 0.0664 -0.0303 0.0079, 0.0738 -0.0295 0.0079, 0.0738 -0.0295 0.0118, 0.0795 -0.0274 0.0079, 0.0795 -0.0274 0.0118, 0.0843 -0.0241 0.0079, 0.0843 -0.0241 0.0118, 0.088 -0.0202 0.0079, 0.088 -0.0202 0.0118, 0.0913 -0.0148 0.0079, 0.0913 -0.0148 0.0118, 0.0934 -0.008 0.0079, 0.0934 -0.008 0.0118, 0.0476 -0.0261 0.0079, 0.0476 -0.0261 0.0118, 0.056 -0.0292 0.0079, 0.056 -0.0292 0.0118, 0.1115 -0.0294 0.0118, 0.1115 -0.038 0.0118, 0.1115 -0.0294 0.0079, 0.1115 -0.038 0.0079, 0.1519 -0.038 0.0118, 0.1519 -0.038 0.0079, 0.1519 0.0407 0.0118, 0.1519 0.0407 0.0079, 0.1413 0.0407 0.0118, 0.1413 0.0407 0.0079, 0.1413 -0.0294 0.0118, 0.1413 -0.0294 0.0079
            ]
        }
        coordIndex [
            0,1,2,-1,2,1,3,-1,1,4,3,-1,3,4,5,-1,4,6,5,-1,5,6,7,-1,6,8,7,-1,7,8,9,-1,8,10,9,-1,9,10,11,-1,10,12,11,-1,11,12,13,-1,12,14,13,-1,13,14,15,-1,14,0,15,-1,15,0,2,-1,16,8,17,-1,17,8,6,-1,18,14,16,-1,16,14,12,-1,16,12,8,-1,8,12,10,-1,18,19,14,-1,14,19,20,-1,14,20,0,-1,0,20,21,-1,0,21,22,-1,22,23,0,-1,0,23,17,-1,0,17,1,-1,1,17,6,-1,1,6,4,-1,16,17,24,-1,24,17,25,-1,18,16,26,-1,26,16,24,-1,18,26,27,-1,18,27,19,-1,19,27,28,-1,19,28,20,-1,21,20,29,-1,29,20,28,-1,21,29,30,-1,21,30,22,-1,22,30,31,-1,22,31,23,-1,17,23,25,-1,25,23,31,-1,32,33,34,-1,34,33,35,-1,33,36,35,-1,35,36,37,-1,36,38,37,-1,37,38,39,-1,40,41,42,-1,40,42,43,-1,43,42,44,-1,43,44,45,-1,45,44,46,-1,45,46,47,-1,47,46,48,-1,47,48,49,-1,49,48,50,-1,49,50,51,-1,51,50,52,-1,51,52,53,-1,53,52,54,-1,53,54,55,-1,55,54,39,-1,55,39,38,-1,32,34,56,-1,32,56,57,-1,57,56,58,-1,57,58,59,-1,59,58,60,-1,59,60,61,-1,61,60,62,-1,61,62,63,-1,63,62,64,-1,63,64,65,-1,65,64,66,-1,65,66,67,-1,67,66,41,-1,67,41,40,-1,45,47,68,-1,68,47,49,-1,68,49,69,-1,69,49,51,-1,69,51,70,-1,70,51,53,-1,70,53,71,-1,71,53,55,-1,71,55,72,-1,72,55,38,-1,72,38,73,-1,73,38,36,-1,73,36,74,-1,74,36,33,-1,74,33,75,-1,75,33,32,-1,75,32,76,-1,76,32,57,-1,76,57,77,-1,77,57,59,-1,77,59,78,-1,78,59,61,-1,78,61,79,-1,79,61,63,-1,79,63,80,-1,80,63,65,-1,80,65,81,-1,81,65,67,-1,81,67,82,-1,82,67,40,-1,82,40,83,-1,83,40,43,-1,83,43,84,-1,84,43,45,-1,84,45,68,-1,72,73,85,-1,85,73,86,-1,72,85,87,-1,72,87,71,-1,71,87,88,-1,71,88,70,-1,70,88,89,-1,70,89,69,-1,69,89,90,-1,69,90,68,-1,68,90,91,-1,68,91,84,-1,84,91,92,-1,84,92,83,-1,83,92,93,-1,83,93,82,-1,82,93,94,-1,82,94,81,-1,81,94,95,-1,81,95,80,-1,80,95,96,-1,80,96,79,-1,79,96,97,-1,79,97,78,-1,78,97,98,-1,78,98,77,-1,77,98,99,-1,77,99,76,-1,76,99,100,-1,76,100,75,-1,74,75,101,-1,101,75,100,-1,73,74,86,-1,86,74,101,-1,102,103,104,-1,104,103,105,-1,103,106,105,-1,105,106,107,-1,106,108,107,-1,107,108,109,-1,108,110,109,-1,109,110,111,-1,110,112,111,-1,111,112,113,-1,112,114,113,-1,113,114,115,-1,114,116,115,-1,115,116,117,-1,116,118,117,-1,117,118,119,-1,118,120,119,-1,119,120,121,-1,120,122,121,-1,121,122,123,-1,122,124,123,-1,123,124,125,-1,124,102,125,-1,125,102,104,-1,106,103,102,-1,102,124,106,-1,106,124,122,-1,106,122,108,-1,112,110,114,-1,114,110,108,-1,114,108,116,-1,116,108,122,-1,116,122,118,-1,118,122,120,-1,126,127,128,-1,128,127,129,-1,129,127,130,-1,131,132,133,-1,131,133,134,-1,134,133,135,-1,134,135,130,-1,130,135,136,-1,130,136,129,-1,137,138,139,-1,137,139,140,-1,140,139,141,-1,140,141,142,-1,142,141,143,-1,142,143,144,-1,144,143,145,-1,144,145,146,-1,146,145,147,-1,146,147,148,-1,148,147,149,-1,148,149,150,-1,150,149,131,-1,131,149,151,-1,131,151,132,-1,152,153,154,-1,152,154,155,-1,155,154,156,-1,155,156,157,-1,157,156,158,-1,157,158,159,-1,159,158,160,-1,159,160,161,-1,161,160,162,-1,161,162,163,-1,163,162,164,-1,163,164,165,-1,165,164,138,-1,165,138,137,-1,166,167,168,-1,166,168,169,-1,169,168,153,-1,169,153,152,-1,166,170,167,-1,167,170,171,-1,172,173,174,-1,172,174,175,-1,175,174,171,-1,175,171,170,-1,176,177,178,-1,176,178,179,-1,179,178,180,-1,179,180,181,-1,181,180,182,-1,181,182,183,-1,183,182,184,-1,183,184,185,-1,185,184,186,-1,185,186,187,-1,187,186,188,-1,187,188,189,-1,189,188,173,-1,189,173,172,-1,190,191,192,-1,190,192,193,-1,193,192,194,-1,193,194,195,-1,195,194,196,-1,195,196,197,-1,197,196,198,-1,197,198,199,-1,199,198,200,-1,199,200,201,-1,201,200,202,-1,201,202,203,-1,203,202,177,-1,203,177,176,-1,126,128,204,-1,126,204,205,-1,205,204,206,-1,205,206,207,-1,207,206,191,-1,207,191,190,-1,193,131,190,-1,190,131,134,-1,190,134,207,-1,207,134,130,-1,207,130,205,-1,205,130,127,-1,205,127,126,-1,170,166,175,-1,175,166,169,-1,175,169,172,-1,172,169,152,-1,172,152,189,-1,189,152,155,-1,189,155,187,-1,187,155,157,-1,187,157,185,-1,185,157,159,-1,185,159,183,-1,183,159,161,-1,183,161,181,-1,181,161,163,-1,181,163,179,-1,179,163,165,-1,179,165,176,-1,176,165,137,-1,176,137,203,-1,203,137,140,-1,203,140,201,-1,201,140,142,-1,201,142,199,-1,199,142,144,-1,199,144,197,-1,197,144,146,-1,197,146,195,-1,195,146,148,-1,195,148,193,-1,193,148,150,-1,193,150,131,-1,208,209,210,-1,210,209,211,-1,209,212,211,-1,211,212,213,-1,212,214,213,-1,213,214,215,-1,214,216,215,-1,215,216,217,-1,216,218,217,-1,217,218,219,-1,218,208,219,-1,219,208,210,-1,216,214,218,-1,218,214,212,-1,218,212,208,-1,208,212,209,-1,
        ]
    }
}
Shape{
    appearance Appearance {
        material  Material {
            diffuseColor 0.25098039215686274 0.25098039215686274 0.25098039215686274
            specularColor 0.12549019607843137 0.12549019607843137 0.12549019607843137
            ambientIntensity 0.251
            transparency 0.0
            shininess 0.5
        }
    }
    geometry IndexedFaceSet {
        ccw TRUE
        solid FALSE
        coord DEF co Coordinate {
            point [
                -0.1176 -0.0073 0.0079, -0.1439 -0.0073 0.0079, -0.1293 0.0256 0.0079, -0.1321 0.0256 0.0079, -0.1301 0.0284 0.0079, -0.1314 0.0284 0.0079, -0.1306 0.0311 0.0079, -0.1308 0.0311 0.0079, -0.0373 0.0321 0.0079, -0.0373 -0.0294 0.0079, -0.0489 0.0321 0.0079, -0.0485 -0.0294 0.0079, -0.0568 -0.0286 0.0079, -0.0796 0.0021 0.0079, -0.0789 0.01 0.0079, -0.0771 0.0162 0.0079, -0.0582 0.0311 0.0079, -0.0634 -0.0265 0.0079, -0.0688 -0.0233 0.0079, -0.0732 -0.019 0.0079, -0.0765 -0.0135 0.0079, -0.0788 -0.0061 0.0079, -0.0743 0.0211 0.0079, -0.0705 0.0251 0.0079, -0.0647 0.0288 0.0079
            ]
        }
        coordIndex [
            0,1,2,-1,2,1,3,-1,2,3,4,-1,4,3,5,-1,4,5,6,-1,6,5,7,-1,8,9,10,-1,10,9,11,-1,10,11,12,-1,13,14,10,-1,10,14,15,-1,10,15,16,-1,12,17,10,-1,10,17,18,-1,10,18,19,-1,19,20,10,-1,10,20,21,-1,10,21,13,-1,22,23,15,-1,15,23,24,-1,15,24,16,-1,
        ]
    }
}
Shape{
    appearance Appearance {
        material  Material {
            diffuseColor 0.7686274509803922 0.7686274509803922 0.7686274509803922
            specularColor 0.615686274509804 0.615686274509804 0.615686274509804
            ambientIntensity 0.7686
            transparency 0.0
            shininess 0.5
        }
    }
    geometry IndexedFaceSet {
        ccw TRUE
        solid FALSE
        coord DEF co Coordinate {
            point [
                1.3031 -0.3543 0.0787, 1.3819 -0.3543 0.0787, 1.3031 -0.3543 0.0, 1.3819 -0.3543 0.0, 1.2975 -0.3547 0.0, 1.2975 -0.3547 0.0787, 1.2921 -0.3559 0.0, 1.2921 -0.3559 0.0787, 1.2868 -0.3579 0.0, 1.2868 -0.3579 0.0787, 1.2819 -0.3606 0.0, 1.2819 -0.3606 0.0787, 1.2774 -0.3639 0.0, 1.2774 -0.3639 0.0787, 1.2734 -0.3679 0.0, 1.2734 -0.3679 0.0787, 1.27 -0.3724 0.0, 1.27 -0.3724 0.0787, 1.2673 -0.3773 0.0, 1.2673 -0.3773 0.0787, 1.2654 -0.3826 0.0, 1.2654 -0.3826 0.0787, 1.2642 -0.3881 0.0, 1.2642 -0.3881 0.0787, 1.2638 -0.3937 0.0, 1.2638 -0.3937 0.0787, 1.2642 -0.3993 0.0, 1.2642 -0.3993 0.0787, 1.2654 -0.4048 0.0, 1.2654 -0.4048 0.0787, 1.2673 -0.4101 0.0, 1.2673 -0.4101 0.0787, 1.27 -0.415 0.0, 1.27 -0.415 0.0787, 1.2734 -0.4195 0.0, 1.2734 -0.4195 0.0787, 1.2774 -0.4235 0.0, 1.2774 -0.4235 0.0787, 1.2819 -0.4268 0.0, 1.2819 -0.4268 0.0787, 1.2868 -0.4295 0.0, 1.2868 -0.4295 0.0787, 1.2921 -0.4315 0.0, 1.2921 -0.4315 0.0787, 1.2975 -0.4327 0.0, 1.2975 -0.4327 0.0787, 1.3031 -0.4331 0.0, 1.3031 -0.4331 0.0787, 1.3819 -0.4331 0.0787, 1.3819 -0.4331 0.0, 1.2205 -0.6142 0.0787, 1.2205 -0.6929 0.0787, 1.2205 -0.6142 0.0, 1.2205 -0.6929 0.0, 1.2201 -0.6086 0.0, 1.2201 -0.6086 0.0787, 1.2189 -0.6031 0.0, 1.2189 -0.6031 0.0787, 1.2169 -0.5978 0.0, 1.2169 -0.5978 0.0787, 1.2142 -0.5929 0.0, 1.2142 -0.5929 0.0787, 1.2109 -0.5884 0.0, 1.2109 -0.5884 0.0787, 1.2069 -0.5844 0.0, 1.2069 -0.5844 0.0787, 1.2024 -0.5811 0.0, 1.2024 -0.5811 0.0787, 1.1975 -0.5784 0.0, 1.1975 -0.5784 0.0787, 1.1922 -0.5764 0.0, 1.1922 -0.5764 0.0787, 1.1867 -0.5752 0.0, 1.1867 -0.5752 0.0787, 1.1811 -0.5748 0.0, 1.1811 -0.5748 0.0787, 1.1755 -0.5752 0.0, 1.1755 -0.5752 0.0787, 1.17 -0.5764 0.0, 1.17 -0.5764 0.0787, 1.1647 -0.5784 0.0, 1.1647 -0.5784 0.0787, 1.1598 -0.5811 0.0, 1.1598 -0.5811 0.0787, 1.1553 -0.5844 0.0, 1.1553 -0.5844 0.0787, 1.1513 -0.5884 0.0, 1.1513 -0.5884 0.0787, 1.148 -0.5929 0.0, 1.148 -0.5929 0.0787, 1.1453 -0.5978 0.0, 1.1453 -0.5978 0.0787, 1.1433 -0.6031 0.0, 1.1433 -0.6031 0.0787, 1.1421 -0.6086 0.0, 1.1421 -0.6086 0.0787, 1.1417 -0.6142 0.0, 1.1417 -0.6142 0.0787, 1.1417 -0.6929 0.0787, 1.1417 -0.6929 0.0, 1.3031 -0.1575 0.0787, 1.3819 -0.1575 0.0787, 1.3031 -0.1575 0.0, 1.3819 -0.1575 0.0, 1.2975 -0.1579 0.0, 1.2975 -0.1579 0.0787, 1.2921 -0.1591 0.0, 1.2921 -0.1591 0.0787, 1.2868 -0.161 0.0, 1.2868 -0.161 0.0787, 1.2819 -0.1637 0.0, 1.2819 -0.1637 0.0787, 1.2774 -0.1671 0.0, 1.2774 -0.1671 0.0787, 1.2734 -0.1711 0.0, 1.2734 -0.1711 0.0787, 1.27 -0.1756 0.0, 1.27 -0.1756 0.0787, 1.2673 -0.1805 0.0, 1.2673 -0.1805 0.0787, 1.2654 -0.1858 0.0, 1.2654 -0.1858 0.0787, 1.2642 -0.1912 0.0, 1.2642 -0.1912 0.0787, 1.2638 -0.1969 0.0, 1.2638 -0.1969 0.0787, 1.2642 -0.2025 0.0, 1.2642 -0.2025 0.0787, 1.2654 -0.2079 0.0, 1.2654 -0.2079 0.0787, 1.2673 -0.2132 0.0, 1.2673 -0.2132 0.0787, 1.27 -0.2181 0.0, 1.27 -0.2181 0.0787, 1.2734 -0.2226 0.0, 1.2734 -0.2226 0.0787, 1.2774 -0.2266 0.0, 1.2774 -0.2266 0.0787, 1.2819 -0.23 0.0, 1.2819 -0.23 0.0787, 1.2868 -0.2327 0.0, 1.2868 -0.2327 0.0787, 1.2921 -0.2346 0.0, 1.2921 -0.2346 0.0787, 1.2975 -0.2358 0.0, 1.2975 -0.2358 0.0787, 1.3031 -0.2362 0.0, 1.3031 -0.2362 0.0787, 1.3819 -0.2362 0.0787, 1.3819 -0.2362 0.0, 1.3031 0.0394 0.0787, 1.3819 0.0394 0.0787, 1.3031 0.0394 0.0, 1.3819 0.0394 0.0, 1.2975 0.039 0.0, 1.2975 0.039 0.0787, 1.2921 0.0378 0.0, 1.2921 0.0378 0.0787, 1.2868 0.0358 0.0, 1.2868 0.0358 0.0787, 1.2819 0.0331 0.0, 1.2819 0.0331 0.0787, 1.2774 0.0298 0.0, 1.2774 0.0298 0.0787, 1.2734 0.0258 0.0, 1.2734 0.0258 0.0787, 1.27 0.0213 0.0, 1.27 0.0213 0.0787, 1.2673 0.0164 0.0, 1.2673 0.0164 0.0787, 1.2654 0.0111 0.0, 1.2654 0.0111 0.0787, 1.2642 0.0056 0.0, 1.2642 0.0056 0.0787, 1.2638 0.0 0.0, 1.2638 0.0 0.0787, 1.2642 -0.0056 0.0, 1.2642 -0.0056 0.0787, 1.2654 -0.0111 0.0, 1.2654 -0.0111 0.0787, 1.2673 -0.0164 0.0, 1.2673 -0.0164 0.0787, 1.27 -0.0213 0.0, 1.27 -0.0213 0.0787, 1.2734 -0.0258 0.0, 1.2734 -0.0258 0.0787, 1.2774 -0.0298 0.0, 1.2774 -0.0298 0.0787, 1.2819 -0.0331 0.0, 1.2819 -0.0331 0.0787, 1.2868 -0.0358 0.0, 1.2868 -0.0358 0.0787, 1.2921 -0.0378 0.0, 1.2921 -0.0378 0.0787, 1.2975 -0.039 0.0, 1.2975 -0.039 0.0787, 1.3031 -0.0394 0.0, 1.3031 -0.0394 0.0787, 1.3819 -0.0394 0.0787, 1.3819 -0.0394 0.0, 1.3031 0.2362 0.0787, 1.3819 0.2362 0.0787, 1.3031 0.2362 0.0, 1.3819 0.2362 0.0, 1.2975 0.2358 0.0, 1.2975 0.2358 0.0787, 1.2921 0.2346 0.0, 1.2921 0.2346 0.0787, 1.2868 0.2327 0.0, 1.2868 0.2327 0.0787, 1.2819 0.23 0.0, 1.2819 0.23 0.0787, 1.2774 0.2266 0.0, 1.2774 0.2266 0.0787, 1.2734 0.2226 0.0, 1.2734 0.2226 0.0787, 1.27 0.2181 0.0, 1.27 0.2181 0.0787, 1.2673 0.2132 0.0, 1.2673 0.2132 0.0787, 1.2654 0.2079 0.0, 1.2654 0.2079 0.0787, 1.2642 0.2025 0.0, 1.2642 0.2025 0.0787, 1.2638 0.1969 0.0, 1.2638 0.1969 0.0787, 1.2642 0.1912 0.0, 1.2642 0.1912 0.0787, 1.2654 0.1858 0.0, 1.2654 0.1858 0.0787, 1.2673 0.1805 0.0, 1.2673 0.1805 0.0787, 1.27 0.1756 0.0, 1.27 0.1756 0.0787, 1.2734 0.1711 0.0, 1.2734 0.1711 0.0787, 1.2774 0.1671 0.0, 1.2774 0.1671 0.0787, 1.2819 0.1637 0.0, 1.2819 0.1637 0.0787, 1.2868 0.161 0.0, 1.2868 0.161 0.0787, 1.2921 0.1591 0.0, 1.2921 0.1591 0.0787, 1.2975 0.1579 0.0, 1.2975 0.1579 0.0787, 1.3031 0.1575 0.0, 1.3031 0.1575 0.0787, 1.3819 0.1575 0.0787, 1.3819 0.1575 0.0, 1.3031 0.4331 0.0787, 1.3819 0.4331 0.0787, 1.3031 0.4331 0.0, 1.3819 0.4331 0.0, 1.2975 0.4327 0.0, 1.2975 0.4327 0.0787, 1.2921 0.4315 0.0, 1.2921 0.4315 0.0787, 1.2868 0.4295 0.0, 1.2868 0.4295 0.0787, 1.2819 0.4268 0.0, 1.2819 0.4268 0.0787, 1.2774 0.4235 0.0, 1.2774 0.4235 0.0787, 1.2734 0.4195 0.0, 1.2734 0.4195 0.0787, 1.27 0.415 0.0, 1.27 0.415 0.0787, 1.2673 0.4101 0.0, 1.2673 0.4101 0.0787, 1.2654 0.4048 0.0, 1.2654 0.4048 0.0787, 1.2642 0.3993 0.0, 1.2642 0.3993 0.0787, 1.2638 0.3937 0.0, 1.2638 0.3937 0.0787, 1.2642 0.3881 0.0, 1.2642 0.3881 0.0787, 1.2654 0.3826 0.0, 1.2654 0.3826 0.0787, 1.2673 0.3773 0.0, 1.2673 0.3773 0.0787, 1.27 0.3724 0.0, 1.27 0.3724 0.0787, 1.2734 0.3679 0.0, 1.2734 0.3679 0.0787, 1.2774 0.3639 0.0, 1.2774 0.3639 0.0787, 1.2819 0.3606 0.0, 1.2819 0.3606 0.0787, 1.2868 0.3579 0.0, 1.2868 0.3579 0.0787, 1.2921 0.3559 0.0, 1.2921 0.3559 0.0787, 1.2975 0.3547 0.0, 1.2975 0.3547 0.0787, 1.3031 0.3543 0.0, 1.3031 0.3543 0.0787, 1.3819 0.3543 0.0787, 1.3819 0.3543 0.0, 1.0236 -0.6142 0.0787, 1.0236 -0.6929 0.0787, 1.0236 -0.6142 0.0, 1.0236 -0.6929 0.0, 1.0232 -0.6086 0.0, 1.0232 -0.6086 0.0787, 1.022 -0.6031 0.0, 1.022 -0.6031 0.0787, 1.0201 -0.5978 0.0, 1.0201 -0.5978 0.0787, 1.0174 -0.5929 0.0, 1.0174 -0.5929 0.0787, 1.014 -0.5884 0.0, 1.014 -0.5884 0.0787, 1.01 -0.5844 0.0, 1.01 -0.5844 0.0787, 1.0055 -0.5811 0.0, 1.0055 -0.5811 0.0787, 1.0006 -0.5784 0.0, 1.0006 -0.5784 0.0787, 0.9953 -0.5764 0.0, 0.9953 -0.5764 0.0787, 0.9899 -0.5752 0.0, 0.9899 -0.5752 0.0787, 0.9843 -0.5748 0.0, 0.9843 -0.5748 0.0787, 0.9786 -0.5752 0.0, 0.9786 -0.5752 0.0787, 0.9732 -0.5764 0.0, 0.9732 -0.5764 0.0787, 0.9679 -0.5784 0.0, 0.9679 -0.5784 0.0787, 0.963 -0.5811 0.0, 0.963 -0.5811 0.0787, 0.9585 -0.5844 0.0, 0.9585 -0.5844 0.0787, 0.9545 -0.5884 0.0, 0.9545 -0.5884 0.0787, 0.9511 -0.5929 0.0, 0.9511 -0.5929 0.0787, 0.9484 -0.5978 0.0, 0.9484 -0.5978 0.0787, 0.9465 -0.6031 0.0, 0.9465 -0.6031 0.0787, 0.9453 -0.6086 0.0, 0.9453 -0.6086 0.0787, 0.9449 -0.6142 0.0, 0.9449 -0.6142 0.0787, 0.9449 -0.6929 0.0787, 0.9449 -0.6929 0.0, 0.8268 -0.6142 0.0787, 0.8268 -0.6929 0.0787, 0.8268 -0.6142 0.0, 0.8268 -0.6929 0.0, 0.8264 -0.6086 0.0, 0.8264 -0.6086 0.0787, 0.8252 -0.6031 0.0, 0.8252 -0.6031 0.0787, 0.8232 -0.5978 0.0, 0.8232 -0.5978 0.0787, 0.8205 -0.5929 0.0, 0.8205 -0.5929 0.0787, 0.8172 -0.5884 0.0, 0.8172 -0.5884 0.0787, 0.8132 -0.5844 0.0, 0.8132 -0.5844 0.0787, 0.8087 -0.5811 0.0, 0.8087 -0.5811 0.0787, 0.8038 -0.5784 0.0, 0.8038 -0.5784 0.0787, 0.7985 -0.5764 0.0, 0.7985 -0.5764 0.0787, 0.793 -0.5752 0.0, 0.793 -0.5752 0.0787, 0.7874 -0.5748 0.0, 0.7874 -0.5748 0.0787, 0.7818 -0.5752 0.0, 0.7818 -0.5752 0.0787, 0.7763 -0.5764 0.0, 0.7763 -0.5764 0.0787, 0.771 -0.5784 0.0, 0.771 -0.5784 0.0787, 0.7661 -0.5811 0.0, 0.7661 -0.5811 0.0787, 0.7616 -0.5844 0.0, 0.7616 -0.5844 0.0787, 0.7576 -0.5884 0.0, 0.7576 -0.5884 0.0787, 0.7543 -0.5929 0.0, 0.7543 -0.5929 0.0787, 0.7516 -0.5978 0.0, 0.7516 -0.5978 0.0787, 0.7496 -0.6031 0.0, 0.7496 -0.6031 0.0787, 0.7484 -0.6086 0.0, 0.7484 -0.6086 0.0787, 0.748 -0.6142 0.0, 0.748 -0.6142 0.0787, 0.748 -0.6929 0.0787, 0.748 -0.6929 0.0, 0.6299 -0.6142 0.0787, 0.6299 -0.6929 0.0787, 0.6299 -0.6142 0.0, 0.6299 -0.6929 0.0, 0.6295 -0.6086 0.0, 0.6295 -0.6086 0.0787, 0.6283 -0.6031 0.0, 0.6283 -0.6031 0.0787, 0.6264 -0.5978 0.0, 0.6264 -0.5978 0.0787, 0.6237 -0.5929 0.0, 0.6237 -0.5929 0.0787, 0.6203 -0.5884 0.0, 0.6203 -0.5884 0.0787, 0.6163 -0.5844 0.0, 0.6163 -0.5844 0.0787, 0.6118 -0.5811 0.0, 0.6118 -0.5811 0.0787, 0.6069 -0.5784 0.0, 0.6069 -0.5784 0.0787, 0.6016 -0.5764 0.0, 0.6016 -0.5764 0.0787, 0.5962 -0.5752 0.0, 0.5962 -0.5752 0.0787, 0.5906 -0.5748 0.0, 0.5906 -0.5748 0.0787, 0.5849 -0.5752 0.0, 0.5849 -0.5752 0.0787, 0.5795 -0.5764 0.0, 0.5795 -0.5764 0.0787, 0.5742 -0.5784 0.0, 0.5742 -0.5784 0.0787, 0.5693 -0.5811 0.0, 0.5693 -0.5811 0.0787, 0.5648 -0.5844 0.0, 0.5648 -0.5844 0.0787, 0.5608 -0.5884 0.0, 0.5608 -0.5884 0.0787, 0.5574 -0.5929 0.0, 0.5574 -0.5929 0.0787, 0.5547 -0.5978 0.0, 0.5547 -0.5978 0.0787, 0.5528 -0.6031 0.0, 0.5528 -0.6031 0.0787, 0.5516 -0.6086 0.0, 0.5516 -0.6086 0.0787, 0.5512 -0.6142 0.0, 0.5512 -0.6142 0.0787, 0.5512 -0.6929 0.0787, 0.5512 -0.6929 0.0, 0.4331 -0.6142 0.0787, 0.4331 -0.6929 0.0787, 0.4331 -0.6142 0.0, 0.4331 -0.6929 0.0, 0.4327 -0.6086 0.0, 0.4327 -0.6086 0.0787, 0.4315 -0.6031 0.0, 0.4315 -0.6031 0.0787, 0.4295 -0.5978 0.0, 0.4295 -0.5978 0.0787, 0.4268 -0.5929 0.0, 0.4268 -0.5929 0.0787, 0.4235 -0.5884 0.0, 0.4235 -0.5884 0.0787, 0.4195 -0.5844 0.0, 0.4195 -0.5844 0.0787, 0.415 -0.5811 0.0, 0.415 -0.5811 0.0787, 0.4101 -0.5784 0.0, 0.4101 -0.5784 0.0787, 0.4048 -0.5764 0.0, 0.4048 -0.5764 0.0787, 0.3993 -0.5752 0.0, 0.3993 -0.5752 0.0787, 0.3937 -0.5748 0.0, 0.3937 -0.5748 0.0787, 0.3881 -0.5752 0.0, 0.3881 -0.5752 0.0787, 0.3826 -0.5764 0.0, 0.3826 -0.5764 0.0787, 0.3773 -0.5784 0.0, 0.3773 -0.5784 0.0787, 0.3724 -0.5811 0.0, 0.3724 -0.5811 0.0787, 0.3679 -0.5844 0.0, 0.3679 -0.5844 0.0787, 0.3639 -0.5884 0.0, 0.3639 -0.5884 0.0787, 0.3606 -0.5929 0.0, 0.3606 -0.5929 0.0787, 0.3579 -0.5978 0.0, 0.3579 -0.5978 0.0787, 0.3559 -0.6031 0.0, 0.3559 -0.6031 0.0787, 0.3547 -0.6086 0.0, 0.3547 -0.6086 0.0787, 0.3543 -0.6142 0.0, 0.3543 -0.6142 0.0787, 0.3543 -0.6929 0.0787, 0.3543 -0.6929 0.0, 0.2362 -0.6142 0.0787, 0.2362 -0.6929 0.0787, 0.2362 -0.6142 0.0, 0.2362 -0.6929 0.0, 0.2358 -0.6086 0.0, 0.2358 -0.6086 0.0787, 0.2346 -0.6031 0.0, 0.2346 -0.6031 0.0787, 0.2327 -0.5978 0.0, 0.2327 -0.5978 0.0787, 0.23 -0.5929 0.0, 0.23 -0.5929 0.0787, 0.2266 -0.5884 0.0, 0.2266 -0.5884 0.0787, 0.2226 -0.5844 0.0, 0.2226 -0.5844 0.0787, 0.2181 -0.5811 0.0, 0.2181 -0.5811 0.0787, 0.2132 -0.5784 0.0, 0.2132 -0.5784 0.0787, 0.2079 -0.5764 0.0, 0.2079 -0.5764 0.0787, 0.2025 -0.5752 0.0, 0.2025 -0.5752 0.0787, 0.1969 -0.5748 0.0, 0.1969 -0.5748 0.0787, 0.1912 -0.5752 0.0, 0.1912 -0.5752 0.0787, 0.1858 -0.5764 0.0, 0.1858 -0.5764 0.0787, 0.1805 -0.5784 0.0, 0.1805 -0.5784 0.0787, 0.1756 -0.5811 0.0, 0.1756 -0.5811 0.0787, 0.1711 -0.5844 0.0, 0.1711 -0.5844 0.0787, 0.1671 -0.5884 0.0, 0.1671 -0.5884 0.0787, 0.1637 -0.5929 0.0, 0.1637 -0.5929 0.0787, 0.161 -0.5978 0.0, 0.161 -0.5978 0.0787, 0.1591 -0.6031 0.0, 0.1591 -0.6031 0.0787, 0.1579 -0.6086 0.0, 0.1579 -0.6086 0.0787, 0.1575 -0.6142 0.0, 0.1575 -0.6142 0.0787, 0.1575 -0.6929 0.0787, 0.1575 -0.6929 0.0, 0.0394 -0.6142 0.0787, 0.0394 -0.6929 0.0787, 0.0394 -0.6142 0.0, 0.0394 -0.6929 0.0, 0.039 -0.6086 0.0, 0.039 -0.6086 0.0787, 0.0378 -0.6031 0.0, 0.0378 -0.6031 0.0787, 0.0358 -0.5978 0.0, 0.0358 -0.5978 0.0787, 0.0331 -0.5929 0.0, 0.0331 -0.5929 0.0787, 0.0298 -0.5884 0.0, 0.0298 -0.5884 0.0787, 0.0258 -0.5844 0.0, 0.0258 -0.5844 0.0787, 0.0213 -0.5811 0.0, 0.0213 -0.5811 0.0787, 0.0164 -0.5784 0.0, 0.0164 -0.5784 0.0787, 0.0111 -0.5764 0.0, 0.0111 -0.5764 0.0787, 0.0056 -0.5752 0.0, 0.0056 -0.5752 0.0787, 0.0 -0.5748 0.0, 0.0 -0.5748 0.0787, -0.0056 -0.5752 0.0, -0.0056 -0.5752 0.0787, -0.0111 -0.5764 0.0, -0.0111 -0.5764 0.0787, -0.0164 -0.5784 0.0, -0.0164 -0.5784 0.0787, -0.0213 -0.5811 0.0, -0.0213 -0.5811 0.0787, -0.0258 -0.5844 0.0, -0.0258 -0.5844 0.0787, -0.0298 -0.5884 0.0, -0.0298 -0.5884 0.0787, -0.0331 -0.5929 0.0, -0.0331 -0.5929 0.0787, -0.0358 -0.5978 0.0, -0.0358 -0.5978 0.0787, -0.0378 -0.6031 0.0, -0.0378 -0.6031 0.0787, -0.039 -0.6086 0.0, -0.039 -0.6086 0.0787, -0.0394 -0.6142 0.0, -0.0394 -0.6142 0.0787, -0.0394 -0.6929 0.0787, -0.0394 -0.6929 0.0, -0.1575 -0.6142 0.0787, -0.1575 -0.6929 0.0787, -0.1575 -0.6142 0.0, -0.1575 -0.6929 0.0, -0.1579 -0.6086 0.0, -0.1579 -0.6086 0.0787, -0.1591 -0.6031 0.0, -0.1591 -0.6031 0.0787, -0.161 -0.5978 0.0, -0.161 -0.5978 0.0787, -0.1637 -0.5929 0.0, -0.1637 -0.5929 0.0787, -0.1671 -0.5884 0.0, -0.1671 -0.5884 0.0787, -0.1711 -0.5844 0.0, -0.1711 -0.5844 0.0787, -0.1756 -0.5811 0.0, -0.1756 -0.5811 0.0787, -0.1805 -0.5784 0.0, -0.1805 -0.5784 0.0787, -0.1858 -0.5764 0.0, -0.1858 -0.5764 0.0787, -0.1912 -0.5752 0.0, -0.1912 -0.5752 0.0787, -0.1969 -0.5748 0.0, -0.1969 -0.5748 0.0787, -0.2025 -0.5752 0.0, -0.2025 -0.5752 0.0787, -0.2079 -0.5764 0.0, -0.2079 -0.5764 0.0787, -0.2132 -0.5784 0.0, -0.2132 -0.5784 0.0787, -0.2181 -0.5811 0.0, -0.2181 -0.5811 0.0787, -0.2226 -0.5844 0.0, -0.2226 -0.5844 0.0787, -0.2266 -0.5884 0.0, -0.2266 -0.5884 0.0787, -0.23 -0.5929 0.0, -0.23 -0.5929 0.0787, -0.2327 -0.5978 0.0, -0.2327 -0.5978 0.0787, -0.2346 -0.6031 0.0, -0.2346 -0.6031 0.0787, -0.2358 -0.6086 0.0, -0.2358 -0.6086 0.0787, -0.2362 -0.6142 0.0, -0.2362 -0.6142 0.0787, -0.2362 -0.6929 0.0787, -0.2362 -0.6929 0.0, -0.3543 -0.6142 0.0787, -0.3543 -0.6929 0.0787, -0.3543 -0.6142 0.0, -0.3543 -0.6929 0.0, -0.3547 -0.6086 0.0, -0.3547 -0.6086 0.0787, -0.3559 -0.6031 0.0, -0.3559 -0.6031 0.0787, -0.3579 -0.5978 0.0, -0.3579 -0.5978 0.0787, -0.3606 -0.5929 0.0, -0.3606 -0.5929 0.0787, -0.3639 -0.5884 0.0, -0.3639 -0.5884 0.0787, -0.3679 -0.5844 0.0, -0.3679 -0.5844 0.0787, -0.3724 -0.5811 0.0, -0.3724 -0.5811 0.0787, -0.3773 -0.5784 0.0, -0.3773 -0.5784 0.0787, -0.3826 -0.5764 0.0, -0.3826 -0.5764 0.0787, -0.3881 -0.5752 0.0, -0.3881 -0.5752 0.0787, -0.3937 -0.5748 0.0, -0.3937 -0.5748 0.0787, -0.3993 -0.5752 0.0, -0.3993 -0.5752 0.0787, -0.4048 -0.5764 0.0, -0.4048 -0.5764 0.0787, -0.4101 -0.5784 0.0, -0.4101 -0.5784 0.0787, -0.415 -0.5811 0.0, -0.415 -0.5811 0.0787, -0.4195 -0.5844 0.0, -0.4195 -0.5844 0.0787, -0.4235 -0.5884 0.0, -0.4235 -0.5884 0.0787, -0.4268 -0.5929 0.0, -0.4268 -0.5929 0.0787, -0.4295 -0.5978 0.0, -0.4295 -0.5978 0.0787, -0.4315 -0.6031 0.0, -0.4315 -0.6031 0.0787, -0.4327 -0.6086 0.0, -0.4327 -0.6086 0.0787, -0.4331 -0.6142 0.0, -0.4331 -0.6142 0.0787, -0.4331 -0.6929 0.0787, -0.4331 -0.6929 0.0, -0.5512 -0.6142 0.0787, -0.5512 -0.6929 0.0787, -0.5512 -0.6142 0.0, -0.5512 -0.6929 0.0, -0.5516 -0.6086 0.0, -0.5516 -0.6086 0.0787, -0.5528 -0.6031 0.0, -0.5528 -0.6031 0.0787, -0.5547 -0.5978 0.0, -0.5547 -0.5978 0.0787, -0.5574 -0.5929 0.0, -0.5574 -0.5929 0.0787, -0.5608 -0.5884 0.0, -0.5608 -0.5884 0.0787, -0.5648 -0.5844 0.0, -0.5648 -0.5844 0.0787, -0.5693 -0.5811 0.0, -0.5693 -0.5811 0.0787, -0.5742 -0.5784 0.0, -0.5742 -0.5784 0.0787, -0.5795 -0.5764 0.0, -0.5795 -0.5764 0.0787, -0.5849 -0.5752 0.0, -0.5849 -0.5752 0.0787, -0.5906 -0.5748 0.0, -0.5906 -0.5748 0.0787, -0.5962 -0.5752 0.0, -0.5962 -0.5752 0.0787, -0.6016 -0.5764 0.0, -0.6016 -0.5764 0.0787, -0.6069 -0.5784 0.0, -0.6069 -0.5784 0.0787, -0.6118 -0.5811 0.0, -0.6118 -0.5811 0.0787, -0.6163 -0.5844 0.0, -0.6163 -0.5844 0.0787, -0.6203 -0.5884 0.0, -0.6203 -0.5884 0.0787, -0.6237 -0.5929 0.0, -0.6237 -0.5929 0.0787, -0.6264 -0.5978 0.0, -0.6264 -0.5978 0.0787, -0.6283 -0.6031 0.0, -0.6283 -0.6031 0.0787, -0.6295 -0.6086 0.0, -0.6295 -0.6086 0.0787, -0.6299 -0.6142 0.0, -0.6299 -0.6142 0.0787, -0.6299 -0.6929 0.0787, -0.6299 -0.6929 0.0, -0.748 -0.6142 0.0787, -0.748 -0.6929 0.0787, -0.748 -0.6142 0.0, -0.748 -0.6929 0.0, -0.7484 -0.6086 0.0, -0.7484 -0.6086 0.0787, -0.7496 -0.6031 0.0, -0.7496 -0.6031 0.0787, -0.7516 -0.5978 0.0, -0.7516 -0.5978 0.0787, -0.7543 -0.5929 0.0, -0.7543 -0.5929 0.0787, -0.7576 -0.5884 0.0, -0.7576 -0.5884 0.0787, -0.7616 -0.5844 0.0, -0.7616 -0.5844 0.0787, -0.7661 -0.5811 0.0, -0.7661 -0.5811 0.0787, -0.771 -0.5784 0.0, -0.771 -0.5784 0.0787, -0.7763 -0.5764 0.0, -0.7763 -0.5764 0.0787, -0.7818 -0.5752 0.0, -0.7818 -0.5752 0.0787, -0.7874 -0.5748 0.0, -0.7874 -0.5748 0.0787, -0.793 -0.5752 0.0, -0.793 -0.5752 0.0787, -0.7985 -0.5764 0.0, -0.7985 -0.5764 0.0787, -0.8038 -0.5784 0.0, -0.8038 -0.5784 0.0787, -0.8087 -0.5811 0.0, -0.8087 -0.5811 0.0787, -0.8132 -0.5844 0.0, -0.8132 -0.5844 0.0787, -0.8172 -0.5884 0.0, -0.8172 -0.5884 0.0787, -0.8205 -0.5929 0.0, -0.8205 -0.5929 0.0787, -0.8232 -0.5978 0.0, -0.8232 -0.5978 0.0787, -0.8252 -0.6031 0.0, -0.8252 -0.6031 0.0787, -0.8264 -0.6086 0.0, -0.8264 -0.6086 0.0787, -0.8268 -0.6142 0.0, -0.8268 -0.6142 0.0787, -0.8268 -0.6929 0.0787, -0.8268 -0.6929 0.0, -0.9449 -0.6142 0.0787, -0.9449 -0.6929 0.0787, -0.9449 -0.6142 0.0, -0.9449 -0.6929 0.0, -0.9453 -0.6086 0.0, -0.9453 -0.6086 0.0787, -0.9465 -0.6031 0.0, -0.9465 -0.6031 0.0787, -0.9484 -0.5978 0.0, -0.9484 -0.5978 0.0787, -0.9511 -0.5929 0.0, -0.9511 -0.5929 0.0787, -0.9545 -0.5884 0.0, -0.9545 -0.5884 0.0787, -0.9585 -0.5844 0.0, -0.9585 -0.5844 0.0787, -0.963 -0.5811 0.0, -0.963 -0.5811 0.0787, -0.9679 -0.5784 0.0, -0.9679 -0.5784 0.0787, -0.9732 -0.5764 0.0, -0.9732 -0.5764 0.0787, -0.9786 -0.5752 0.0, -0.9786 -0.5752 0.0787, -0.9843 -0.5748 0.0, -0.9843 -0.5748 0.0787, -0.9899 -0.5752 0.0, -0.9899 -0.5752 0.0787, -0.9953 -0.5764 0.0, -0.9953 -0.5764 0.0787, -1.0006 -0.5784 0.0, -1.0006 -0.5784 0.0787, -1.0055 -0.5811 0.0, -1.0055 -0.5811 0.0787, -1.01 -0.5844 0.0, -1.01 -0.5844 0.0787, -1.014 -0.5884 0.0, -1.014 -0.5884 0.0787, -1.0174 -0.5929 0.0, -1.0174 -0.5929 0.0787, -1.0201 -0.5978 0.0, -1.0201 -0.5978 0.0787, -1.022 -0.6031 0.0, -1.022 -0.6031 0.0787, -1.0232 -0.6086 0.0, -1.0232 -0.6086 0.0787, -1.0236 -0.6142 0.0, -1.0236 -0.6142 0.0787, -1.0236 -0.6929 0.0787, -1.0236 -0.6929 0.0, -1.1417 -0.6142 0.0787, -1.1417 -0.6929 0.0787, -1.1417 -0.6142 0.0, -1.1417 -0.6929 0.0, -1.1421 -0.6086 0.0, -1.1421 -0.6086 0.0787, -1.1433 -0.6031 0.0, -1.1433 -0.6031 0.0787, -1.1453 -0.5978 0.0, -1.1453 -0.5978 0.0787, -1.148 -0.5929 0.0, -1.148 -0.5929 0.0787, -1.1513 -0.5884 0.0, -1.1513 -0.5884 0.0787, -1.1553 -0.5844 0.0, -1.1553 -0.5844 0.0787, -1.1598 -0.5811 0.0, -1.1598 -0.5811 0.0787, -1.1647 -0.5784 0.0, -1.1647 -0.5784 0.0787, -1.17 -0.5764 0.0, -1.17 -0.5764 0.0787, -1.1755 -0.5752 0.0, -1.1755 -0.5752 0.0787, -1.1811 -0.5748 0.0, -1.1811 -0.5748 0.0787, -1.1867 -0.5752 0.0, -1.1867 -0.5752 0.0787, -1.1922 -0.5764 0.0, -1.1922 -0.5764 0.0787, -1.1975 -0.5784 0.0, -1.1975 -0.5784 0.0787, -1.2024 -0.5811 0.0, -1.2024 -0.5811 0.0787, -1.2069 -0.5844 0.0, -1.2069 -0.5844 0.0787, -1.2109 -0.5884 0.0, -1.2109 -0.5884 0.0787, -1.2142 -0.5929 0.0, -1.2142 -0.5929 0.0787, -1.2169 -0.5978 0.0, -1.2169 -0.5978 0.0787, -1.2189 -0.6031 0.0, -1.2189 -0.6031 0.0787, -1.2201 -0.6086 0.0, -1.2201 -0.6086 0.0787, -1.2205 -0.6142 0.0, -1.2205 -0.6142 0.0787, -1.2205 -0.6929 0.0787, -1.2205 -0.6929 0.0, -1.3031 -0.3543 0.0, -1.3819 -0.3543 0.0, -1.3031 -0.3543 0.0787, -1.3819 -0.3543 0.0787, -1.2975 -0.3547 0.0787, -1.2975 -0.3547 0.0, -1.2921 -0.3559 0.0787, -1.2921 -0.3559 0.0, -1.2868 -0.3579 0.0787, -1.2868 -0.3579 0.0, -1.2819 -0.3606 0.0787, -1.2819 -0.3606 0.0, -1.2774 -0.3639 0.0787, -1.2774 -0.3639 0.0, -1.2734 -0.3679 0.0787, -1.2734 -0.3679 0.0, -1.27 -0.3724 0.0787, -1.27 -0.3724 0.0, -1.2673 -0.3773 0.0787, -1.2673 -0.3773 0.0, -1.2654 -0.3826 0.0787, -1.2654 -0.3826 0.0, -1.2642 -0.3881 0.0787, -1.2642 -0.3881 0.0, -1.2638 -0.3937 0.0787, -1.2638 -0.3937 0.0, -1.2642 -0.3993 0.0787, -1.2642 -0.3993 0.0, -1.2654 -0.4048 0.0787, -1.2654 -0.4048 0.0, -1.2673 -0.4101 0.0787, -1.2673 -0.4101 0.0, -1.27 -0.415 0.0787, -1.27 -0.415 0.0, -1.2734 -0.4195 0.0787, -1.2734 -0.4195 0.0, -1.2774 -0.4235 0.0787, -1.2774 -0.4235 0.0, -1.2819 -0.4268 0.0787, -1.2819 -0.4268 0.0, -1.2868 -0.4295 0.0787, -1.2868 -0.4295 0.0, -1.2921 -0.4315 0.0787, -1.2921 -0.4315 0.0, -1.2975 -0.4327 0.0787, -1.2975 -0.4327 0.0, -1.3031 -0.4331 0.0787, -1.3031 -0.4331 0.0, -1.3819 -0.4331 0.0, -1.3819 -0.4331 0.0787, -1.3031 -0.1575 0.0, -1.3819 -0.1575 0.0, -1.3031 -0.1575 0.0787, -1.3819 -0.1575 0.0787, -1.2975 -0.1579 0.0787, -1.2975 -0.1579 0.0, -1.2921 -0.1591 0.0787, -1.2921 -0.1591 0.0, -1.2868 -0.161 0.0787, -1.2868 -0.161 0.0, -1.2819 -0.1637 0.0787, -1.2819 -0.1637 0.0, -1.2774 -0.1671 0.0787, -1.2774 -0.1671 0.0, -1.2734 -0.1711 0.0787, -1.2734 -0.1711 0.0, -1.27 -0.1756 0.0787, -1.27 -0.1756 0.0, -1.2673 -0.1805 0.0787, -1.2673 -0.1805 0.0, -1.2654 -0.1858 0.0787, -1.2654 -0.1858 0.0, -1.2642 -0.1912 0.0787, -1.2642 -0.1912 0.0, -1.2638 -0.1969 0.0787, -1.2638 -0.1969 0.0, -1.2642 -0.2025 0.0787, -1.2642 -0.2025 0.0, -1.2654 -0.2079 0.0787, -1.2654 -0.2079 0.0, -1.2673 -0.2132 0.0787, -1.2673 -0.2132 0.0, -1.27 -0.2181 0.0787, -1.27 -0.2181 0.0, -1.2734 -0.2226 0.0787, -1.2734 -0.2226 0.0, -1.2774 -0.2266 0.0787, -1.2774 -0.2266 0.0, -1.2819 -0.23 0.0787, -1.2819 -0.23 0.0, -1.2868 -0.2327 0.0787, -1.2868 -0.2327 0.0, -1.2921 -0.2346 0.0787, -1.2921 -0.2346 0.0, -1.2975 -0.2358 0.0787, -1.2975 -0.2358 0.0, -1.3031 -0.2362 0.0787, -1.3031 -0.2362 0.0, -1.3819 -0.2362 0.0, -1.3819 -0.2362 0.0787, -1.3031 0.0394 0.0, -1.3819 0.0394 0.0, -1.3031 0.0394 0.0787, -1.3819 0.0394 0.0787, -1.2975 0.039 0.0787, -1.2975 0.039 0.0, -1.2921 0.0378 0.0787, -1.2921 0.0378 0.0, -1.2868 0.0358 0.0787, -1.2868 0.0358 0.0, -1.2819 0.0331 0.0787, -1.2819 0.0331 0.0, -1.2774 0.0298 0.0787, -1.2774 0.0298 0.0, -1.2734 0.0258 0.0787, -1.2734 0.0258 0.0, -1.27 0.0213 0.0787, -1.27 0.0213 0.0, -1.2673 0.0164 0.0787, -1.2673 0.0164 0.0, -1.2654 0.0111 0.0787, -1.2654 0.0111 0.0, -1.2642 0.0056 0.0787, -1.2642 0.0056 0.0, -1.2638 0.0 0.0787, -1.2638 0.0 0.0, -1.2642 -0.0056 0.0787, -1.2642 -0.0056 0.0, -1.2654 -0.0111 0.0787, -1.2654 -0.0111 0.0, -1.2673 -0.0164 0.0787, -1.2673 -0.0164 0.0, -1.27 -0.0213 0.0787, -1.27 -0.0213 0.0, -1.2734 -0.0258 0.0787, -1.2734 -0.0258 0.0, -1.2774 -0.0298 0.0787, -1.2774 -0.0298 0.0, -1.2819 -0.0331 0.0787, -1.2819 -0.0331 0.0, -1.2868 -0.0358 0.0787, -1.2868 -0.0358 0.0, -1.2921 -0.0378 0.0787, -1.2921 -0.0378 0.0, -1.2975 -0.039 0.0787, -1.2975 -0.039 0.0, -1.3031 -0.0394 0.0787, -1.3031 -0.0394 0.0, -1.3819 -0.0394 0.0, -1.3819 -0.0394 0.0787, -1.3031 0.2362 0.0, -1.3819 0.2362 0.0, -1.3031 0.2362 0.0787, -1.3819 0.2362 0.0787, -1.2975 0.2358 0.0787, -1.2975 0.2358 0.0, -1.2921 0.2346 0.0787, -1.2921 0.2346 0.0, -1.2868 0.2327 0.0787, -1.2868 0.2327 0.0, -1.2819 0.23 0.0787, -1.2819 0.23 0.0, -1.2774 0.2266 0.0787, -1.2774 0.2266 0.0, -1.2734 0.2226 0.0787, -1.2734 0.2226 0.0, -1.27 0.2181 0.0787, -1.27 0.2181 0.0, -1.2673 0.2132 0.0787, -1.2673 0.2132 0.0, -1.2654 0.2079 0.0787, -1.2654 0.2079 0.0, -1.2642 0.2025 0.0787, -1.2642 0.2025 0.0, -1.2638 0.1969 0.0787, -1.2638 0.1969 0.0, -1.2642 0.1912 0.0787, -1.2642 0.1912 0.0, -1.2654 0.1858 0.0787, -1.2654 0.1858 0.0, -1.2673 0.1805 0.0787, -1.2673 0.1805 0.0, -1.27 0.1756 0.0787, -1.27 0.1756 0.0, -1.2734 0.1711 0.0787, -1.2734 0.1711 0.0, -1.2774 0.1671 0.0787, -1.2774 0.1671 0.0, -1.2819 0.1637 0.0787, -1.2819 0.1637 0.0, -1.2868 0.161 0.0787, -1.2868 0.161 0.0, -1.2921 0.1591 0.0787, -1.2921 0.1591 0.0, -1.2975 0.1579 0.0787, -1.2975 0.1579 0.0, -1.3031 0.1575 0.0787, -1.3031 0.1575 0.0, -1.3819 0.1575 0.0, -1.3819 0.1575 0.0787, -1.3031 0.4331 0.0, -1.3819 0.4331 0.0, -1.3031 0.4331 0.0787, -1.3819 0.4331 0.0787, -1.2975 0.4327 0.0787, -1.2975 0.4327 0.0, -1.2921 0.4315 0.0787, -1.2921 0.4315 0.0, -1.2868 0.4295 0.0787, -1.2868 0.4295 0.0, -1.2819 0.4268 0.0787, -1.2819 0.4268 0.0, -1.2774 0.4235 0.0787, -1.2774 0.4235 0.0, -1.2734 0.4195 0.0787, -1.2734 0.4195 0.0, -1.27 0.415 0.0787, -1.27 0.415 0.0, -1.2673 0.4101 0.0787, -1.2673 0.4101 0.0, -1.2654 0.4048 0.0787, -1.2654 0.4048 0.0, -1.2642 0.3993 0.0787, -1.2642 0.3993 0.0, -1.2638 0.3937 0.0787, -1.2638 0.3937 0.0, -1.2642 0.3881 0.0787, -1.2642 0.3881 0.0, -1.2654 0.3826 0.0787, -1.2654 0.3826 0.0, -1.2673 0.3773 0.0787, -1.2673 0.3773 0.0, -1.27 0.3724 0.0787, -1.27 0.3724 0.0, -1.2734 0.3679 0.0787, -1.2734 0.3679 0.0, -1.2774 0.3639 0.0787, -1.2774 0.3639 0.0, -1.2819 0.3606 0.0787, -1.2819 0.3606 0.0, -1.2868 0.3579 0.0787, -1.2868 0.3579 0.0, -1.2921 0.3559 0.0787, -1.2921 0.3559 0.0, -1.2975 0.3547 0.0787, -1.2975 0.3547 0.0, -1.3031 0.3543 0.0787, -1.3031 0.3543 0.0, -1.3819 0.3543 0.0, -1.3819 0.3543 0.0787, 1.2205 0.6142 0.0, 1.2205 0.6929 0.0, 1.2205 0.6142 0.0787, 1.2205 0.6929 0.0787, 1.2201 0.6086 0.0787, 1.2201 0.6086 0.0, 1.2189 0.6031 0.0787, 1.2189 0.6031 0.0, 1.2169 0.5978 0.0787, 1.2169 0.5978 0.0, 1.2142 0.5929 0.0787, 1.2142 0.5929 0.0, 1.2109 0.5884 0.0787, 1.2109 0.5884 0.0, 1.2069 0.5844 0.0787, 1.2069 0.5844 0.0, 1.2024 0.5811 0.0787, 1.2024 0.5811 0.0, 1.1975 0.5784 0.0787, 1.1975 0.5784 0.0, 1.1922 0.5764 0.0787, 1.1922 0.5764 0.0, 1.1867 0.5752 0.0787, 1.1867 0.5752 0.0, 1.1811 0.5748 0.0787, 1.1811 0.5748 0.0, 1.1755 0.5752 0.0787, 1.1755 0.5752 0.0, 1.17 0.5764 0.0787, 1.17 0.5764 0.0, 1.1647 0.5784 0.0787, 1.1647 0.5784 0.0, 1.1598 0.5811 0.0787, 1.1598 0.5811 0.0, 1.1553 0.5844 0.0787, 1.1553 0.5844 0.0, 1.1513 0.5884 0.0787, 1.1513 0.5884 0.0, 1.148 0.5929 0.0787, 1.148 0.5929 0.0, 1.1453 0.5978 0.0787, 1.1453 0.5978 0.0, 1.1433 0.6031 0.0787, 1.1433 0.6031 0.0, 1.1421 0.6086 0.0787, 1.1421 0.6086 0.0, 1.1417 0.6142 0.0787, 1.1417 0.6142 0.0, 1.1417 0.6929 0.0, 1.1417 0.6929 0.0787, 1.0236 0.6142 0.0, 1.0236 0.6929 0.0, 1.0236 0.6142 0.0787, 1.0236 0.6929 0.0787, 1.0232 0.6086 0.0787, 1.0232 0.6086 0.0, 1.022 0.6031 0.0787, 1.022 0.6031 0.0, 1.0201 0.5978 0.0787, 1.0201 0.5978 0.0, 1.0174 0.5929 0.0787, 1.0174 0.5929 0.0, 1.014 0.5884 0.0787, 1.014 0.5884 0.0, 1.01 0.5844 0.0787, 1.01 0.5844 0.0, 1.0055 0.5811 0.0787, 1.0055 0.5811 0.0, 1.0006 0.5784 0.0787, 1.0006 0.5784 0.0, 0.9953 0.5764 0.0787, 0.9953 0.5764 0.0, 0.9899 0.5752 0.0787, 0.9899 0.5752 0.0, 0.9843 0.5748 0.0787, 0.9843 0.5748 0.0, 0.9786 0.5752 0.0787, 0.9786 0.5752 0.0, 0.9732 0.5764 0.0787, 0.9732 0.5764 0.0, 0.9679 0.5784 0.0787, 0.9679 0.5784 0.0, 0.963 0.5811 0.0787, 0.963 0.5811 0.0, 0.9585 0.5844 0.0787, 0.9585 0.5844 0.0, 0.9545 0.5884 0.0787, 0.9545 0.5884 0.0, 0.9511 0.5929 0.0787, 0.9511 0.5929 0.0, 0.9484 0.5978 0.0787, 0.9484 0.5978 0.0, 0.9465 0.6031 0.0787, 0.9465 0.6031 0.0, 0.9453 0.6086 0.0787, 0.9453 0.6086 0.0, 0.9449 0.6142 0.0787, 0.9449 0.6142 0.0, 0.9449 0.6929 0.0, 0.9449 0.6929 0.0787, 0.8268 0.6142 0.0, 0.8268 0.6929 0.0, 0.8268 0.6142 0.0787, 0.8268 0.6929 0.0787, 0.8264 0.6086 0.0787, 0.8264 0.6086 0.0, 0.8252 0.6031 0.0787, 0.8252 0.6031 0.0, 0.8232 0.5978 0.0787, 0.8232 0.5978 0.0, 0.8205 0.5929 0.0787, 0.8205 0.5929 0.0, 0.8172 0.5884 0.0787, 0.8172 0.5884 0.0, 0.8132 0.5844 0.0787, 0.8132 0.5844 0.0, 0.8087 0.5811 0.0787, 0.8087 0.5811 0.0, 0.8038 0.5784 0.0787, 0.8038 0.5784 0.0, 0.7985 0.5764 0.0787, 0.7985 0.5764 0.0, 0.793 0.5752 0.0787, 0.793 0.5752 0.0, 0.7874 0.5748 0.0787, 0.7874 0.5748 0.0, 0.7818 0.5752 0.0787, 0.7818 0.5752 0.0, 0.7763 0.5764 0.0787, 0.7763 0.5764 0.0, 0.771 0.5784 0.0787, 0.771 0.5784 0.0, 0.7661 0.5811 0.0787, 0.7661 0.5811 0.0, 0.7616 0.5844 0.0787, 0.7616 0.5844 0.0, 0.7576 0.5884 0.0787, 0.7576 0.5884 0.0, 0.7543 0.5929 0.0787, 0.7543 0.5929 0.0, 0.7516 0.5978 0.0787, 0.7516 0.5978 0.0, 0.7496 0.6031 0.0787, 0.7496 0.6031 0.0, 0.7484 0.6086 0.0787, 0.7484 0.6086 0.0, 0.748 0.6142 0.0787, 0.748 0.6142 0.0, 0.748 0.6929 0.0, 0.748 0.6929 0.0787, 0.6299 0.6142 0.0, 0.6299 0.6929 0.0, 0.6299 0.6142 0.0787, 0.6299 0.6929 0.0787, 0.6295 0.6086 0.0787, 0.6295 0.6086 0.0, 0.6283 0.6031 0.0787, 0.6283 0.6031 0.0, 0.6264 0.5978 0.0787, 0.6264 0.5978 0.0, 0.6237 0.5929 0.0787, 0.6237 0.5929 0.0, 0.6203 0.5884 0.0787, 0.6203 0.5884 0.0, 0.6163 0.5844 0.0787, 0.6163 0.5844 0.0, 0.6118 0.5811 0.0787, 0.6118 0.5811 0.0, 0.6069 0.5784 0.0787, 0.6069 0.5784 0.0, 0.6016 0.5764 0.0787, 0.6016 0.5764 0.0, 0.5962 0.5752 0.0787, 0.5962 0.5752 0.0, 0.5906 0.5748 0.0787, 0.5906 0.5748 0.0, 0.5849 0.5752 0.0787, 0.5849 0.5752 0.0, 0.5795 0.5764 0.0787, 0.5795 0.5764 0.0, 0.5742 0.5784 0.0787, 0.5742 0.5784 0.0, 0.5693 0.5811 0.0787, 0.5693 0.5811 0.0, 0.5648 0.5844 0.0787, 0.5648 0.5844 0.0, 0.5608 0.5884 0.0787, 0.5608 0.5884 0.0, 0.5574 0.5929 0.0787, 0.5574 0.5929 0.0, 0.5547 0.5978 0.0787, 0.5547 0.5978 0.0, 0.5528 0.6031 0.0787, 0.5528 0.6031 0.0, 0.5516 0.6086 0.0787, 0.5516 0.6086 0.0, 0.5512 0.6142 0.0787, 0.5512 0.6142 0.0, 0.5512 0.6929 0.0, 0.5512 0.6929 0.0787, 0.4331 0.6142 0.0, 0.4331 0.6929 0.0, 0.4331 0.6142 0.0787, 0.4331 0.6929 0.0787, 0.4327 0.6086 0.0787, 0.4327 0.6086 0.0, 0.4315 0.6031 0.0787, 0.4315 0.6031 0.0, 0.4295 0.5978 0.0787, 0.4295 0.5978 0.0, 0.4268 0.5929 0.0787, 0.4268 0.5929 0.0, 0.4235 0.5884 0.0787, 0.4235 0.5884 0.0, 0.4195 0.5844 0.0787, 0.4195 0.5844 0.0, 0.415 0.5811 0.0787, 0.415 0.5811 0.0, 0.4101 0.5784 0.0787, 0.4101 0.5784 0.0, 0.4048 0.5764 0.0787, 0.4048 0.5764 0.0, 0.3993 0.5752 0.0787, 0.3993 0.5752 0.0, 0.3937 0.5748 0.0787, 0.3937 0.5748 0.0, 0.3881 0.5752 0.0787, 0.3881 0.5752 0.0, 0.3826 0.5764 0.0787, 0.3826 0.5764 0.0, 0.3773 0.5784 0.0787, 0.3773 0.5784 0.0, 0.3724 0.5811 0.0787, 0.3724 0.5811 0.0, 0.3679 0.5844 0.0787, 0.3679 0.5844 0.0, 0.3639 0.5884 0.0787, 0.3639 0.5884 0.0, 0.3606 0.5929 0.0787, 0.3606 0.5929 0.0, 0.3579 0.5978 0.0787, 0.3579 0.5978 0.0, 0.3559 0.6031 0.0787, 0.3559 0.6031 0.0, 0.3547 0.6086 0.0787, 0.3547 0.6086 0.0, 0.3543 0.6142 0.0787, 0.3543 0.6142 0.0, 0.3543 0.6929 0.0, 0.3543 0.6929 0.0787, 0.2362 0.6142 0.0, 0.2362 0.6929 0.0, 0.2362 0.6142 0.0787, 0.2362 0.6929 0.0787, 0.2358 0.6086 0.0787, 0.2358 0.6086 0.0, 0.2346 0.6031 0.0787, 0.2346 0.6031 0.0, 0.2327 0.5978 0.0787, 0.2327 0.5978 0.0, 0.23 0.5929 0.0787, 0.23 0.5929 0.0, 0.2266 0.5884 0.0787, 0.2266 0.5884 0.0, 0.2226 0.5844 0.0787, 0.2226 0.5844 0.0, 0.2181 0.5811 0.0787, 0.2181 0.5811 0.0, 0.2132 0.5784 0.0787, 0.2132 0.5784 0.0, 0.2079 0.5764 0.0787, 0.2079 0.5764 0.0, 0.2025 0.5752 0.0787, 0.2025 0.5752 0.0, 0.1969 0.5748 0.0787, 0.1969 0.5748 0.0, 0.1912 0.5752 0.0787, 0.1912 0.5752 0.0, 0.1858 0.5764 0.0787, 0.1858 0.5764 0.0, 0.1805 0.5784 0.0787, 0.1805 0.5784 0.0, 0.1756 0.5811 0.0787, 0.1756 0.5811 0.0, 0.1711 0.5844 0.0787, 0.1711 0.5844 0.0, 0.1671 0.5884 0.0787, 0.1671 0.5884 0.0, 0.1637 0.5929 0.0787, 0.1637 0.5929 0.0, 0.161 0.5978 0.0787, 0.161 0.5978 0.0, 0.1591 0.6031 0.0787, 0.1591 0.6031 0.0, 0.1579 0.6086 0.0787, 0.1579 0.6086 0.0, 0.1575 0.6142 0.0787, 0.1575 0.6142 0.0, 0.1575 0.6929 0.0, 0.1575 0.6929 0.0787, 0.0394 0.6142 0.0, 0.0394 0.6929 0.0, 0.0394 0.6142 0.0787, 0.0394 0.6929 0.0787, 0.039 0.6086 0.0787, 0.039 0.6086 0.0, 0.0378 0.6031 0.0787, 0.0378 0.6031 0.0, 0.0358 0.5978 0.0787, 0.0358 0.5978 0.0, 0.0331 0.5929 0.0787, 0.0331 0.5929 0.0, 0.0298 0.5884 0.0787, 0.0298 0.5884 0.0, 0.0258 0.5844 0.0787, 0.0258 0.5844 0.0, 0.0213 0.5811 0.0787, 0.0213 0.5811 0.0, 0.0164 0.5784 0.0787, 0.0164 0.5784 0.0, 0.0111 0.5764 0.0787, 0.0111 0.5764 0.0, 0.0056 0.5752 0.0787, 0.0056 0.5752 0.0, 0.0 0.5748 0.0787, 0.0 0.5748 0.0, -0.0056 0.5752 0.0787, -0.0056 0.5752 0.0, -0.0111 0.5764 0.0787, -0.0111 0.5764 0.0, -0.0164 0.5784 0.0787, -0.0164 0.5784 0.0, -0.0213 0.5811 0.0787, -0.0213 0.5811 0.0, -0.0258 0.5844 0.0787, -0.0258 0.5844 0.0, -0.0298 0.5884 0.0787, -0.0298 0.5884 0.0, -0.0331 0.5929 0.0787, -0.0331 0.5929 0.0, -0.0358 0.5978 0.0787, -0.0358 0.5978 0.0, -0.0378 0.6031 0.0787, -0.0378 0.6031 0.0, -0.039 0.6086 0.0787, -0.039 0.6086 0.0, -0.0394 0.6142 0.0787, -0.0394 0.6142 0.0, -0.0394 0.6929 0.0, -0.0394 0.6929 0.0787, -0.1575 0.6142 0.0, -0.1575 0.6929 0.0, -0.1575 0.6142 0.0787, -0.1575 0.6929 0.0787, -0.1579 0.6086 0.0787, -0.1579 0.6086 0.0, -0.1591 0.6031 0.0787, -0.1591 0.6031 0.0, -0.161 0.5978 0.0787, -0.161 0.5978 0.0, -0.1637 0.5929 0.0787, -0.1637 0.5929 0.0, -0.1671 0.5884 0.0787, -0.1671 0.5884 0.0, -0.1711 0.5844 0.0787, -0.1711 0.5844 0.0, -0.1756 0.5811 0.0787, -0.1756 0.5811 0.0, -0.1805 0.5784 0.0787, -0.1805 0.5784 0.0, -0.1858 0.5764 0.0787, -0.1858 0.5764 0.0, -0.1912 0.5752 0.0787, -0.1912 0.5752 0.0, -0.1969 0.5748 0.0787, -0.1969 0.5748 0.0, -0.2025 0.5752 0.0787, -0.2025 0.5752 0.0, -0.2079 0.5764 0.0787, -0.2079 0.5764 0.0, -0.2132 0.5784 0.0787, -0.2132 0.5784 0.0, -0.2181 0.5811 0.0787, -0.2181 0.5811 0.0, -0.2226 0.5844 0.0787, -0.2226 0.5844 0.0, -0.2266 0.5884 0.0787, -0.2266 0.5884 0.0, -0.23 0.5929 0.0787, -0.23 0.5929 0.0, -0.2327 0.5978 0.0787, -0.2327 0.5978 0.0, -0.2346 0.6031 0.0787, -0.2346 0.6031 0.0, -0.2358 0.6086 0.0787, -0.2358 0.6086 0.0, -0.2362 0.6142 0.0787, -0.2362 0.6142 0.0, -0.2362 0.6929 0.0, -0.2362 0.6929 0.0787, -0.3543 0.6142 0.0, -0.3543 0.6929 0.0, -0.3543 0.6142 0.0787, -0.3543 0.6929 0.0787, -0.3547 0.6086 0.0787, -0.3547 0.6086 0.0, -0.3559 0.6031 0.0787, -0.3559 0.6031 0.0, -0.3579 0.5978 0.0787, -0.3579 0.5978 0.0, -0.3606 0.5929 0.0787, -0.3606 0.5929 0.0, -0.3639 0.5884 0.0787, -0.3639 0.5884 0.0, -0.3679 0.5844 0.0787, -0.3679 0.5844 0.0, -0.3724 0.5811 0.0787, -0.3724 0.5811 0.0, -0.3773 0.5784 0.0787, -0.3773 0.5784 0.0, -0.3826 0.5764 0.0787, -0.3826 0.5764 0.0, -0.3881 0.5752 0.0787, -0.3881 0.5752 0.0, -0.3937 0.5748 0.0787, -0.3937 0.5748 0.0, -0.3993 0.5752 0.0787, -0.3993 0.5752 0.0, -0.4048 0.5764 0.0787, -0.4048 0.5764 0.0, -0.4101 0.5784 0.0787, -0.4101 0.5784 0.0, -0.415 0.5811 0.0787, -0.415 0.5811 0.0, -0.4195 0.5844 0.0787, -0.4195 0.5844 0.0, -0.4235 0.5884 0.0787, -0.4235 0.5884 0.0, -0.4268 0.5929 0.0787, -0.4268 0.5929 0.0, -0.4295 0.5978 0.0787, -0.4295 0.5978 0.0, -0.4315 0.6031 0.0787, -0.4315 0.6031 0.0, -0.4327 0.6086 0.0787, -0.4327 0.6086 0.0, -0.4331 0.6142 0.0787, -0.4331 0.6142 0.0, -0.4331 0.6929 0.0, -0.4331 0.6929 0.0787, -0.5512 0.6142 0.0, -0.5512 0.6929 0.0, -0.5512 0.6142 0.0787, -0.5512 0.6929 0.0787, -0.5516 0.6086 0.0787, -0.5516 0.6086 0.0, -0.5528 0.6031 0.0787, -0.5528 0.6031 0.0, -0.5547 0.5978 0.0787, -0.5547 0.5978 0.0, -0.5574 0.5929 0.0787, -0.5574 0.5929 0.0, -0.5608 0.5884 0.0787, -0.5608 0.5884 0.0, -0.5648 0.5844 0.0787, -0.5648 0.5844 0.0, -0.5693 0.5811 0.0787, -0.5693 0.5811 0.0, -0.5742 0.5784 0.0787, -0.5742 0.5784 0.0, -0.5795 0.5764 0.0787, -0.5795 0.5764 0.0, -0.5849 0.5752 0.0787, -0.5849 0.5752 0.0, -0.5906 0.5748 0.0787, -0.5906 0.5748 0.0, -0.5962 0.5752 0.0787, -0.5962 0.5752 0.0, -0.6016 0.5764 0.0787, -0.6016 0.5764 0.0, -0.6069 0.5784 0.0787, -0.6069 0.5784 0.0, -0.6118 0.5811 0.0787, -0.6118 0.5811 0.0, -0.6163 0.5844 0.0787, -0.6163 0.5844 0.0, -0.6203 0.5884 0.0787, -0.6203 0.5884 0.0, -0.6237 0.5929 0.0787, -0.6237 0.5929 0.0, -0.6264 0.5978 0.0787, -0.6264 0.5978 0.0, -0.6283 0.6031 0.0787, -0.6283 0.6031 0.0, -0.6295 0.6086 0.0787, -0.6295 0.6086 0.0, -0.6299 0.6142 0.0787, -0.6299 0.6142 0.0, -0.6299 0.6929 0.0, -0.6299 0.6929 0.0787, -0.748 0.6142 0.0, -0.748 0.6929 0.0, -0.748 0.6142 0.0787, -0.748 0.6929 0.0787, -0.7484 0.6086 0.0787, -0.7484 0.6086 0.0, -0.7496 0.6031 0.0787, -0.7496 0.6031 0.0, -0.7516 0.5978 0.0787, -0.7516 0.5978 0.0, -0.7543 0.5929 0.0787, -0.7543 0.5929 0.0, -0.7576 0.5884 0.0787, -0.7576 0.5884 0.0, -0.7616 0.5844 0.0787, -0.7616 0.5844 0.0, -0.7661 0.5811 0.0787, -0.7661 0.5811 0.0, -0.771 0.5784 0.0787, -0.771 0.5784 0.0, -0.7763 0.5764 0.0787, -0.7763 0.5764 0.0, -0.7818 0.5752 0.0787, -0.7818 0.5752 0.0, -0.7874 0.5748 0.0787, -0.7874 0.5748 0.0, -0.793 0.5752 0.0787, -0.793 0.5752 0.0, -0.7985 0.5764 0.0787, -0.7985 0.5764 0.0, -0.8038 0.5784 0.0787, -0.8038 0.5784 0.0, -0.8087 0.5811 0.0787, -0.8087 0.5811 0.0, -0.8132 0.5844 0.0787, -0.8132 0.5844 0.0, -0.8172 0.5884 0.0787, -0.8172 0.5884 0.0, -0.8205 0.5929 0.0787, -0.8205 0.5929 0.0, -0.8232 0.5978 0.0787, -0.8232 0.5978 0.0, -0.8252 0.6031 0.0787, -0.8252 0.6031 0.0, -0.8264 0.6086 0.0787, -0.8264 0.6086 0.0, -0.8268 0.6142 0.0787, -0.8268 0.6142 0.0, -0.8268 0.6929 0.0, -0.8268 0.6929 0.0787, -0.9449 0.6142 0.0, -0.9449 0.6929 0.0, -0.9449 0.6142 0.0787, -0.9449 0.6929 0.0787, -0.9453 0.6086 0.0787, -0.9453 0.6086 0.0, -0.9465 0.6031 0.0787, -0.9465 0.6031 0.0, -0.9484 0.5978 0.0787, -0.9484 0.5978 0.0, -0.9511 0.5929 0.0787, -0.9511 0.5929 0.0, -0.9545 0.5884 0.0787, -0.9545 0.5884 0.0, -0.9585 0.5844 0.0787, -0.9585 0.5844 0.0, -0.963 0.5811 0.0787, -0.963 0.5811 0.0, -0.9679 0.5784 0.0787, -0.9679 0.5784 0.0, -0.9732 0.5764 0.0787, -0.9732 0.5764 0.0, -0.9786 0.5752 0.0787, -0.9786 0.5752 0.0, -0.9843 0.5748 0.0787, -0.9843 0.5748 0.0, -0.9899 0.5752 0.0787, -0.9899 0.5752 0.0, -0.9953 0.5764 0.0787, -0.9953 0.5764 0.0, -1.0006 0.5784 0.0787, -1.0006 0.5784 0.0, -1.0055 0.5811 0.0787, -1.0055 0.5811 0.0, -1.01 0.5844 0.0787, -1.01 0.5844 0.0, -1.014 0.5884 0.0787, -1.014 0.5884 0.0, -1.0174 0.5929 0.0787, -1.0174 0.5929 0.0, -1.0201 0.5978 0.0787, -1.0201 0.5978 0.0, -1.022 0.6031 0.0787, -1.022 0.6031 0.0, -1.0232 0.6086 0.0787, -1.0232 0.6086 0.0, -1.0236 0.6142 0.0787, -1.0236 0.6142 0.0, -1.0236 0.6929 0.0, -1.0236 0.6929 0.0787, -1.1417 0.6142 0.0, -1.1417 0.6929 0.0, -1.1417 0.6142 0.0787, -1.1417 0.6929 0.0787, -1.1421 0.6086 0.0787, -1.1421 0.6086 0.0, -1.1433 0.6031 0.0787, -1.1433 0.6031 0.0, -1.1453 0.5978 0.0787, -1.1453 0.5978 0.0, -1.148 0.5929 0.0787, -1.148 0.5929 0.0, -1.1513 0.5884 0.0787, -1.1513 0.5884 0.0, -1.1553 0.5844 0.0787, -1.1553 0.5844 0.0, -1.1598 0.5811 0.0787, -1.1598 0.5811 0.0, -1.1647 0.5784 0.0787, -1.1647 0.5784 0.0, -1.17 0.5764 0.0787, -1.17 0.5764 0.0, -1.1755 0.5752 0.0787, -1.1755 0.5752 0.0, -1.1811 0.5748 0.0787, -1.1811 0.5748 0.0, -1.1867 0.5752 0.0787, -1.1867 0.5752 0.0, -1.1922 0.5764 0.0787, -1.1922 0.5764 0.0, -1.1975 0.5784 0.0787, -1.1975 0.5784 0.0, -1.2024 0.5811 0.0787, -1.2024 0.5811 0.0, -1.2069 0.5844 0.0787, -1.2069 0.5844 0.0, -1.2109 0.5884 0.0787, -1.2109 0.5884 0.0, -1.2142 0.5929 0.0787, -1.2142 0.5929 0.0, -1.2169 0.5978 0.0787, -1.2169 0.5978 0.0, -1.2189 0.6031 0.0787, -1.2189 0.6031 0.0, -1.2201 0.6086 0.0787, -1.2201 0.6086 0.0, -1.2205 0.6142 0.0787, -1.2205 0.6142 0.0, -1.2205 0.6929 0.0, -1.2205 0.6929 0.0787
            ]
        }
        coordIndex [
            0,1,2,-1,2,1,3,-1,0,2,4,-1,0,4,5,-1,5,4,6,-1,5,6,7,-1,7,6,8,-1,7,8,9,-1,9,8,10,-1,9,10,11,-1,11,10,12,-1,11,12,13,-1,13,12,14,-1,13,14,15,-1,15,14,16,-1,15,16,17,-1,17,16,18,-1,17,18,19,-1,19,18,20,-1,19,20,21,-1,21,20,22,-1,21,22,23,-1,23,22,24,-1,23,24,25,-1,25,24,26,-1,25,26,27,-1,27,26,28,-1,27,28,29,-1,29,28,30,-1,29,30,31,-1,31,30,32,-1,31,32,33,-1,33,32,34,-1,33,34,35,-1,35,34,36,-1,35,36,37,-1,37,36,38,-1,37,38,39,-1,39,38,40,-1,39,40,41,-1,41,40,42,-1,41,42,43,-1,43,42,44,-1,43,44,45,-1,45,44,46,-1,45,46,47,-1,48,47,49,-1,49,47,46,-1,1,48,3,-1,3,48,49,-1,47,48,1,-1,13,15,47,-1,47,15,17,-1,47,17,19,-1,1,0,47,-1,47,0,5,-1,47,5,7,-1,7,9,47,-1,47,9,11,-1,47,11,13,-1,19,21,47,-1,47,21,23,-1,47,23,45,-1,23,25,45,-1,45,25,27,-1,45,27,29,-1,31,41,29,-1,29,41,43,-1,29,43,45,-1,31,33,41,-1,41,33,35,-1,41,35,39,-1,39,35,37,-1,20,18,44,-1,44,18,46,-1,18,16,46,-1,46,16,14,-1,46,14,12,-1,12,10,46,-1,46,10,8,-1,46,8,6,-1,3,49,2,-1,2,49,46,-1,2,46,4,-1,4,46,6,-1,28,26,44,-1,26,24,44,-1,44,24,22,-1,44,22,20,-1,44,42,28,-1,28,42,40,-1,28,40,30,-1,30,40,32,-1,32,40,34,-1,34,40,38,-1,34,38,36,-1,50,51,52,-1,52,51,53,-1,50,52,54,-1,50,54,55,-1,55,54,56,-1,55,56,57,-1,57,56,58,-1,57,58,59,-1,59,58,60,-1,59,60,61,-1,61,60,62,-1,61,62,63,-1,63,62,64,-1,63,64,65,-1,65,64,66,-1,65,66,67,-1,67,66,68,-1,67,68,69,-1,69,68,70,-1,69,70,71,-1,71,70,72,-1,71,72,73,-1,73,72,74,-1,73,74,75,-1,75,74,76,-1,75,76,77,-1,77,76,78,-1,77,78,79,-1,79,78,80,-1,79,80,81,-1,81,80,82,-1,81,82,83,-1,83,82,84,-1,83,84,85,-1,85,84,86,-1,85,86,87,-1,87,86,88,-1,87,88,89,-1,89,88,90,-1,89,90,91,-1,91,90,92,-1,91,92,93,-1,93,92,94,-1,93,94,95,-1,95,94,96,-1,95,96,97,-1,98,97,99,-1,99,97,96,-1,51,98,53,-1,53,98,99,-1,98,51,97,-1,97,51,50,-1,97,50,55,-1,55,57,97,-1,97,57,59,-1,97,59,61,-1,91,93,61,-1,61,93,95,-1,61,95,97,-1,67,69,71,-1,63,65,75,-1,75,65,67,-1,75,67,73,-1,73,67,71,-1,63,75,61,-1,61,75,77,-1,61,77,79,-1,79,81,61,-1,61,81,83,-1,61,83,85,-1,85,87,61,-1,61,87,89,-1,61,89,91,-1,53,99,52,-1,52,99,96,-1,52,96,94,-1,94,92,52,-1,52,92,90,-1,52,90,88,-1,58,56,88,-1,88,56,54,-1,88,54,52,-1,82,80,78,-1,86,84,74,-1,74,84,82,-1,74,82,76,-1,76,82,78,-1,86,74,88,-1,88,74,72,-1,88,72,70,-1,70,68,88,-1,88,68,66,-1,88,66,64,-1,64,62,88,-1,88,62,60,-1,88,60,58,-1,100,101,102,-1,102,101,103,-1,100,102,104,-1,100,104,105,-1,105,104,106,-1,105,106,107,-1,107,106,108,-1,107,108,109,-1,109,108,110,-1,109,110,111,-1,111,110,112,-1,111,112,113,-1,113,112,114,-1,113,114,115,-1,115,114,116,-1,115,116,117,-1,117,116,118,-1,117,118,119,-1,119,118,120,-1,119,120,121,-1,121,120,122,-1,121,122,123,-1,123,122,124,-1,123,124,125,-1,125,124,126,-1,125,126,127,-1,127,126,128,-1,127,128,129,-1,129,128,130,-1,129,130,131,-1,131,130,132,-1,131,132,133,-1,133,132,134,-1,133,134,135,-1,135,134,136,-1,135,136,137,-1,137,136,138,-1,137,138,139,-1,139,138,140,-1,139,140,141,-1,141,140,142,-1,141,142,143,-1,143,142,144,-1,143,144,145,-1,145,144,146,-1,145,146,147,-1,148,147,149,-1,149,147,146,-1,101,148,103,-1,103,148,149,-1,148,101,147,-1,147,101,100,-1,147,100,145,-1,145,100,105,-1,105,107,145,-1,145,107,109,-1,145,109,111,-1,111,113,145,-1,145,113,115,-1,145,115,117,-1,117,119,145,-1,145,119,121,-1,145,121,123,-1,123,125,145,-1,145,125,127,-1,145,127,129,-1,129,131,145,-1,145,131,133,-1,145,133,143,-1,133,135,137,-1,137,139,133,-1,133,139,141,-1,133,141,143,-1,116,114,144,-1,103,149,102,-1,102,149,146,-1,110,108,146,-1,108,106,146,-1,146,106,104,-1,146,104,102,-1,144,114,146,-1,146,114,112,-1,146,112,110,-1,142,140,132,-1,128,126,144,-1,144,126,124,-1,144,124,122,-1,122,120,144,-1,144,120,118,-1,144,118,116,-1,142,132,144,-1,144,132,130,-1,144,130,128,-1,140,138,132,-1,132,138,136,-1,132,136,134,-1,150,151,152,-1,152,151,153,-1,150,152,154,-1,150,154,155,-1,155,154,156,-1,155,156,157,-1,157,156,158,-1,157,158,159,-1,159,158,160,-1,159,160,161,-1,161,160,162,-1,161,162,163,-1,163,162,164,-1,163,164,165,-1,165,164,166,-1,165,166,167,-1,167,166,168,-1,167,168,169,-1,169,168,170,-1,169,170,171,-1,171,170,172,-1,171,172,173,-1,173,172,174,-1,173,174,175,-1,175,174,176,-1,175,176,177,-1,177,176,178,-1,177,178,179,-1,179,178,180,-1,179,180,181,-1,181,180,182,-1,181,182,183,-1,183,182,184,-1,183,184,185,-1,185,184,186,-1,185,186,187,-1,187,186,188,-1,187,188,189,-1,189,188,190,-1,189,190,191,-1,191,190,192,-1,191,192,193,-1,193,192,194,-1,193,194,195,-1,195,194,196,-1,195,196,197,-1,198,197,199,-1,199,197,196,-1,151,198,153,-1,153,198,199,-1,197,198,151,-1,163,165,197,-1,151,150,197,-1,197,150,155,-1,197,155,157,-1,157,159,197,-1,197,159,161,-1,197,161,163,-1,165,167,197,-1,197,167,169,-1,197,169,171,-1,171,173,197,-1,197,173,175,-1,197,175,177,-1,177,179,197,-1,197,179,181,-1,197,181,183,-1,185,187,183,-1,183,187,189,-1,183,189,191,-1,191,193,183,-1,183,193,195,-1,183,195,197,-1,170,168,196,-1,168,166,196,-1,196,166,164,-1,196,164,162,-1,178,176,196,-1,162,160,196,-1,196,160,158,-1,196,158,156,-1,153,199,152,-1,152,199,196,-1,152,196,154,-1,154,196,156,-1,176,174,196,-1,196,174,172,-1,196,172,170,-1,192,190,194,-1,194,190,188,-1,194,188,186,-1,186,184,194,-1,194,184,182,-1,194,182,196,-1,196,182,180,-1,196,180,178,-1,200,201,202,-1,202,201,203,-1,200,202,204,-1,200,204,205,-1,205,204,206,-1,205,206,207,-1,207,206,208,-1,207,208,209,-1,209,208,210,-1,209,210,211,-1,211,210,212,-1,211,212,213,-1,213,212,214,-1,213,214,215,-1,215,214,216,-1,215,216,217,-1,217,216,218,-1,217,218,219,-1,219,218,220,-1,219,220,221,-1,221,220,222,-1,221,222,223,-1,223,222,224,-1,223,224,225,-1,225,224,226,-1,225,226,227,-1,227,226,228,-1,227,228,229,-1,229,228,230,-1,229,230,231,-1,231,230,232,-1,231,232,233,-1,233,232,234,-1,233,234,235,-1,235,234,236,-1,235,236,237,-1,237,236,238,-1,237,238,239,-1,239,238,240,-1,239,240,241,-1,241,240,242,-1,241,242,243,-1,243,242,244,-1,243,244,245,-1,245,244,246,-1,245,246,247,-1,248,247,249,-1,249,247,246,-1,201,248,203,-1,203,248,249,-1,243,245,219,-1,219,245,247,-1,219,247,217,-1,248,201,247,-1,247,201,200,-1,247,200,205,-1,205,207,247,-1,247,207,209,-1,247,209,211,-1,211,213,247,-1,247,213,215,-1,247,215,217,-1,221,223,239,-1,239,223,225,-1,239,225,227,-1,221,239,219,-1,219,239,241,-1,219,241,243,-1,239,233,237,-1,237,233,235,-1,227,229,239,-1,239,229,231,-1,239,231,233,-1,203,249,202,-1,202,249,246,-1,202,246,204,-1,216,246,218,-1,218,246,244,-1,218,244,242,-1,236,234,232,-1,228,226,238,-1,238,226,224,-1,238,224,222,-1,242,240,218,-1,218,240,238,-1,218,238,220,-1,220,238,222,-1,216,214,246,-1,246,214,212,-1,246,212,210,-1,210,208,246,-1,246,208,206,-1,246,206,204,-1,236,232,238,-1,238,232,230,-1,238,230,228,-1,250,251,252,-1,252,251,253,-1,250,252,254,-1,250,254,255,-1,255,254,256,-1,255,256,257,-1,257,256,258,-1,257,258,259,-1,259,258,260,-1,259,260,261,-1,261,260,262,-1,261,262,263,-1,263,262,264,-1,263,264,265,-1,265,264,266,-1,265,266,267,-1,267,266,268,-1,267,268,269,-1,269,268,270,-1,269,270,271,-1,271,270,272,-1,271,272,273,-1,273,272,274,-1,273,274,275,-1,275,274,276,-1,275,276,277,-1,277,276,278,-1,277,278,279,-1,279,278,280,-1,279,280,281,-1,281,280,282,-1,281,282,283,-1,283,282,284,-1,283,284,285,-1,285,284,286,-1,285,286,287,-1,287,286,288,-1,287,288,289,-1,289,288,290,-1,289,290,291,-1,291,290,292,-1,291,292,293,-1,293,292,294,-1,293,294,295,-1,295,294,296,-1,295,296,297,-1,298,297,299,-1,299,297,296,-1,251,298,253,-1,253,298,299,-1,297,298,251,-1,263,265,297,-1,265,267,297,-1,297,267,269,-1,297,269,271,-1,251,250,297,-1,297,250,255,-1,297,255,257,-1,257,259,297,-1,297,259,261,-1,297,261,263,-1,271,273,297,-1,297,273,275,-1,297,275,277,-1,277,279,297,-1,297,279,281,-1,297,281,283,-1,283,285,297,-1,297,285,287,-1,297,287,289,-1,291,293,289,-1,289,293,295,-1,289,295,297,-1,270,268,296,-1,284,282,296,-1,268,266,296,-1,296,266,264,-1,296,264,262,-1,276,274,296,-1,296,274,272,-1,296,272,270,-1,262,260,296,-1,296,260,258,-1,296,258,256,-1,253,299,252,-1,252,299,296,-1,252,296,254,-1,254,296,256,-1,290,288,292,-1,292,288,294,-1,294,288,296,-1,296,288,286,-1,296,286,284,-1,282,280,296,-1,296,280,278,-1,296,278,276,-1,300,301,302,-1,302,301,303,-1,300,302,304,-1,300,304,305,-1,305,304,306,-1,305,306,307,-1,307,306,308,-1,307,308,309,-1,309,308,310,-1,309,310,311,-1,311,310,312,-1,311,312,313,-1,313,312,314,-1,313,314,315,-1,315,314,316,-1,315,316,317,-1,317,316,318,-1,317,318,319,-1,319,318,320,-1,319,320,321,-1,321,320,322,-1,321,322,323,-1,323,322,324,-1,323,324,325,-1,325,324,326,-1,325,326,327,-1,327,326,328,-1,327,328,329,-1,329,328,330,-1,329,330,331,-1,331,330,332,-1,331,332,333,-1,333,332,334,-1,333,334,335,-1,335,334,336,-1,335,336,337,-1,337,336,338,-1,337,338,339,-1,339,338,340,-1,339,340,341,-1,341,340,342,-1,341,342,343,-1,343,342,344,-1,343,344,345,-1,345,344,346,-1,345,346,347,-1,348,347,349,-1,349,347,346,-1,301,348,303,-1,303,348,349,-1,347,348,301,-1,301,300,347,-1,347,300,305,-1,347,305,307,-1,317,319,321,-1,311,329,331,-1,331,333,311,-1,311,333,335,-1,311,335,337,-1,337,339,311,-1,311,339,341,-1,311,341,343,-1,307,309,347,-1,347,309,311,-1,347,311,345,-1,345,311,343,-1,313,325,311,-1,311,325,327,-1,311,327,329,-1,313,315,325,-1,325,315,317,-1,325,317,323,-1,323,317,321,-1,302,303,349,-1,349,346,302,-1,302,346,344,-1,302,344,342,-1,342,340,302,-1,302,340,338,-1,302,338,336,-1,336,334,302,-1,302,334,332,-1,302,332,304,-1,304,332,306,-1,330,328,310,-1,324,316,314,-1,330,310,332,-1,332,310,308,-1,332,308,306,-1,324,322,316,-1,316,322,320,-1,316,320,318,-1,328,326,310,-1,310,326,324,-1,310,324,312,-1,312,324,314,-1,350,351,352,-1,352,351,353,-1,350,352,354,-1,350,354,355,-1,355,354,356,-1,355,356,357,-1,357,356,358,-1,357,358,359,-1,359,358,360,-1,359,360,361,-1,361,360,362,-1,361,362,363,-1,363,362,364,-1,363,364,365,-1,365,364,366,-1,365,366,367,-1,367,366,368,-1,367,368,369,-1,369,368,370,-1,369,370,371,-1,371,370,372,-1,371,372,373,-1,373,372,374,-1,373,374,375,-1,375,374,376,-1,375,376,377,-1,377,376,378,-1,377,378,379,-1,379,378,380,-1,379,380,381,-1,381,380,382,-1,381,382,383,-1,383,382,384,-1,383,384,385,-1,385,384,386,-1,385,386,387,-1,387,386,388,-1,387,388,389,-1,389,388,390,-1,389,390,391,-1,391,390,392,-1,391,392,393,-1,393,392,394,-1,393,394,395,-1,395,394,396,-1,395,396,397,-1,398,397,399,-1,399,397,396,-1,351,398,353,-1,353,398,399,-1,397,398,351,-1,351,350,397,-1,397,350,355,-1,397,355,357,-1,357,359,397,-1,397,359,361,-1,397,361,395,-1,395,361,393,-1,393,361,391,-1,391,361,363,-1,391,363,365,-1,365,367,391,-1,391,367,369,-1,391,369,371,-1,387,375,385,-1,385,375,377,-1,377,379,385,-1,385,379,381,-1,385,381,383,-1,371,373,391,-1,391,373,375,-1,391,375,389,-1,389,375,387,-1,353,399,352,-1,352,399,396,-1,352,396,354,-1,360,396,394,-1,360,358,396,-1,396,358,356,-1,396,356,354,-1,388,374,390,-1,390,374,372,-1,390,372,370,-1,370,368,390,-1,390,368,366,-1,390,366,364,-1,394,392,360,-1,360,392,390,-1,360,390,362,-1,362,390,364,-1,378,384,380,-1,380,384,382,-1,388,386,374,-1,374,386,384,-1,374,384,376,-1,376,384,378,-1,400,401,402,-1,402,401,403,-1,400,402,404,-1,400,404,405,-1,405,404,406,-1,405,406,407,-1,407,406,408,-1,407,408,409,-1,409,408,410,-1,409,410,411,-1,411,410,412,-1,411,412,413,-1,413,412,414,-1,413,414,415,-1,415,414,416,-1,415,416,417,-1,417,416,418,-1,417,418,419,-1,419,418,420,-1,419,420,421,-1,421,420,422,-1,421,422,423,-1,423,422,424,-1,423,424,425,-1,425,424,426,-1,425,426,427,-1,427,426,428,-1,427,428,429,-1,429,428,430,-1,429,430,431,-1,431,430,432,-1,431,432,433,-1,433,432,434,-1,433,434,435,-1,435,434,436,-1,435,436,437,-1,437,436,438,-1,437,438,439,-1,439,438,440,-1,439,440,441,-1,441,440,442,-1,441,442,443,-1,443,442,444,-1,443,444,445,-1,445,444,446,-1,445,446,447,-1,448,447,449,-1,449,447,446,-1,401,448,403,-1,403,448,449,-1,448,401,447,-1,447,401,400,-1,400,405,447,-1,447,405,407,-1,447,407,409,-1,409,411,447,-1,447,411,413,-1,447,413,415,-1,415,417,447,-1,447,417,419,-1,447,419,421,-1,421,423,447,-1,447,423,425,-1,447,425,427,-1,443,431,441,-1,441,431,433,-1,433,435,441,-1,441,435,437,-1,441,437,439,-1,427,429,447,-1,447,429,431,-1,447,431,445,-1,445,431,443,-1,403,449,402,-1,402,449,446,-1,446,444,402,-1,402,444,442,-1,402,442,440,-1,440,438,402,-1,402,438,436,-1,402,436,434,-1,434,432,402,-1,402,432,430,-1,402,430,428,-1,428,426,402,-1,402,426,424,-1,402,424,422,-1,406,418,408,-1,408,418,416,-1,416,414,408,-1,408,414,412,-1,408,412,410,-1,422,420,402,-1,402,420,418,-1,402,418,404,-1,404,418,406,-1,450,451,452,-1,452,451,453,-1,450,452,454,-1,450,454,455,-1,455,454,456,-1,455,456,457,-1,457,456,458,-1,457,458,459,-1,459,458,460,-1,459,460,461,-1,461,460,462,-1,461,462,463,-1,463,462,464,-1,463,464,465,-1,465,464,466,-1,465,466,467,-1,467,466,468,-1,467,468,469,-1,469,468,470,-1,469,470,471,-1,471,470,472,-1,471,472,473,-1,473,472,474,-1,473,474,475,-1,475,474,476,-1,475,476,477,-1,477,476,478,-1,477,478,479,-1,479,478,480,-1,479,480,481,-1,481,480,482,-1,481,482,483,-1,483,482,484,-1,483,484,485,-1,485,484,486,-1,485,486,487,-1,487,486,488,-1,487,488,489,-1,489,488,490,-1,489,490,491,-1,491,490,492,-1,491,492,493,-1,493,492,494,-1,493,494,495,-1,495,494,496,-1,495,496,497,-1,498,497,499,-1,499,497,496,-1,451,498,453,-1,453,498,499,-1,498,451,497,-1,497,451,450,-1,450,455,497,-1,497,455,457,-1,497,457,459,-1,459,461,497,-1,497,461,463,-1,497,463,465,-1,465,467,497,-1,497,467,469,-1,497,469,495,-1,495,469,493,-1,487,469,485,-1,485,469,471,-1,487,489,469,-1,469,489,491,-1,469,491,493,-1,481,475,479,-1,479,475,477,-1,471,473,485,-1,485,473,475,-1,485,475,483,-1,483,475,481,-1,470,468,484,-1,453,499,452,-1,452,499,496,-1,452,496,494,-1,490,488,468,-1,468,488,486,-1,468,486,484,-1,468,466,490,-1,490,466,464,-1,490,464,462,-1,494,492,452,-1,452,492,490,-1,452,490,454,-1,454,490,456,-1,482,480,474,-1,474,480,478,-1,474,478,476,-1,482,474,484,-1,484,474,472,-1,484,472,470,-1,462,460,490,-1,490,460,458,-1,490,458,456,-1,500,501,502,-1,502,501,503,-1,500,502,504,-1,500,504,505,-1,505,504,506,-1,505,506,507,-1,507,506,508,-1,507,508,509,-1,509,508,510,-1,509,510,511,-1,511,510,512,-1,511,512,513,-1,513,512,514,-1,513,514,515,-1,515,514,516,-1,515,516,517,-1,517,516,518,-1,517,518,519,-1,519,518,520,-1,519,520,521,-1,521,520,522,-1,521,522,523,-1,523,522,524,-1,523,524,525,-1,525,524,526,-1,525,526,527,-1,527,526,528,-1,527,528,529,-1,529,528,530,-1,529,530,531,-1,531,530,532,-1,531,532,533,-1,533,532,534,-1,533,534,535,-1,535,534,536,-1,535,536,537,-1,537,536,538,-1,537,538,539,-1,539,538,540,-1,539,540,541,-1,541,540,542,-1,541,542,543,-1,543,542,544,-1,543,544,545,-1,545,544,546,-1,545,546,547,-1,548,547,549,-1,549,547,546,-1,501,548,503,-1,503,548,549,-1,548,501,547,-1,547,501,500,-1,500,505,547,-1,547,505,507,-1,547,507,509,-1,527,529,547,-1,509,511,547,-1,547,511,513,-1,547,513,515,-1,515,517,547,-1,547,517,519,-1,547,519,521,-1,529,531,547,-1,547,531,533,-1,547,533,535,-1,521,523,547,-1,547,523,525,-1,547,525,527,-1,535,537,547,-1,547,537,539,-1,547,539,545,-1,545,539,541,-1,545,541,543,-1,503,549,502,-1,502,549,546,-1,502,546,504,-1,504,546,506,-1,534,532,546,-1,546,532,530,-1,530,528,546,-1,546,528,526,-1,546,526,524,-1,518,516,546,-1,546,516,514,-1,546,514,512,-1,512,510,546,-1,546,510,508,-1,546,508,506,-1,542,540,544,-1,544,540,538,-1,544,538,546,-1,546,538,536,-1,546,536,534,-1,524,522,546,-1,546,522,520,-1,546,520,518,-1,550,551,552,-1,552,551,553,-1,550,552,554,-1,550,554,555,-1,555,554,556,-1,555,556,557,-1,557,556,558,-1,557,558,559,-1,559,558,560,-1,559,560,561,-1,561,560,562,-1,561,562,563,-1,563,562,564,-1,563,564,565,-1,565,564,566,-1,565,566,567,-1,567,566,568,-1,567,568,569,-1,569,568,570,-1,569,570,571,-1,571,570,572,-1,571,572,573,-1,573,572,574,-1,573,574,575,-1,575,574,576,-1,575,576,577,-1,577,576,578,-1,577,578,579,-1,579,578,580,-1,579,580,581,-1,581,580,582,-1,581,582,583,-1,583,582,584,-1,583,584,585,-1,585,584,586,-1,585,586,587,-1,587,586,588,-1,587,588,589,-1,589,588,590,-1,589,590,591,-1,591,590,592,-1,591,592,593,-1,593,592,594,-1,593,594,595,-1,595,594,596,-1,595,596,597,-1,598,597,599,-1,599,597,596,-1,551,598,553,-1,553,598,599,-1,598,551,597,-1,597,551,550,-1,597,550,595,-1,581,583,550,-1,563,565,550,-1,550,565,567,-1,550,567,569,-1,550,555,557,-1,569,571,550,-1,550,571,573,-1,550,573,575,-1,575,577,550,-1,550,577,579,-1,550,579,581,-1,583,585,550,-1,550,585,587,-1,550,587,589,-1,557,559,550,-1,550,559,561,-1,550,561,563,-1,589,591,550,-1,550,591,593,-1,550,593,595,-1,584,582,596,-1,596,582,580,-1,596,580,578,-1,572,570,596,-1,596,570,568,-1,590,588,592,-1,592,588,594,-1,594,588,596,-1,596,588,586,-1,596,586,584,-1,578,576,596,-1,596,576,574,-1,596,574,572,-1,568,566,596,-1,596,566,564,-1,596,564,562,-1,562,560,596,-1,596,560,558,-1,596,558,556,-1,553,599,552,-1,552,599,596,-1,552,596,554,-1,554,596,556,-1,600,601,602,-1,602,601,603,-1,600,602,604,-1,600,604,605,-1,605,604,606,-1,605,606,607,-1,607,606,608,-1,607,608,609,-1,609,608,610,-1,609,610,611,-1,611,610,612,-1,611,612,613,-1,613,612,614,-1,613,614,615,-1,615,614,616,-1,615,616,617,-1,617,616,618,-1,617,618,619,-1,619,618,620,-1,619,620,621,-1,621,620,622,-1,621,622,623,-1,623,622,624,-1,623,624,625,-1,625,624,626,-1,625,626,627,-1,627,626,628,-1,627,628,629,-1,629,628,630,-1,629,630,631,-1,631,630,632,-1,631,632,633,-1,633,632,634,-1,633,634,635,-1,635,634,636,-1,635,636,637,-1,637,636,638,-1,637,638,639,-1,639,638,640,-1,639,640,641,-1,641,640,642,-1,641,642,643,-1,643,642,644,-1,643,644,645,-1,645,644,646,-1,645,646,647,-1,648,647,649,-1,649,647,646,-1,601,648,603,-1,603,648,649,-1,648,601,647,-1,647,601,600,-1,647,600,645,-1,645,600,643,-1,615,617,600,-1,600,617,619,-1,619,621,600,-1,600,621,623,-1,600,623,625,-1,631,633,600,-1,600,633,635,-1,600,635,637,-1,637,639,600,-1,600,639,641,-1,600,641,643,-1,607,609,605,-1,605,609,611,-1,605,611,600,-1,600,611,613,-1,600,613,615,-1,625,627,600,-1,600,627,629,-1,600,629,631,-1,603,649,602,-1,602,649,646,-1,646,644,602,-1,602,644,642,-1,602,642,640,-1,622,620,602,-1,640,638,602,-1,602,638,636,-1,602,636,634,-1,634,632,602,-1,602,632,630,-1,602,630,628,-1,620,618,602,-1,602,618,616,-1,602,616,614,-1,628,626,602,-1,602,626,624,-1,602,624,622,-1,614,612,602,-1,602,612,610,-1,602,610,604,-1,604,610,608,-1,604,608,606,-1,650,651,652,-1,652,651,653,-1,650,652,654,-1,650,654,655,-1,655,654,656,-1,655,656,657,-1,657,656,658,-1,657,658,659,-1,659,658,660,-1,659,660,661,-1,661,660,662,-1,661,662,663,-1,663,662,664,-1,663,664,665,-1,665,664,666,-1,665,666,667,-1,667,666,668,-1,667,668,669,-1,669,668,670,-1,669,670,671,-1,671,670,672,-1,671,672,673,-1,673,672,674,-1,673,674,675,-1,675,674,676,-1,675,676,677,-1,677,676,678,-1,677,678,679,-1,679,678,680,-1,679,680,681,-1,681,680,682,-1,681,682,683,-1,683,682,684,-1,683,684,685,-1,685,684,686,-1,685,686,687,-1,687,686,688,-1,687,688,689,-1,689,688,690,-1,689,690,691,-1,691,690,692,-1,691,692,693,-1,693,692,694,-1,693,694,695,-1,695,694,696,-1,695,696,697,-1,698,697,699,-1,699,697,696,-1,651,698,653,-1,653,698,699,-1,679,681,665,-1,698,651,697,-1,697,651,650,-1,697,650,655,-1,659,661,681,-1,681,661,663,-1,681,663,665,-1,681,683,659,-1,659,683,685,-1,659,685,687,-1,655,657,697,-1,697,657,659,-1,697,659,695,-1,695,659,693,-1,667,669,675,-1,675,669,671,-1,675,671,673,-1,667,675,665,-1,665,675,677,-1,665,677,679,-1,687,689,659,-1,659,689,691,-1,659,691,693,-1,653,699,652,-1,652,699,696,-1,696,694,652,-1,652,694,692,-1,652,692,690,-1,690,688,652,-1,652,688,686,-1,652,686,684,-1,684,682,652,-1,652,682,680,-1,652,680,654,-1,654,680,656,-1,662,680,664,-1,664,680,678,-1,662,660,680,-1,680,660,658,-1,680,658,656,-1,668,674,670,-1,670,674,672,-1,678,676,664,-1,664,676,674,-1,664,674,666,-1,666,674,668,-1,700,701,702,-1,702,701,703,-1,700,702,704,-1,700,704,705,-1,705,704,706,-1,705,706,707,-1,707,706,708,-1,707,708,709,-1,709,708,710,-1,709,710,711,-1,711,710,712,-1,711,712,713,-1,713,712,714,-1,713,714,715,-1,715,714,716,-1,715,716,717,-1,717,716,718,-1,717,718,719,-1,719,718,720,-1,719,720,721,-1,721,720,722,-1,721,722,723,-1,723,722,724,-1,723,724,725,-1,725,724,726,-1,725,726,727,-1,727,726,728,-1,727,728,729,-1,729,728,730,-1,729,730,731,-1,731,730,732,-1,731,732,733,-1,733,732,734,-1,733,734,735,-1,735,734,736,-1,735,736,737,-1,737,736,738,-1,737,738,739,-1,739,738,740,-1,739,740,741,-1,741,740,742,-1,741,742,743,-1,743,742,744,-1,743,744,745,-1,745,744,746,-1,745,746,747,-1,748,747,749,-1,749,747,746,-1,701,748,703,-1,703,748,749,-1,748,701,747,-1,747,701,700,-1,700,705,747,-1,747,705,707,-1,747,707,709,-1,709,711,747,-1,747,711,713,-1,747,713,715,-1,715,717,747,-1,747,717,719,-1,747,719,721,-1,721,723,747,-1,747,723,725,-1,747,725,727,-1,743,731,741,-1,741,731,733,-1,733,735,741,-1,741,735,737,-1,741,737,739,-1,727,729,747,-1,747,729,731,-1,747,731,745,-1,745,731,743,-1,703,749,702,-1,702,749,746,-1,746,744,702,-1,702,744,742,-1,702,742,740,-1,740,738,702,-1,702,738,736,-1,702,736,734,-1,734,732,702,-1,702,732,730,-1,702,730,728,-1,728,726,702,-1,702,726,724,-1,702,724,722,-1,706,718,708,-1,708,718,716,-1,716,714,708,-1,708,714,712,-1,708,712,710,-1,722,720,702,-1,702,720,718,-1,702,718,704,-1,704,718,706,-1,750,751,752,-1,752,751,753,-1,750,752,754,-1,750,754,755,-1,755,754,756,-1,755,756,757,-1,757,756,758,-1,757,758,759,-1,759,758,760,-1,759,760,761,-1,761,760,762,-1,761,762,763,-1,763,762,764,-1,763,764,765,-1,765,764,766,-1,765,766,767,-1,767,766,768,-1,767,768,769,-1,769,768,770,-1,769,770,771,-1,771,770,772,-1,771,772,773,-1,773,772,774,-1,773,774,775,-1,775,774,776,-1,775,776,777,-1,777,776,778,-1,777,778,779,-1,779,778,780,-1,779,780,781,-1,781,780,782,-1,781,782,783,-1,783,782,784,-1,783,784,785,-1,785,784,786,-1,785,786,787,-1,787,786,788,-1,787,788,789,-1,789,788,790,-1,789,790,791,-1,791,790,792,-1,791,792,793,-1,793,792,794,-1,793,794,795,-1,795,794,796,-1,795,796,797,-1,798,797,799,-1,799,797,796,-1,751,798,753,-1,753,798,799,-1,798,751,797,-1,797,751,750,-1,797,750,795,-1,789,750,755,-1,789,791,750,-1,750,791,793,-1,750,793,795,-1,761,775,759,-1,759,775,777,-1,759,777,779,-1,779,781,759,-1,759,781,783,-1,759,783,785,-1,755,757,789,-1,789,757,759,-1,789,759,787,-1,787,759,785,-1,771,765,769,-1,769,765,767,-1,761,763,775,-1,775,763,765,-1,775,765,773,-1,773,765,771,-1,752,753,799,-1,799,796,752,-1,752,796,794,-1,752,794,792,-1,792,790,752,-1,752,790,788,-1,752,788,754,-1,754,788,756,-1,756,788,758,-1,758,788,786,-1,758,786,784,-1,784,782,758,-1,758,782,780,-1,758,780,778,-1,762,774,764,-1,764,774,772,-1,772,770,764,-1,764,770,768,-1,764,768,766,-1,778,776,758,-1,758,776,774,-1,758,774,760,-1,760,774,762,-1,800,801,802,-1,802,801,803,-1,800,802,804,-1,800,804,805,-1,805,804,806,-1,805,806,807,-1,807,806,808,-1,807,808,809,-1,809,808,810,-1,809,810,811,-1,811,810,812,-1,811,812,813,-1,813,812,814,-1,813,814,815,-1,815,814,816,-1,815,816,817,-1,817,816,818,-1,817,818,819,-1,819,818,820,-1,819,820,821,-1,821,820,822,-1,821,822,823,-1,823,822,824,-1,823,824,825,-1,825,824,826,-1,825,826,827,-1,827,826,828,-1,827,828,829,-1,829,828,830,-1,829,830,831,-1,831,830,832,-1,831,832,833,-1,833,832,834,-1,833,834,835,-1,835,834,836,-1,835,836,837,-1,837,836,838,-1,837,838,839,-1,839,838,840,-1,839,840,841,-1,841,840,842,-1,841,842,843,-1,843,842,844,-1,843,844,845,-1,845,844,846,-1,845,846,847,-1,848,847,849,-1,849,847,846,-1,801,848,803,-1,803,848,849,-1,848,801,847,-1,847,801,800,-1,847,800,805,-1,805,807,847,-1,847,807,809,-1,847,809,811,-1,841,843,811,-1,811,843,845,-1,811,845,847,-1,817,819,821,-1,813,815,825,-1,825,815,817,-1,825,817,823,-1,823,817,821,-1,813,825,811,-1,811,825,827,-1,811,827,829,-1,829,831,811,-1,811,831,833,-1,811,833,835,-1,835,837,811,-1,811,837,839,-1,811,839,841,-1,803,849,802,-1,802,849,846,-1,802,846,844,-1,844,842,802,-1,802,842,840,-1,802,840,838,-1,808,806,838,-1,838,806,804,-1,838,804,802,-1,832,830,828,-1,836,834,824,-1,824,834,832,-1,824,832,826,-1,826,832,828,-1,836,824,838,-1,838,824,822,-1,838,822,820,-1,820,818,838,-1,838,818,816,-1,838,816,814,-1,814,812,838,-1,838,812,810,-1,838,810,808,-1,850,851,852,-1,852,851,853,-1,850,852,854,-1,850,854,855,-1,855,854,856,-1,855,856,857,-1,857,856,858,-1,857,858,859,-1,859,858,860,-1,859,860,861,-1,861,860,862,-1,861,862,863,-1,863,862,864,-1,863,864,865,-1,865,864,866,-1,865,866,867,-1,867,866,868,-1,867,868,869,-1,869,868,870,-1,869,870,871,-1,871,870,872,-1,871,872,873,-1,873,872,874,-1,873,874,875,-1,875,874,876,-1,875,876,877,-1,877,876,878,-1,877,878,879,-1,879,878,880,-1,879,880,881,-1,881,880,882,-1,881,882,883,-1,883,882,884,-1,883,884,885,-1,885,884,886,-1,885,886,887,-1,887,886,888,-1,887,888,889,-1,889,888,890,-1,889,890,891,-1,891,890,892,-1,891,892,893,-1,893,892,894,-1,893,894,895,-1,895,894,896,-1,895,896,897,-1,898,897,899,-1,899,897,896,-1,851,898,853,-1,853,898,899,-1,898,851,897,-1,897,851,850,-1,897,850,855,-1,855,857,897,-1,897,857,859,-1,897,859,861,-1,891,893,861,-1,861,893,895,-1,861,895,897,-1,867,869,871,-1,863,865,875,-1,875,865,867,-1,875,867,873,-1,873,867,871,-1,863,875,861,-1,861,875,877,-1,861,877,879,-1,879,881,861,-1,861,881,883,-1,861,883,885,-1,885,887,861,-1,861,887,889,-1,861,889,891,-1,853,899,852,-1,852,899,896,-1,852,896,894,-1,894,892,852,-1,852,892,890,-1,852,890,888,-1,858,856,888,-1,888,856,854,-1,888,854,852,-1,882,880,878,-1,886,884,874,-1,874,884,882,-1,874,882,876,-1,876,882,878,-1,886,874,888,-1,888,874,872,-1,888,872,870,-1,870,868,888,-1,888,868,866,-1,888,866,864,-1,864,862,888,-1,888,862,860,-1,888,860,858,-1,900,901,902,-1,902,901,903,-1,900,902,904,-1,900,904,905,-1,905,904,906,-1,905,906,907,-1,907,906,908,-1,907,908,909,-1,909,908,910,-1,909,910,911,-1,911,910,912,-1,911,912,913,-1,913,912,914,-1,913,914,915,-1,915,914,916,-1,915,916,917,-1,917,916,918,-1,917,918,919,-1,919,918,920,-1,919,920,921,-1,921,920,922,-1,921,922,923,-1,923,922,924,-1,923,924,925,-1,925,924,926,-1,925,926,927,-1,927,926,928,-1,927,928,929,-1,929,928,930,-1,929,930,931,-1,931,930,932,-1,931,932,933,-1,933,932,934,-1,933,934,935,-1,935,934,936,-1,935,936,937,-1,937,936,938,-1,937,938,939,-1,939,938,940,-1,939,940,941,-1,941,940,942,-1,941,942,943,-1,943,942,944,-1,943,944,945,-1,945,944,946,-1,945,946,947,-1,948,947,949,-1,949,947,946,-1,901,948,903,-1,903,948,949,-1,947,948,901,-1,913,915,947,-1,947,915,917,-1,947,917,919,-1,901,900,947,-1,947,900,905,-1,947,905,907,-1,907,909,947,-1,947,909,911,-1,947,911,913,-1,919,921,947,-1,947,921,923,-1,947,923,945,-1,923,925,945,-1,945,925,927,-1,945,927,929,-1,931,941,929,-1,929,941,943,-1,929,943,945,-1,931,933,941,-1,941,933,935,-1,941,935,939,-1,939,935,937,-1,920,918,944,-1,944,918,946,-1,918,916,946,-1,946,916,914,-1,946,914,912,-1,912,910,946,-1,946,910,908,-1,946,908,906,-1,903,949,902,-1,902,949,946,-1,902,946,904,-1,904,946,906,-1,928,926,944,-1,926,924,944,-1,944,924,922,-1,944,922,920,-1,944,942,928,-1,928,942,940,-1,928,940,930,-1,930,940,932,-1,932,940,934,-1,934,940,938,-1,934,938,936,-1,950,951,952,-1,952,951,953,-1,950,952,954,-1,950,954,955,-1,955,954,956,-1,955,956,957,-1,957,956,958,-1,957,958,959,-1,959,958,960,-1,959,960,961,-1,961,960,962,-1,961,962,963,-1,963,962,964,-1,963,964,965,-1,965,964,966,-1,965,966,967,-1,967,966,968,-1,967,968,969,-1,969,968,970,-1,969,970,971,-1,971,970,972,-1,971,972,973,-1,973,972,974,-1,973,974,975,-1,975,974,976,-1,975,976,977,-1,977,976,978,-1,977,978,979,-1,979,978,980,-1,979,980,981,-1,981,980,982,-1,981,982,983,-1,983,982,984,-1,983,984,985,-1,985,984,986,-1,985,986,987,-1,987,986,988,-1,987,988,989,-1,989,988,990,-1,989,990,991,-1,991,990,992,-1,991,992,993,-1,993,992,994,-1,993,994,995,-1,995,994,996,-1,995,996,997,-1,998,997,999,-1,999,997,996,-1,951,998,953,-1,953,998,999,-1,998,951,997,-1,997,951,950,-1,997,950,995,-1,995,950,955,-1,955,957,995,-1,995,957,959,-1,995,959,961,-1,961,963,995,-1,995,963,965,-1,995,965,967,-1,967,969,995,-1,995,969,971,-1,995,971,973,-1,973,975,995,-1,995,975,977,-1,995,977,979,-1,979,981,995,-1,995,981,983,-1,995,983,993,-1,983,985,987,-1,987,989,983,-1,983,989,991,-1,983,991,993,-1,966,964,994,-1,953,999,952,-1,952,999,996,-1,960,958,996,-1,958,956,996,-1,996,956,954,-1,996,954,952,-1,994,964,996,-1,996,964,962,-1,996,962,960,-1,992,990,982,-1,978,976,994,-1,994,976,974,-1,994,974,972,-1,972,970,994,-1,994,970,968,-1,994,968,966,-1,992,982,994,-1,994,982,980,-1,994,980,978,-1,990,988,982,-1,982,988,986,-1,982,986,984,-1,1000,1001,1002,-1,1002,1001,1003,-1,1000,1002,1004,-1,1000,1004,1005,-1,1005,1004,1006,-1,1005,1006,1007,-1,1007,1006,1008,-1,1007,1008,1009,-1,1009,1008,1010,-1,1009,1010,1011,-1,1011,1010,1012,-1,1011,1012,1013,-1,1013,1012,1014,-1,1013,1014,1015,-1,1015,1014,1016,-1,1015,1016,1017,-1,1017,1016,1018,-1,1017,1018,1019,-1,1019,1018,1020,-1,1019,1020,1021,-1,1021,1020,1022,-1,1021,1022,1023,-1,1023,1022,1024,-1,1023,1024,1025,-1,1025,1024,1026,-1,1025,1026,1027,-1,1027,1026,1028,-1,1027,1028,1029,-1,1029,1028,1030,-1,1029,1030,1031,-1,1031,1030,1032,-1,1031,1032,1033,-1,1033,1032,1034,-1,1033,1034,1035,-1,1035,1034,1036,-1,1035,1036,1037,-1,1037,1036,1038,-1,1037,1038,1039,-1,1039,1038,1040,-1,1039,1040,1041,-1,1041,1040,1042,-1,1041,1042,1043,-1,1043,1042,1044,-1,1043,1044,1045,-1,1045,1044,1046,-1,1045,1046,1047,-1,1048,1047,1049,-1,1049,1047,1046,-1,1001,1048,1003,-1,1003,1048,1049,-1,1047,1048,1001,-1,1013,1015,1047,-1,1001,1000,1047,-1,1047,1000,1005,-1,1047,1005,1007,-1,1007,1009,1047,-1,1047,1009,1011,-1,1047,1011,1013,-1,1015,1017,1047,-1,1047,1017,1019,-1,1047,1019,1021,-1,1021,1023,1047,-1,1047,1023,1025,-1,1047,1025,1027,-1,1027,1029,1047,-1,1047,1029,1031,-1,1047,1031,1033,-1,1035,1037,1033,-1,1033,1037,1039,-1,1033,1039,1041,-1,1041,1043,1033,-1,1033,1043,1045,-1,1033,1045,1047,-1,1020,1018,1046,-1,1018,1016,1046,-1,1046,1016,1014,-1,1046,1014,1012,-1,1028,1026,1046,-1,1012,1010,1046,-1,1046,1010,1008,-1,1046,1008,1006,-1,1003,1049,1002,-1,1002,1049,1046,-1,1002,1046,1004,-1,1004,1046,1006,-1,1026,1024,1046,-1,1046,1024,1022,-1,1046,1022,1020,-1,1042,1040,1044,-1,1044,1040,1038,-1,1044,1038,1036,-1,1036,1034,1044,-1,1044,1034,1032,-1,1044,1032,1046,-1,1046,1032,1030,-1,1046,1030,1028,-1,1050,1051,1052,-1,1052,1051,1053,-1,1050,1052,1054,-1,1050,1054,1055,-1,1055,1054,1056,-1,1055,1056,1057,-1,1057,1056,1058,-1,1057,1058,1059,-1,1059,1058,1060,-1,1059,1060,1061,-1,1061,1060,1062,-1,1061,1062,1063,-1,1063,1062,1064,-1,1063,1064,1065,-1,1065,1064,1066,-1,1065,1066,1067,-1,1067,1066,1068,-1,1067,1068,1069,-1,1069,1068,1070,-1,1069,1070,1071,-1,1071,1070,1072,-1,1071,1072,1073,-1,1073,1072,1074,-1,1073,1074,1075,-1,1075,1074,1076,-1,1075,1076,1077,-1,1077,1076,1078,-1,1077,1078,1079,-1,1079,1078,1080,-1,1079,1080,1081,-1,1081,1080,1082,-1,1081,1082,1083,-1,1083,1082,1084,-1,1083,1084,1085,-1,1085,1084,1086,-1,1085,1086,1087,-1,1087,1086,1088,-1,1087,1088,1089,-1,1089,1088,1090,-1,1089,1090,1091,-1,1091,1090,1092,-1,1091,1092,1093,-1,1093,1092,1094,-1,1093,1094,1095,-1,1095,1094,1096,-1,1095,1096,1097,-1,1098,1097,1099,-1,1099,1097,1096,-1,1051,1098,1053,-1,1053,1098,1099,-1,1093,1095,1069,-1,1069,1095,1097,-1,1069,1097,1067,-1,1098,1051,1097,-1,1097,1051,1050,-1,1097,1050,1055,-1,1055,1057,1097,-1,1097,1057,1059,-1,1097,1059,1061,-1,1061,1063,1097,-1,1097,1063,1065,-1,1097,1065,1067,-1,1071,1073,1089,-1,1089,1073,1075,-1,1089,1075,1077,-1,1071,1089,1069,-1,1069,1089,1091,-1,1069,1091,1093,-1,1089,1083,1087,-1,1087,1083,1085,-1,1077,1079,1089,-1,1089,1079,1081,-1,1089,1081,1083,-1,1053,1099,1052,-1,1052,1099,1096,-1,1052,1096,1054,-1,1066,1096,1068,-1,1068,1096,1094,-1,1068,1094,1092,-1,1086,1084,1082,-1,1078,1076,1088,-1,1088,1076,1074,-1,1088,1074,1072,-1,1092,1090,1068,-1,1068,1090,1088,-1,1068,1088,1070,-1,1070,1088,1072,-1,1066,1064,1096,-1,1096,1064,1062,-1,1096,1062,1060,-1,1060,1058,1096,-1,1096,1058,1056,-1,1096,1056,1054,-1,1086,1082,1088,-1,1088,1082,1080,-1,1088,1080,1078,-1,1100,1101,1102,-1,1102,1101,1103,-1,1100,1102,1104,-1,1100,1104,1105,-1,1105,1104,1106,-1,1105,1106,1107,-1,1107,1106,1108,-1,1107,1108,1109,-1,1109,1108,1110,-1,1109,1110,1111,-1,1111,1110,1112,-1,1111,1112,1113,-1,1113,1112,1114,-1,1113,1114,1115,-1,1115,1114,1116,-1,1115,1116,1117,-1,1117,1116,1118,-1,1117,1118,1119,-1,1119,1118,1120,-1,1119,1120,1121,-1,1121,1120,1122,-1,1121,1122,1123,-1,1123,1122,1124,-1,1123,1124,1125,-1,1125,1124,1126,-1,1125,1126,1127,-1,1127,1126,1128,-1,1127,1128,1129,-1,1129,1128,1130,-1,1129,1130,1131,-1,1131,1130,1132,-1,1131,1132,1133,-1,1133,1132,1134,-1,1133,1134,1135,-1,1135,1134,1136,-1,1135,1136,1137,-1,1137,1136,1138,-1,1137,1138,1139,-1,1139,1138,1140,-1,1139,1140,1141,-1,1141,1140,1142,-1,1141,1142,1143,-1,1143,1142,1144,-1,1143,1144,1145,-1,1145,1144,1146,-1,1145,1146,1147,-1,1148,1147,1149,-1,1149,1147,1146,-1,1101,1148,1103,-1,1103,1148,1149,-1,1147,1148,1101,-1,1113,1115,1147,-1,1115,1117,1147,-1,1147,1117,1119,-1,1147,1119,1121,-1,1101,1100,1147,-1,1147,1100,1105,-1,1147,1105,1107,-1,1107,1109,1147,-1,1147,1109,1111,-1,1147,1111,1113,-1,1121,1123,1147,-1,1147,1123,1125,-1,1147,1125,1127,-1,1127,1129,1147,-1,1147,1129,1131,-1,1147,1131,1133,-1,1133,1135,1147,-1,1147,1135,1137,-1,1147,1137,1139,-1,1141,1143,1139,-1,1139,1143,1145,-1,1139,1145,1147,-1,1120,1118,1146,-1,1134,1132,1146,-1,1118,1116,1146,-1,1146,1116,1114,-1,1146,1114,1112,-1,1126,1124,1146,-1,1146,1124,1122,-1,1146,1122,1120,-1,1112,1110,1146,-1,1146,1110,1108,-1,1146,1108,1106,-1,1103,1149,1102,-1,1102,1149,1146,-1,1102,1146,1104,-1,1104,1146,1106,-1,1140,1138,1142,-1,1142,1138,1144,-1,1144,1138,1146,-1,1146,1138,1136,-1,1146,1136,1134,-1,1132,1130,1146,-1,1146,1130,1128,-1,1146,1128,1126,-1,1150,1151,1152,-1,1152,1151,1153,-1,1150,1152,1154,-1,1150,1154,1155,-1,1155,1154,1156,-1,1155,1156,1157,-1,1157,1156,1158,-1,1157,1158,1159,-1,1159,1158,1160,-1,1159,1160,1161,-1,1161,1160,1162,-1,1161,1162,1163,-1,1163,1162,1164,-1,1163,1164,1165,-1,1165,1164,1166,-1,1165,1166,1167,-1,1167,1166,1168,-1,1167,1168,1169,-1,1169,1168,1170,-1,1169,1170,1171,-1,1171,1170,1172,-1,1171,1172,1173,-1,1173,1172,1174,-1,1173,1174,1175,-1,1175,1174,1176,-1,1175,1176,1177,-1,1177,1176,1178,-1,1177,1178,1179,-1,1179,1178,1180,-1,1179,1180,1181,-1,1181,1180,1182,-1,1181,1182,1183,-1,1183,1182,1184,-1,1183,1184,1185,-1,1185,1184,1186,-1,1185,1186,1187,-1,1187,1186,1188,-1,1187,1188,1189,-1,1189,1188,1190,-1,1189,1190,1191,-1,1191,1190,1192,-1,1191,1192,1193,-1,1193,1192,1194,-1,1193,1194,1195,-1,1195,1194,1196,-1,1195,1196,1197,-1,1198,1197,1199,-1,1199,1197,1196,-1,1151,1198,1153,-1,1153,1198,1199,-1,1198,1151,1197,-1,1197,1151,1150,-1,1197,1150,1155,-1,1155,1157,1197,-1,1197,1157,1159,-1,1197,1159,1161,-1,1191,1193,1161,-1,1161,1193,1195,-1,1161,1195,1197,-1,1167,1169,1171,-1,1163,1165,1175,-1,1175,1165,1167,-1,1175,1167,1173,-1,1173,1167,1171,-1,1163,1175,1161,-1,1161,1175,1177,-1,1161,1177,1179,-1,1179,1181,1161,-1,1161,1181,1183,-1,1161,1183,1185,-1,1185,1187,1161,-1,1161,1187,1189,-1,1161,1189,1191,-1,1153,1199,1152,-1,1152,1199,1196,-1,1152,1196,1194,-1,1194,1192,1152,-1,1152,1192,1190,-1,1152,1190,1188,-1,1158,1156,1188,-1,1188,1156,1154,-1,1188,1154,1152,-1,1182,1180,1178,-1,1186,1184,1174,-1,1174,1184,1182,-1,1174,1182,1176,-1,1176,1182,1178,-1,1186,1174,1188,-1,1188,1174,1172,-1,1188,1172,1170,-1,1170,1168,1188,-1,1188,1168,1166,-1,1188,1166,1164,-1,1164,1162,1188,-1,1188,1162,1160,-1,1188,1160,1158,-1,1200,1201,1202,-1,1202,1201,1203,-1,1200,1202,1204,-1,1200,1204,1205,-1,1205,1204,1206,-1,1205,1206,1207,-1,1207,1206,1208,-1,1207,1208,1209,-1,1209,1208,1210,-1,1209,1210,1211,-1,1211,1210,1212,-1,1211,1212,1213,-1,1213,1212,1214,-1,1213,1214,1215,-1,1215,1214,1216,-1,1215,1216,1217,-1,1217,1216,1218,-1,1217,1218,1219,-1,1219,1218,1220,-1,1219,1220,1221,-1,1221,1220,1222,-1,1221,1222,1223,-1,1223,1222,1224,-1,1223,1224,1225,-1,1225,1224,1226,-1,1225,1226,1227,-1,1227,1226,1228,-1,1227,1228,1229,-1,1229,1228,1230,-1,1229,1230,1231,-1,1231,1230,1232,-1,1231,1232,1233,-1,1233,1232,1234,-1,1233,1234,1235,-1,1235,1234,1236,-1,1235,1236,1237,-1,1237,1236,1238,-1,1237,1238,1239,-1,1239,1238,1240,-1,1239,1240,1241,-1,1241,1240,1242,-1,1241,1242,1243,-1,1243,1242,1244,-1,1243,1244,1245,-1,1245,1244,1246,-1,1245,1246,1247,-1,1248,1247,1249,-1,1249,1247,1246,-1,1201,1248,1203,-1,1203,1248,1249,-1,1247,1248,1201,-1,1201,1200,1247,-1,1247,1200,1205,-1,1247,1205,1207,-1,1217,1219,1221,-1,1211,1229,1231,-1,1231,1233,1211,-1,1211,1233,1235,-1,1211,1235,1237,-1,1237,1239,1211,-1,1211,1239,1241,-1,1211,1241,1243,-1,1207,1209,1247,-1,1247,1209,1211,-1,1247,1211,1245,-1,1245,1211,1243,-1,1213,1225,1211,-1,1211,1225,1227,-1,1211,1227,1229,-1,1213,1215,1225,-1,1225,1215,1217,-1,1225,1217,1223,-1,1223,1217,1221,-1,1202,1203,1249,-1,1249,1246,1202,-1,1202,1246,1244,-1,1202,1244,1242,-1,1242,1240,1202,-1,1202,1240,1238,-1,1202,1238,1236,-1,1236,1234,1202,-1,1202,1234,1232,-1,1202,1232,1204,-1,1204,1232,1206,-1,1230,1228,1210,-1,1224,1216,1214,-1,1230,1210,1232,-1,1232,1210,1208,-1,1232,1208,1206,-1,1224,1222,1216,-1,1216,1222,1220,-1,1216,1220,1218,-1,1228,1226,1210,-1,1210,1226,1224,-1,1210,1224,1212,-1,1212,1224,1214,-1,1250,1251,1252,-1,1252,1251,1253,-1,1250,1252,1254,-1,1250,1254,1255,-1,1255,1254,1256,-1,1255,1256,1257,-1,1257,1256,1258,-1,1257,1258,1259,-1,1259,1258,1260,-1,1259,1260,1261,-1,1261,1260,1262,-1,1261,1262,1263,-1,1263,1262,1264,-1,1263,1264,1265,-1,1265,1264,1266,-1,1265,1266,1267,-1,1267,1266,1268,-1,1267,1268,1269,-1,1269,1268,1270,-1,1269,1270,1271,-1,1271,1270,1272,-1,1271,1272,1273,-1,1273,1272,1274,-1,1273,1274,1275,-1,1275,1274,1276,-1,1275,1276,1277,-1,1277,1276,1278,-1,1277,1278,1279,-1,1279,1278,1280,-1,1279,1280,1281,-1,1281,1280,1282,-1,1281,1282,1283,-1,1283,1282,1284,-1,1283,1284,1285,-1,1285,1284,1286,-1,1285,1286,1287,-1,1287,1286,1288,-1,1287,1288,1289,-1,1289,1288,1290,-1,1289,1290,1291,-1,1291,1290,1292,-1,1291,1292,1293,-1,1293,1292,1294,-1,1293,1294,1295,-1,1295,1294,1296,-1,1295,1296,1297,-1,1298,1297,1299,-1,1299,1297,1296,-1,1251,1298,1253,-1,1253,1298,1299,-1,1297,1298,1251,-1,1251,1250,1297,-1,1297,1250,1255,-1,1297,1255,1257,-1,1257,1259,1297,-1,1297,1259,1261,-1,1297,1261,1295,-1,1295,1261,1293,-1,1293,1261,1291,-1,1291,1261,1263,-1,1291,1263,1265,-1,1265,1267,1291,-1,1291,1267,1269,-1,1291,1269,1271,-1,1287,1275,1285,-1,1285,1275,1277,-1,1277,1279,1285,-1,1285,1279,1281,-1,1285,1281,1283,-1,1271,1273,1291,-1,1291,1273,1275,-1,1291,1275,1289,-1,1289,1275,1287,-1,1253,1299,1252,-1,1252,1299,1296,-1,1252,1296,1254,-1,1260,1296,1294,-1,1260,1258,1296,-1,1296,1258,1256,-1,1296,1256,1254,-1,1288,1274,1290,-1,1290,1274,1272,-1,1290,1272,1270,-1,1270,1268,1290,-1,1290,1268,1266,-1,1290,1266,1264,-1,1294,1292,1260,-1,1260,1292,1290,-1,1260,1290,1262,-1,1262,1290,1264,-1,1278,1284,1280,-1,1280,1284,1282,-1,1288,1286,1274,-1,1274,1286,1284,-1,1274,1284,1276,-1,1276,1284,1278,-1,1300,1301,1302,-1,1302,1301,1303,-1,1300,1302,1304,-1,1300,1304,1305,-1,1305,1304,1306,-1,1305,1306,1307,-1,1307,1306,1308,-1,1307,1308,1309,-1,1309,1308,1310,-1,1309,1310,1311,-1,1311,1310,1312,-1,1311,1312,1313,-1,1313,1312,1314,-1,1313,1314,1315,-1,1315,1314,1316,-1,1315,1316,1317,-1,1317,1316,1318,-1,1317,1318,1319,-1,1319,1318,1320,-1,1319,1320,1321,-1,1321,1320,1322,-1,1321,1322,1323,-1,1323,1322,1324,-1,1323,1324,1325,-1,1325,1324,1326,-1,1325,1326,1327,-1,1327,1326,1328,-1,1327,1328,1329,-1,1329,1328,1330,-1,1329,1330,1331,-1,1331,1330,1332,-1,1331,1332,1333,-1,1333,1332,1334,-1,1333,1334,1335,-1,1335,1334,1336,-1,1335,1336,1337,-1,1337,1336,1338,-1,1337,1338,1339,-1,1339,1338,1340,-1,1339,1340,1341,-1,1341,1340,1342,-1,1341,1342,1343,-1,1343,1342,1344,-1,1343,1344,1345,-1,1345,1344,1346,-1,1345,1346,1347,-1,1348,1347,1349,-1,1349,1347,1346,-1,1301,1348,1303,-1,1303,1348,1349,-1,1348,1301,1347,-1,1347,1301,1300,-1,1300,1305,1347,-1,1347,1305,1307,-1,1347,1307,1309,-1,1309,1311,1347,-1,1347,1311,1313,-1,1347,1313,1315,-1,1315,1317,1347,-1,1347,1317,1319,-1,1347,1319,1321,-1,1321,1323,1347,-1,1347,1323,1325,-1,1347,1325,1327,-1,1343,1331,1341,-1,1341,1331,1333,-1,1333,1335,1341,-1,1341,1335,1337,-1,1341,1337,1339,-1,1327,1329,1347,-1,1347,1329,1331,-1,1347,1331,1345,-1,1345,1331,1343,-1,1303,1349,1302,-1,1302,1349,1346,-1,1346,1344,1302,-1,1302,1344,1342,-1,1302,1342,1340,-1,1340,1338,1302,-1,1302,1338,1336,-1,1302,1336,1334,-1,1334,1332,1302,-1,1302,1332,1330,-1,1302,1330,1328,-1,1328,1326,1302,-1,1302,1326,1324,-1,1302,1324,1322,-1,1306,1318,1308,-1,1308,1318,1316,-1,1316,1314,1308,-1,1308,1314,1312,-1,1308,1312,1310,-1,1322,1320,1302,-1,1302,1320,1318,-1,1302,1318,1304,-1,1304,1318,1306,-1,1350,1351,1352,-1,1352,1351,1353,-1,1350,1352,1354,-1,1350,1354,1355,-1,1355,1354,1356,-1,1355,1356,1357,-1,1357,1356,1358,-1,1357,1358,1359,-1,1359,1358,1360,-1,1359,1360,1361,-1,1361,1360,1362,-1,1361,1362,1363,-1,1363,1362,1364,-1,1363,1364,1365,-1,1365,1364,1366,-1,1365,1366,1367,-1,1367,1366,1368,-1,1367,1368,1369,-1,1369,1368,1370,-1,1369,1370,1371,-1,1371,1370,1372,-1,1371,1372,1373,-1,1373,1372,1374,-1,1373,1374,1375,-1,1375,1374,1376,-1,1375,1376,1377,-1,1377,1376,1378,-1,1377,1378,1379,-1,1379,1378,1380,-1,1379,1380,1381,-1,1381,1380,1382,-1,1381,1382,1383,-1,1383,1382,1384,-1,1383,1384,1385,-1,1385,1384,1386,-1,1385,1386,1387,-1,1387,1386,1388,-1,1387,1388,1389,-1,1389,1388,1390,-1,1389,1390,1391,-1,1391,1390,1392,-1,1391,1392,1393,-1,1393,1392,1394,-1,1393,1394,1395,-1,1395,1394,1396,-1,1395,1396,1397,-1,1398,1397,1399,-1,1399,1397,1396,-1,1351,1398,1353,-1,1353,1398,1399,-1,1398,1351,1397,-1,1397,1351,1350,-1,1350,1355,1397,-1,1397,1355,1357,-1,1397,1357,1359,-1,1359,1361,1397,-1,1397,1361,1363,-1,1397,1363,1365,-1,1365,1367,1397,-1,1397,1367,1369,-1,1397,1369,1395,-1,1395,1369,1393,-1,1387,1369,1385,-1,1385,1369,1371,-1,1387,1389,1369,-1,1369,1389,1391,-1,1369,1391,1393,-1,1381,1375,1379,-1,1379,1375,1377,-1,1371,1373,1385,-1,1385,1373,1375,-1,1385,1375,1383,-1,1383,1375,1381,-1,1370,1368,1384,-1,1353,1399,1352,-1,1352,1399,1396,-1,1352,1396,1394,-1,1390,1388,1368,-1,1368,1388,1386,-1,1368,1386,1384,-1,1368,1366,1390,-1,1390,1366,1364,-1,1390,1364,1362,-1,1394,1392,1352,-1,1352,1392,1390,-1,1352,1390,1354,-1,1354,1390,1356,-1,1382,1380,1374,-1,1374,1380,1378,-1,1374,1378,1376,-1,1382,1374,1384,-1,1384,1374,1372,-1,1384,1372,1370,-1,1362,1360,1390,-1,1390,1360,1358,-1,1390,1358,1356,-1,1400,1401,1402,-1,1402,1401,1403,-1,1400,1402,1404,-1,1400,1404,1405,-1,1405,1404,1406,-1,1405,1406,1407,-1,1407,1406,1408,-1,1407,1408,1409,-1,1409,1408,1410,-1,1409,1410,1411,-1,1411,1410,1412,-1,1411,1412,1413,-1,1413,1412,1414,-1,1413,1414,1415,-1,1415,1414,1416,-1,1415,1416,1417,-1,1417,1416,1418,-1,1417,1418,1419,-1,1419,1418,1420,-1,1419,1420,1421,-1,1421,1420,1422,-1,1421,1422,1423,-1,1423,1422,1424,-1,1423,1424,1425,-1,1425,1424,1426,-1,1425,1426,1427,-1,1427,1426,1428,-1,1427,1428,1429,-1,1429,1428,1430,-1,1429,1430,1431,-1,1431,1430,1432,-1,1431,1432,1433,-1,1433,1432,1434,-1,1433,1434,1435,-1,1435,1434,1436,-1,1435,1436,1437,-1,1437,1436,1438,-1,1437,1438,1439,-1,1439,1438,1440,-1,1439,1440,1441,-1,1441,1440,1442,-1,1441,1442,1443,-1,1443,1442,1444,-1,1443,1444,1445,-1,1445,1444,1446,-1,1445,1446,1447,-1,1448,1447,1449,-1,1449,1447,1446,-1,1401,1448,1403,-1,1403,1448,1449,-1,1448,1401,1447,-1,1447,1401,1400,-1,1400,1405,1447,-1,1447,1405,1407,-1,1447,1407,1409,-1,1427,1429,1447,-1,1409,1411,1447,-1,1447,1411,1413,-1,1447,1413,1415,-1,1415,1417,1447,-1,1447,1417,1419,-1,1447,1419,1421,-1,1429,1431,1447,-1,1447,1431,1433,-1,1447,1433,1435,-1,1421,1423,1447,-1,1447,1423,1425,-1,1447,1425,1427,-1,1435,1437,1447,-1,1447,1437,1439,-1,1447,1439,1445,-1,1445,1439,1441,-1,1445,1441,1443,-1,1403,1449,1402,-1,1402,1449,1446,-1,1402,1446,1404,-1,1404,1446,1406,-1,1434,1432,1446,-1,1446,1432,1430,-1,1430,1428,1446,-1,1446,1428,1426,-1,1446,1426,1424,-1,1418,1416,1446,-1,1446,1416,1414,-1,1446,1414,1412,-1,1412,1410,1446,-1,1446,1410,1408,-1,1446,1408,1406,-1,1442,1440,1444,-1,1444,1440,1438,-1,1444,1438,1446,-1,1446,1438,1436,-1,1446,1436,1434,-1,1424,1422,1446,-1,1446,1422,1420,-1,1446,1420,1418,-1,1450,1451,1452,-1,1452,1451,1453,-1,1450,1452,1454,-1,1450,1454,1455,-1,1455,1454,1456,-1,1455,1456,1457,-1,1457,1456,1458,-1,1457,1458,1459,-1,1459,1458,1460,-1,1459,1460,1461,-1,1461,1460,1462,-1,1461,1462,1463,-1,1463,1462,1464,-1,1463,1464,1465,-1,1465,1464,1466,-1,1465,1466,1467,-1,1467,1466,1468,-1,1467,1468,1469,-1,1469,1468,1470,-1,1469,1470,1471,-1,1471,1470,1472,-1,1471,1472,1473,-1,1473,1472,1474,-1,1473,1474,1475,-1,1475,1474,1476,-1,1475,1476,1477,-1,1477,1476,1478,-1,1477,1478,1479,-1,1479,1478,1480,-1,1479,1480,1481,-1,1481,1480,1482,-1,1481,1482,1483,-1,1483,1482,1484,-1,1483,1484,1485,-1,1485,1484,1486,-1,1485,1486,1487,-1,1487,1486,1488,-1,1487,1488,1489,-1,1489,1488,1490,-1,1489,1490,1491,-1,1491,1490,1492,-1,1491,1492,1493,-1,1493,1492,1494,-1,1493,1494,1495,-1,1495,1494,1496,-1,1495,1496,1497,-1,1498,1497,1499,-1,1499,1497,1496,-1,1451,1498,1453,-1,1453,1498,1499,-1,1498,1451,1497,-1,1497,1451,1450,-1,1497,1450,1495,-1,1481,1483,1450,-1,1463,1465,1450,-1,1450,1465,1467,-1,1450,1467,1469,-1,1450,1455,1457,-1,1469,1471,1450,-1,1450,1471,1473,-1,1450,1473,1475,-1,1475,1477,1450,-1,1450,1477,1479,-1,1450,1479,1481,-1,1483,1485,1450,-1,1450,1485,1487,-1,1450,1487,1489,-1,1457,1459,1450,-1,1450,1459,1461,-1,1450,1461,1463,-1,1489,1491,1450,-1,1450,1491,1493,-1,1450,1493,1495,-1,1484,1482,1496,-1,1496,1482,1480,-1,1490,1488,1492,-1,1492,1488,1494,-1,1494,1488,1496,-1,1496,1488,1486,-1,1496,1486,1484,-1,1480,1478,1496,-1,1496,1478,1476,-1,1496,1476,1474,-1,1474,1472,1496,-1,1496,1472,1470,-1,1496,1470,1468,-1,1468,1466,1496,-1,1496,1466,1464,-1,1496,1464,1462,-1,1462,1460,1496,-1,1496,1460,1458,-1,1496,1458,1456,-1,1453,1499,1452,-1,1452,1499,1496,-1,1452,1496,1454,-1,1454,1496,1456,-1,1500,1501,1502,-1,1502,1501,1503,-1,1500,1502,1504,-1,1500,1504,1505,-1,1505,1504,1506,-1,1505,1506,1507,-1,1507,1506,1508,-1,1507,1508,1509,-1,1509,1508,1510,-1,1509,1510,1511,-1,1511,1510,1512,-1,1511,1512,1513,-1,1513,1512,1514,-1,1513,1514,1515,-1,1515,1514,1516,-1,1515,1516,1517,-1,1517,1516,1518,-1,1517,1518,1519,-1,1519,1518,1520,-1,1519,1520,1521,-1,1521,1520,1522,-1,1521,1522,1523,-1,1523,1522,1524,-1,1523,1524,1525,-1,1525,1524,1526,-1,1525,1526,1527,-1,1527,1526,1528,-1,1527,1528,1529,-1,1529,1528,1530,-1,1529,1530,1531,-1,1531,1530,1532,-1,1531,1532,1533,-1,1533,1532,1534,-1,1533,1534,1535,-1,1535,1534,1536,-1,1535,1536,1537,-1,1537,1536,1538,-1,1537,1538,1539,-1,1539,1538,1540,-1,1539,1540,1541,-1,1541,1540,1542,-1,1541,1542,1543,-1,1543,1542,1544,-1,1543,1544,1545,-1,1545,1544,1546,-1,1545,1546,1547,-1,1548,1547,1549,-1,1549,1547,1546,-1,1501,1548,1503,-1,1503,1548,1549,-1,1548,1501,1547,-1,1547,1501,1500,-1,1547,1500,1545,-1,1545,1500,1543,-1,1515,1517,1500,-1,1500,1517,1519,-1,1519,1521,1500,-1,1500,1521,1523,-1,1500,1523,1525,-1,1531,1533,1500,-1,1500,1533,1535,-1,1500,1535,1537,-1,1537,1539,1500,-1,1500,1539,1541,-1,1500,1541,1543,-1,1507,1509,1505,-1,1505,1509,1511,-1,1505,1511,1500,-1,1500,1511,1513,-1,1500,1513,1515,-1,1525,1527,1500,-1,1500,1527,1529,-1,1500,1529,1531,-1,1503,1549,1502,-1,1502,1549,1546,-1,1546,1544,1502,-1,1502,1544,1542,-1,1502,1542,1540,-1,1522,1520,1502,-1,1540,1538,1502,-1,1502,1538,1536,-1,1502,1536,1534,-1,1534,1532,1502,-1,1502,1532,1530,-1,1502,1530,1528,-1,1520,1518,1502,-1,1502,1518,1516,-1,1502,1516,1514,-1,1528,1526,1502,-1,1502,1526,1524,-1,1502,1524,1522,-1,1514,1512,1502,-1,1502,1512,1510,-1,1502,1510,1504,-1,1504,1510,1508,-1,1504,1508,1506,-1,1550,1551,1552,-1,1552,1551,1553,-1,1550,1552,1554,-1,1550,1554,1555,-1,1555,1554,1556,-1,1555,1556,1557,-1,1557,1556,1558,-1,1557,1558,1559,-1,1559,1558,1560,-1,1559,1560,1561,-1,1561,1560,1562,-1,1561,1562,1563,-1,1563,1562,1564,-1,1563,1564,1565,-1,1565,1564,1566,-1,1565,1566,1567,-1,1567,1566,1568,-1,1567,1568,1569,-1,1569,1568,1570,-1,1569,1570,1571,-1,1571,1570,1572,-1,1571,1572,1573,-1,1573,1572,1574,-1,1573,1574,1575,-1,1575,1574,1576,-1,1575,1576,1577,-1,1577,1576,1578,-1,1577,1578,1579,-1,1579,1578,1580,-1,1579,1580,1581,-1,1581,1580,1582,-1,1581,1582,1583,-1,1583,1582,1584,-1,1583,1584,1585,-1,1585,1584,1586,-1,1585,1586,1587,-1,1587,1586,1588,-1,1587,1588,1589,-1,1589,1588,1590,-1,1589,1590,1591,-1,1591,1590,1592,-1,1591,1592,1593,-1,1593,1592,1594,-1,1593,1594,1595,-1,1595,1594,1596,-1,1595,1596,1597,-1,1598,1597,1599,-1,1599,1597,1596,-1,1551,1598,1553,-1,1553,1598,1599,-1,1579,1581,1565,-1,1598,1551,1597,-1,1597,1551,1550,-1,1597,1550,1555,-1,1559,1561,1581,-1,1581,1561,1563,-1,1581,1563,1565,-1,1581,1583,1559,-1,1559,1583,1585,-1,1559,1585,1587,-1,1555,1557,1597,-1,1597,1557,1559,-1,1597,1559,1595,-1,1595,1559,1593,-1,1567,1569,1575,-1,1575,1569,1571,-1,1575,1571,1573,-1,1567,1575,1565,-1,1565,1575,1577,-1,1565,1577,1579,-1,1587,1589,1559,-1,1559,1589,1591,-1,1559,1591,1593,-1,1553,1599,1552,-1,1552,1599,1596,-1,1596,1594,1552,-1,1552,1594,1592,-1,1552,1592,1590,-1,1590,1588,1552,-1,1552,1588,1586,-1,1552,1586,1584,-1,1584,1582,1552,-1,1552,1582,1580,-1,1552,1580,1554,-1,1554,1580,1556,-1,1562,1580,1564,-1,1564,1580,1578,-1,1562,1560,1580,-1,1580,1560,1558,-1,1580,1558,1556,-1,1568,1574,1570,-1,1570,1574,1572,-1,1578,1576,1564,-1,1564,1576,1574,-1,1564,1574,1566,-1,1566,1574,1568,-1,1600,1601,1602,-1,1602,1601,1603,-1,1600,1602,1604,-1,1600,1604,1605,-1,1605,1604,1606,-1,1605,1606,1607,-1,1607,1606,1608,-1,1607,1608,1609,-1,1609,1608,1610,-1,1609,1610,1611,-1,1611,1610,1612,-1,1611,1612,1613,-1,1613,1612,1614,-1,1613,1614,1615,-1,1615,1614,1616,-1,1615,1616,1617,-1,1617,1616,1618,-1,1617,1618,1619,-1,1619,1618,1620,-1,1619,1620,1621,-1,1621,1620,1622,-1,1621,1622,1623,-1,1623,1622,1624,-1,1623,1624,1625,-1,1625,1624,1626,-1,1625,1626,1627,-1,1627,1626,1628,-1,1627,1628,1629,-1,1629,1628,1630,-1,1629,1630,1631,-1,1631,1630,1632,-1,1631,1632,1633,-1,1633,1632,1634,-1,1633,1634,1635,-1,1635,1634,1636,-1,1635,1636,1637,-1,1637,1636,1638,-1,1637,1638,1639,-1,1639,1638,1640,-1,1639,1640,1641,-1,1641,1640,1642,-1,1641,1642,1643,-1,1643,1642,1644,-1,1643,1644,1645,-1,1645,1644,1646,-1,1645,1646,1647,-1,1648,1647,1649,-1,1649,1647,1646,-1,1601,1648,1603,-1,1603,1648,1649,-1,1648,1601,1647,-1,1647,1601,1600,-1,1600,1605,1647,-1,1647,1605,1607,-1,1647,1607,1609,-1,1609,1611,1647,-1,1647,1611,1613,-1,1647,1613,1615,-1,1615,1617,1647,-1,1647,1617,1619,-1,1647,1619,1621,-1,1621,1623,1647,-1,1647,1623,1625,-1,1647,1625,1627,-1,1643,1631,1641,-1,1641,1631,1633,-1,1633,1635,1641,-1,1641,1635,1637,-1,1641,1637,1639,-1,1627,1629,1647,-1,1647,1629,1631,-1,1647,1631,1645,-1,1645,1631,1643,-1,1603,1649,1602,-1,1602,1649,1646,-1,1646,1644,1602,-1,1602,1644,1642,-1,1602,1642,1640,-1,1640,1638,1602,-1,1602,1638,1636,-1,1602,1636,1634,-1,1634,1632,1602,-1,1602,1632,1630,-1,1602,1630,1628,-1,1628,1626,1602,-1,1602,1626,1624,-1,1602,1624,1622,-1,1606,1618,1608,-1,1608,1618,1616,-1,1616,1614,1608,-1,1608,1614,1612,-1,1608,1612,1610,-1,1622,1620,1602,-1,1602,1620,1618,-1,1602,1618,1604,-1,1604,1618,1606,-1,1650,1651,1652,-1,1652,1651,1653,-1,1650,1652,1654,-1,1650,1654,1655,-1,1655,1654,1656,-1,1655,1656,1657,-1,1657,1656,1658,-1,1657,1658,1659,-1,1659,1658,1660,-1,1659,1660,1661,-1,1661,1660,1662,-1,1661,1662,1663,-1,1663,1662,1664,-1,1663,1664,1665,-1,1665,1664,1666,-1,1665,1666,1667,-1,1667,1666,1668,-1,1667,1668,1669,-1,1669,1668,1670,-1,1669,1670,1671,-1,1671,1670,1672,-1,1671,1672,1673,-1,1673,1672,1674,-1,1673,1674,1675,-1,1675,1674,1676,-1,1675,1676,1677,-1,1677,1676,1678,-1,1677,1678,1679,-1,1679,1678,1680,-1,1679,1680,1681,-1,1681,1680,1682,-1,1681,1682,1683,-1,1683,1682,1684,-1,1683,1684,1685,-1,1685,1684,1686,-1,1685,1686,1687,-1,1687,1686,1688,-1,1687,1688,1689,-1,1689,1688,1690,-1,1689,1690,1691,-1,1691,1690,1692,-1,1691,1692,1693,-1,1693,1692,1694,-1,1693,1694,1695,-1,1695,1694,1696,-1,1695,1696,1697,-1,1698,1697,1699,-1,1699,1697,1696,-1,1651,1698,1653,-1,1653,1698,1699,-1,1698,1651,1697,-1,1697,1651,1650,-1,1697,1650,1695,-1,1689,1650,1655,-1,1689,1691,1650,-1,1650,1691,1693,-1,1650,1693,1695,-1,1661,1675,1659,-1,1659,1675,1677,-1,1659,1677,1679,-1,1679,1681,1659,-1,1659,1681,1683,-1,1659,1683,1685,-1,1655,1657,1689,-1,1689,1657,1659,-1,1689,1659,1687,-1,1687,1659,1685,-1,1671,1665,1669,-1,1669,1665,1667,-1,1661,1663,1675,-1,1675,1663,1665,-1,1675,1665,1673,-1,1673,1665,1671,-1,1652,1653,1699,-1,1699,1696,1652,-1,1652,1696,1694,-1,1652,1694,1692,-1,1692,1690,1652,-1,1652,1690,1688,-1,1652,1688,1654,-1,1654,1688,1656,-1,1656,1688,1658,-1,1658,1688,1686,-1,1658,1686,1684,-1,1684,1682,1658,-1,1658,1682,1680,-1,1658,1680,1678,-1,1662,1674,1664,-1,1664,1674,1672,-1,1672,1670,1664,-1,1664,1670,1668,-1,1664,1668,1666,-1,1678,1676,1658,-1,1658,1676,1674,-1,1658,1674,1660,-1,1660,1674,1662,-1,1700,1701,1702,-1,1702,1701,1703,-1,1700,1702,1704,-1,1700,1704,1705,-1,1705,1704,1706,-1,1705,1706,1707,-1,1707,1706,1708,-1,1707,1708,1709,-1,1709,1708,1710,-1,1709,1710,1711,-1,1711,1710,1712,-1,1711,1712,1713,-1,1713,1712,1714,-1,1713,1714,1715,-1,1715,1714,1716,-1,1715,1716,1717,-1,1717,1716,1718,-1,1717,1718,1719,-1,1719,1718,1720,-1,1719,1720,1721,-1,1721,1720,1722,-1,1721,1722,1723,-1,1723,1722,1724,-1,1723,1724,1725,-1,1725,1724,1726,-1,1725,1726,1727,-1,1727,1726,1728,-1,1727,1728,1729,-1,1729,1728,1730,-1,1729,1730,1731,-1,1731,1730,1732,-1,1731,1732,1733,-1,1733,1732,1734,-1,1733,1734,1735,-1,1735,1734,1736,-1,1735,1736,1737,-1,1737,1736,1738,-1,1737,1738,1739,-1,1739,1738,1740,-1,1739,1740,1741,-1,1741,1740,1742,-1,1741,1742,1743,-1,1743,1742,1744,-1,1743,1744,1745,-1,1745,1744,1746,-1,1745,1746,1747,-1,1748,1747,1749,-1,1749,1747,1746,-1,1701,1748,1703,-1,1703,1748,1749,-1,1748,1701,1747,-1,1747,1701,1700,-1,1747,1700,1705,-1,1705,1707,1747,-1,1747,1707,1709,-1,1747,1709,1711,-1,1741,1743,1711,-1,1711,1743,1745,-1,1711,1745,1747,-1,1717,1719,1721,-1,1713,1715,1725,-1,1725,1715,1717,-1,1725,1717,1723,-1,1723,1717,1721,-1,1713,1725,1711,-1,1711,1725,1727,-1,1711,1727,1729,-1,1729,1731,1711,-1,1711,1731,1733,-1,1711,1733,1735,-1,1735,1737,1711,-1,1711,1737,1739,-1,1711,1739,1741,-1,1703,1749,1702,-1,1702,1749,1746,-1,1702,1746,1744,-1,1744,1742,1702,-1,1702,1742,1740,-1,1702,1740,1738,-1,1708,1706,1738,-1,1738,1706,1704,-1,1738,1704,1702,-1,1732,1730,1728,-1,1736,1734,1724,-1,1724,1734,1732,-1,1724,1732,1726,-1,1726,1732,1728,-1,1736,1724,1738,-1,1738,1724,1722,-1,1738,1722,1720,-1,1720,1718,1738,-1,1738,1718,1716,-1,1738,1716,1714,-1,1714,1712,1738,-1,1738,1712,1710,-1,1738,1710,1708,-1,1750,1751,1752,-1,1752,1751,1753,-1,1750,1752,1754,-1,1750,1754,1755,-1,1755,1754,1756,-1,1755,1756,1757,-1,1757,1756,1758,-1,1757,1758,1759,-1,1759,1758,1760,-1,1759,1760,1761,-1,1761,1760,1762,-1,1761,1762,1763,-1,1763,1762,1764,-1,1763,1764,1765,-1,1765,1764,1766,-1,1765,1766,1767,-1,1767,1766,1768,-1,1767,1768,1769,-1,1769,1768,1770,-1,1769,1770,1771,-1,1771,1770,1772,-1,1771,1772,1773,-1,1773,1772,1774,-1,1773,1774,1775,-1,1775,1774,1776,-1,1775,1776,1777,-1,1777,1776,1778,-1,1777,1778,1779,-1,1779,1778,1780,-1,1779,1780,1781,-1,1781,1780,1782,-1,1781,1782,1783,-1,1783,1782,1784,-1,1783,1784,1785,-1,1785,1784,1786,-1,1785,1786,1787,-1,1787,1786,1788,-1,1787,1788,1789,-1,1789,1788,1790,-1,1789,1790,1791,-1,1791,1790,1792,-1,1791,1792,1793,-1,1793,1792,1794,-1,1793,1794,1795,-1,1795,1794,1796,-1,1795,1796,1797,-1,1798,1797,1799,-1,1799,1797,1796,-1,1751,1798,1753,-1,1753,1798,1799,-1,1798,1751,1797,-1,1797,1751,1750,-1,1797,1750,1755,-1,1755,1757,1797,-1,1797,1757,1759,-1,1797,1759,1761,-1,1791,1793,1761,-1,1761,1793,1795,-1,1761,1795,1797,-1,1767,1769,1771,-1,1763,1765,1775,-1,1775,1765,1767,-1,1775,1767,1773,-1,1773,1767,1771,-1,1763,1775,1761,-1,1761,1775,1777,-1,1761,1777,1779,-1,1779,1781,1761,-1,1761,1781,1783,-1,1761,1783,1785,-1,1785,1787,1761,-1,1761,1787,1789,-1,1761,1789,1791,-1,1753,1799,1752,-1,1752,1799,1796,-1,1752,1796,1794,-1,1794,1792,1752,-1,1752,1792,1790,-1,1752,1790,1788,-1,1758,1756,1788,-1,1788,1756,1754,-1,1788,1754,1752,-1,1782,1780,1778,-1,1786,1784,1774,-1,1774,1784,1782,-1,1774,1782,1776,-1,1776,1782,1778,-1,1786,1774,1788,-1,1788,1774,1772,-1,1788,1772,1770,-1,1770,1768,1788,-1,1788,1768,1766,-1,1788,1766,1764,-1,1764,1762,1788,-1,1788,1762,1760,-1,1788,1760,1758,-1,
        ]
    }
}