#VRML V2.0 utf8
# 3D model generated by kicad-lcsc-manager
# Based on easyeda2kicad.py v1.0.1

Shape{
    appearance Appearance {
        material  Material {
            diffuseColor 0.25098039215686274 0.25098039215686274 0.25098039215686274
            specularColor 0.12549019607843137 0.12549019607843137 0.12549019607843137
            ambientIntensity 0.251
            transparency 0.0
            shininess 0.5
        }
    }
    geometry IndexedFaceSet {
        ccw TRUE
        solid FALSE
        coord DEF co Coordinate {
            point [
                2.0768 -1.1811 0.3209, 2.0768 -1.1811 0.3449, 2.0768 -1.5676 0.3449, 2.0768 -2.5469 0.3984, 2.0768 -2.5524 0.3977, 2.0768 -2.5191 0.3977, 2.0768 -2.4052 0.5323, 2.0768 -2.363 0.5323, 2.0768 -2.363 0.5703, 2.0768 -2.9451 0.6399, 2.0768 -2.9194 0.6181, 2.0768 -2.8295 0.7451, 2.0768 -2.8295 0.6094, 2.0768 -3.0716 0.7589, 2.0768 -3.0511 0.7451, 2.0768 -3.0293 0.7305, 2.0768 -2.9953 0.6902, 2.0768 -2.978 0.6555, 2.0768 -2.9733 0.6539, 2.0768 -3.2432 0.7601, 2.0768 -3.199 0.7755, 2.0768 -2.8295 1.9685, 2.0768 -3.1583 0.7798, 2.0768 -3.1192 0.7757, 2.0768 -4.4095 1.9685, 2.0768 -4.4095 0.9843, 2.0768 -3.2683 0.7451, 2.0768 -4.4095 0.7451, 2.0768 -3.2722 0.7428, 2.0768 -4.4095 0.6094, 2.0768 -3.476 0.6094, 2.0768 -3.4672 0.629, 2.0768 -3.4449 0.6574, 2.0768 -3.372 0.6986, 2.0768 -3.3357 0.7029, 2.0768 -3.2945 0.7237, 2.0768 -3.3248 0.7024, 2.0768 -3.3139 0.701, 2.0768 -3.4376 0.6643, 2.0768 -3.4072 0.6852, 2.0768 -3.4213 0.4215, 2.0768 -3.4496 0.4458, 2.0768 -4.4095 0.3977, 2.0768 -3.3873 0.4044, 2.0768 -3.4718 0.4778, 2.0768 -3.4851 0.5132, 2.0768 -4.4095 0.5703, 2.0768 -3.4894 0.5492, 2.0768 -3.4891 0.5593, 2.0768 -3.4871 0.5703, 2.0768 -3.4825 0.5949, 2.0768 -3.3315 0.3485, 2.0768 -3.3501 0.3625, 2.0768 -3.3737 0.4003, 2.0768 -3.3725 0.3977, 2.0768 -3.3642 0.3799, 2.0768 -2.8295 0.3449, 2.0768 -3.2443 0.3449, 2.0768 -2.8295 0.0, 2.0768 -3.2606 0.3386, 2.0768 -3.3228 0.3449, 2.0768 -4.4095 0.3449, 2.0768 -3.3096 0.3393, 2.0768 -3.2836 0.3358, 2.0768 -3.2872 0.3358, 2.0768 -4.4095 0.0, 2.0768 -4.4095 0.0551, 2.0768 -2.8295 0.3977, 2.0768 -3.1946 0.3977, 2.0768 -3.1947 0.3974, 2.0768 -3.2059 0.3762, 2.0768 -3.2205 0.3598, 2.0768 -3.2394 0.3467, 2.0768 -2.8884 0.5621, 2.0768 -2.8841 0.5312, 2.0768 -2.8295 0.5703, 2.0768 -3.0735 0.4537, 2.0768 -3.067 0.4563, 2.0768 -3.0558 0.5103, 2.0768 -2.9192 0.4411, 2.0768 -2.945 0.4192, 2.0768 -3.2124 0.4942, 2.0768 -3.0853 0.5606, 2.0768 -3.229 0.5093, 2.0768 -3.2491 0.5201, 2.0768 -3.0793 0.4496, 2.0768 -2.9004 0.4673, 2.0768 -2.9434 0.5385, 2.0768 -2.9478 0.5567, 2.0768 -2.9551 0.5703, 2.0768 -3.4273 0.5703, 2.0768 -2.8885 0.4973, 2.0768 -3.0596 0.4572, 2.0768 -3.0587 0.4571, 2.0768 -3.0559 0.4565, 2.0768 -3.4218 0.5134, 2.0768 -3.4104 0.494, 2.0768 -3.3622 0.4843, 2.0768 -3.3934 0.4766, 2.0768 -3.3727 0.4638, 2.0768 -3.3271 0.5157, 2.0768 -3.3466 0.5022, 2.0768 -3.4297 0.5511, 2.0768 -3.4286 0.5366, 2.0768 -3.3062 0.5237, 2.0768 -3.2836 0.5265, 2.0768 -3.272 0.5258, 2.0768 -3.0891 0.4278, 2.0768 -3.0888 0.4315, 2.0768 -3.1887 0.4401, 2.0768 -3.0869 0.4388, 2.0768 -3.0833 0.4452, 2.0768 -2.9622 0.4801, 2.0768 -2.9517 0.4949, 2.0768 -2.9452 0.5118, 2.0768 -2.9429 0.5303, 2.0768 -3.0669 0.3992, 2.0768 -3.0732 0.4017, 2.0768 -3.0793 0.4061, 2.0768 -3.0815 0.4083, 2.0768 -3.0857 0.4143, 2.0768 -3.0882 0.4207, 2.0768 -3.1892 0.4208, 2.0768 -3.1887 0.4306, 2.0768 -2.974 0.405, 2.0768 -3.0056 0.3984, 2.0768 -3.0615 0.3984, 2.0768 -3.0539 0.4563, 2.0768 -3.0112 0.4563, 2.0768 -2.9943 0.4595, 2.0768 -2.9775 0.4672, 2.0768 -2.9635 0.4787, 2.0768 -3.0245 0.6043, 2.0768 -3.4187 0.5952, 2.0768 -3.4268 0.5741, 2.0768 -3.0169 0.6043, 2.0768 -2.9566 0.5731, 2.0768 -2.9676 0.5854, 2.0768 -2.9824 0.5957, 2.0768 -2.9989 0.602, 2.0768 -3.0449 0.6612, 2.0768 -3.0663 0.6868, 2.0768 -3.2845 0.6318, 2.0768 -3.0688 0.689, 2.0768 -3.0955 0.7075, 2.0768 -3.27 0.6618, 2.0768 -3.4089 0.6094, 2.0768 -3.2914 0.6355, 2.0768 -3.0257 0.6094, 2.0768 -3.0303 0.6306, 2.0768 -3.3126 0.6433, 2.0768 -3.3348 0.646, 2.0768 -3.3446 0.6455, 2.0768 -3.2487 0.6872, 2.0768 -3.1252 0.7189, 2.0768 -3.2233 0.7058, 2.0768 -3.1574 0.7229, 2.0768 -3.1923 0.7184, 2.0768 -3.368 0.64, 2.0768 -3.3892 0.6288, 2.0768 -3.4056 0.6141, 2.0768 -2.9131 0.6094, 2.0768 -2.9 0.5911, 2.0768 -2.8917 0.5703, 2.0768 -2.3403 0.4742, 2.0768 -2.3403 0.4589, 2.0768 -2.3209 0.3977, 2.0768 -2.3209 0.5703, 2.0768 -2.3365 0.5323, 2.0768 -2.3365 0.5169, 2.0768 -2.388 0.5169, 2.0768 -2.388 0.4742, 2.0768 -2.363 0.5169, 2.0768 -2.363 0.4742, 2.0768 -2.388 0.4589, 2.0768 -2.388 0.4141, 2.0768 -2.363 0.4589, 2.0768 -2.363 0.4141, 2.0768 -2.3335 0.4141, 2.0768 -2.3335 0.3988, 2.0768 -2.363 0.3977, 2.0768 -2.363 0.3988, 2.0768 -2.4052 0.3988, 2.0768 -2.4711 0.4225, 2.0768 -2.4691 0.4147, 2.0768 -2.4687 0.4147, 2.0768 -2.4232 0.4942, 2.0768 -2.488 0.5703, 2.0768 -2.4406 0.4942, 2.0768 -2.488 0.4709, 2.0768 -2.4666 0.4224, 2.0768 -2.4679 0.4179, 2.0768 -2.5877 0.4684, 2.0768 -2.5871 0.4744, 2.0768 -2.6048 0.5703, 2.0768 -2.5851 0.4568, 2.0768 -2.587 0.4619, 2.0768 -2.5878 0.4194, 2.0768 -2.5806 0.4151, 2.0768 -2.5801 0.4149, 2.0768 -2.5801 0.4504, 2.0768 -2.583 0.4534, 2.0768 -2.5802 0.4505, 2.0768 -2.5728 0.3977, 2.0768 -2.576 0.398, 2.0768 -2.5801 0.3977, 2.0768 -2.5801 0.3995, 2.0768 -2.6048 0.3977, 2.0768 -2.5878 0.4022, 2.0768 -2.528 0.4921, 2.0768 -2.528 0.4759, 2.0768 -2.577 0.4888, 2.0768 -2.5729 0.4913, 2.0768 -2.5801 0.5703, 2.0768 -2.533 0.4441, 2.0768 -2.529 0.4405, 2.0768 -2.5851 0.4798, 2.0768 -2.582 0.4843, 2.0768 -2.5801 0.486, 2.0768 -2.5242 0.4181, 2.0768 -2.5263 0.4128, 2.0768 -2.5294 0.4083, 2.0768 -2.5639 0.4947, 2.0768 -2.5506 0.4963, 2.0768 -2.5191 0.5703, 2.0768 -2.5389 0.4953, 2.0768 -2.5259 0.4359, 2.0768 -2.5241 0.431, 2.0768 -2.5234 0.4248, 2.0768 -2.565 0.4597, 2.0768 -2.5506 0.4529, 2.0768 -2.5522 0.4828, 2.0768 -2.5342 0.4042, 2.0768 -2.5381 0.4018, 2.0768 -2.5441 0.4503, 2.0768 -2.5325 0.4784, 2.0768 -2.542 0.4817, 2.0768 -2.5572 0.4824, 2.0768 -2.5616 0.4812, 2.0768 -2.5705 0.4699, 2.0768 -2.5654 0.4792, 2.0768 -2.5703 0.4677, 2.0768 -2.5697 0.4651, 2.0768 -2.5685 0.4629, 2.0768 -2.5668 0.4611, 2.0768 -2.5679 0.477, 2.0768 -2.5694 0.4749, 2.0768 -2.5702 0.4726, 2.0768 -2.5701 0.4113, 2.0768 -2.5624 0.4407, 2.0768 -2.5724 0.4453, 2.0768 -2.5603 0.4102, 2.0768 -2.5596 0.4102, 2.0768 -2.5514 0.4361, 2.0768 -2.551 0.4112, 2.0768 -2.5406 0.4231, 2.0768 -2.5408 0.4252, 2.0768 -2.5467 0.4128, 2.0768 -2.5452 0.4137, 2.0768 -2.5433 0.4154, 2.0768 -2.5418 0.4176, 2.0768 -2.5409 0.4199, 2.0768 -2.5415 0.4278, 2.0768 -2.5428 0.43, 2.0768 -2.5449 0.4322, 2.0768 -2.1959 0.6094, 2.0768 -2.2392 0.6105, 2.0768 -2.2583 0.6105, 2.0768 -2.2719 0.647, 2.0768 -2.3209 0.647, 2.0768 -2.3209 0.6094, 2.0768 -2.2901 0.744, 2.0768 -2.1959 0.7451, 2.0768 -2.3209 0.7451, 2.0768 -2.3275 0.647, 2.0768 -2.3403 0.6105, 2.0768 -2.363 0.6094, 2.0768 -2.3593 0.6105, 2.0768 -2.363 0.7451, 2.0768 -2.3209 0.7115, 2.0768 -2.3085 0.744, 2.0768 -2.488 0.7451, 2.0768 -2.5191 0.7451, 2.0768 -2.5036 0.744, 2.0768 -2.5191 0.744, 2.0768 -2.5551 0.6706, 2.0768 -2.5551 0.6258, 2.0768 -2.5191 0.6706, 2.0768 -2.5191 0.6258, 2.0768 -2.5074 0.6706, 2.0768 -2.5006 0.6258, 2.0768 -2.5074 0.6859, 2.0768 -2.5036 0.7286, 2.0768 -2.5191 0.6859, 2.0768 -2.5191 0.7286, 2.0768 -2.5551 0.6859, 2.0768 -2.5551 0.7286, 2.0768 -2.5724 0.6105, 2.0768 -2.5801 0.6094, 2.0768 -2.5191 0.6094, 2.0768 -2.5724 0.744, 2.0768 -2.5801 0.7451, 2.0768 -2.488 0.6094, 2.0768 -2.5006 0.6105, 2.0768 -2.5191 0.6105, 2.0768 -1.063 1.7323, 2.0768 -1.063 1.9685, 2.0768 -1.1811 1.7323, 2.0768 -1.5676 1.9685, 2.0768 -1.1811 0.9843, 2.0768 -1.1811 0.7451, 2.0768 -1.5676 0.7451, 2.0768 -1.5676 0.6094, 2.0768 -1.1811 0.6094, 2.0768 -1.5676 0.5703, 2.0768 -1.1811 0.5703, 2.0768 -1.5676 0.3977, 2.0768 -1.1811 0.3977, 2.0768 -1.5676 0.0, 2.0768 -1.063 0.0, 2.0768 -1.063 0.2362, 2.0768 -1.1811 0.2362, 2.0768 -2.6141 0.7287, 2.0768 -2.6305 0.7307, 2.0768 -2.6048 0.63, 2.0768 -2.5991 0.7228, 2.0768 -2.5991 0.6326, 2.0768 -2.6006 0.7236, 2.0768 -2.6048 0.7252, 2.0768 -2.6374 0.7303, 2.0768 -2.6488 0.7277, 2.0768 -2.6591 0.7225, 2.0768 -2.6669 0.7159, 2.0768 -2.6677 0.7149, 2.0768 -2.6742 0.7057, 2.0768 -2.6787 0.6942, 2.0768 -2.6809 0.6758, 2.0768 -2.6806 0.669, 2.0768 -2.6782 0.6561, 2.0768 -2.6273 0.6239, 2.0768 -2.6122 0.6267, 2.0768 -2.6564 0.6289, 2.0768 -2.6469 0.6252, 2.0768 -2.6335 0.6236, 2.0768 -2.6736 0.6456, 2.0768 -2.6678 0.6377, 2.0768 -2.6651 0.6351, 2.0768 -2.6164 0.7451, 2.0768 -2.6132 0.7449, 2.0768 -2.6048 0.7451, 2.0768 -2.6048 0.7424, 2.0768 -2.5991 0.7408, 2.0768 -2.6307 0.7462, 2.0768 -2.6048 1.9685, 2.0768 -2.6307 0.7462, 2.0768 -2.693 1.9685, 2.0768 -2.6399 0.7451, 2.0768 -2.693 0.7451, 2.0768 -2.6894 0.714, 2.0768 -2.6797 0.7266, 2.0768 -2.6764 0.7297, 2.0768 -2.664 0.7385, 2.0768 -2.65 0.7439, 2.0768 -2.701 0.7451, 2.0768 -2.6957 0.6991, 2.0768 -2.693 0.7055, 2.0768 -2.693 0.6445, 2.0768 -2.6963 0.653, 2.0768 -2.701 0.6094, 2.0768 -2.699 0.6747, 2.0768 -2.6987 0.6817, 2.0768 -2.6585 0.6117, 2.0768 -2.6711 0.6176, 2.0768 -2.693 0.6094, 2.0768 -2.6819 0.6265, 2.0768 -2.6829 0.6277, 2.0768 -2.6909 0.639, 2.0768 -2.6477 0.6094, 2.0768 -2.693 0.5703, 2.0768 -2.6441 0.6087, 2.0768 -2.636 0.6083, 2.0768 -2.6242 0.6094, 2.0768 -2.5991 0.6161, 2.0768 -2.6013 0.6149, 2.0768 -2.6048 0.6094, 2.0768 -2.6048 0.6138, 2.0768 -2.6157 0.6102, 2.0768 -2.6808 0.4437, 2.0768 -2.6777 0.4712, 2.0768 -2.6843 0.4382, 2.0768 -2.6863 0.4321, 2.0768 -2.6105 0.3988, 2.0768 -2.6272 0.3988, 2.0768 -2.6408 0.4822, 2.0768 -2.6465 0.4828, 2.0768 -2.6554 0.4555, 2.0768 -2.6121 0.4742, 2.0768 -2.6105 0.4602, 2.0768 -2.6759 0.4482, 2.0768 -2.6692 0.4519, 2.0768 -2.6662 0.4785, 2.0768 -2.6557 0.4819, 2.0768 -2.6732 0.4002, 2.0768 -2.6789 0.4041, 2.0768 -2.693 0.3977, 2.0768 -2.6807 0.4059, 2.0768 -2.6842 0.4111, 2.0768 -2.6272 0.4136, 2.0768 -2.6276 0.4136, 2.0768 -2.6311 0.4085, 2.0768 -2.6365 0.4031, 2.0768 -2.6862 0.4167, 2.0768 -2.687 0.4244, 2.0768 -2.6777 0.4875, 2.0768 -2.6335 0.4951, 2.0768 -2.6268 0.4928, 2.0768 -2.6214 0.4895, 2.0768 -2.6272 0.4594, 2.0768 -2.6278 0.4668, 2.0768 -2.6295 0.4728, 2.0768 -2.6314 0.4762, 2.0768 -2.6184 0.4865, 2.0768 -2.6148 0.4813, 2.0768 -2.6743 0.4895, 2.0768 -2.6619 0.4943, 2.0768 -2.6449 0.4963, 2.0768 -2.634 0.4789, 2.0768 -2.6369 0.4808, 2.0768 -2.6476 0.3977, 2.0768 -2.6478 0.3977, 2.0768 -2.6048 0.3449, 2.0768 -2.693 0.3449, 2.0768 -2.6568 0.3966, 2.0768 -2.6665 0.3977, 2.0768 -2.6668 0.3977, 2.0768 -2.488 0.3977, 2.0768 -2.488 0.4261, 2.0768 -2.5147 0.4942, 2.0768 -2.496 0.4942, 2.0768 -2.4774 0.399, 2.0768 -2.4779 0.3977, 2.0768 -2.4847 0.3817, 2.0768 -2.5191 0.3449, 2.0768 -2.5113 0.3553, 2.0768 -2.5113 0.3702, 2.0768 -2.4912 0.3721, 2.0768 -2.488 0.3756, 2.0768 -2.488 0.3757, 2.0768 -2.562 0.3966, 2.0768 -2.5801 0.3449, 2.0768 -2.5079 0.3691, 2.0768 -2.5018 0.3683, 2.0768 -2.488 0.3569, 2.0768 -2.4938 0.3547, 2.0768 -2.488 0.3449, 2.0768 -2.5005 0.3539, 2.0768 -2.5042 0.3541, 2.0768 -2.4975 0.3688, 2.0768 -2.4938 0.3703, 2.0768 -2.4665 0.3844, 2.0768 -2.4741 0.3697, 2.0768 -2.363 0.3449, 2.0768 -2.4613 0.3977, 2.0768 -2.4802 0.3624, 2.0768 -2.4813 0.3613, 2.0768 -2.4872 0.3572, 2.0768 -2.3209 0.0, 2.0768 -2.3209 0.3449, 2.0768 -2.363 0.0, 2.0768 -2.488 0.0, 2.0768 -2.5191 0.0, 2.0768 -2.5801 0.0, 2.0768 -2.6048 0.0, 2.0768 -2.693 0.0, 2.0768 -2.1959 0.0, 2.0768 -2.1959 0.3449, 2.0768 -2.641 0.4002, 2.0768 -2.1959 0.3977, 2.0768 -2.7748 0.5323, 2.0768 -2.7748 0.3988, 2.0768 -2.701 0.3977, 2.0768 -2.701 0.3449, 2.0768 -2.701 0.0, 2.0768 -2.7061 0.5323, 2.0768 -2.701 0.5703, 2.0768 -2.7061 0.5169, 2.0768 -2.7576 0.4589, 2.0768 -2.7576 0.4141, 2.0768 -2.7099 0.4589, 2.0768 -2.703 0.4141, 2.0768 -2.7099 0.4742, 2.0768 -2.7576 0.5169, 2.0768 -2.7576 0.4742, 2.0768 -2.703 0.3988, 2.0768 -2.2715 0.3988, 2.0768 -2.3083 0.3988, 2.0768 -2.2032 0.4432, 2.0768 -2.2098 0.4293, 2.0768 -2.2197 0.4175, 2.0768 -2.2336 0.4076, 2.0768 -2.2488 0.4016, 2.0768 -2.3083 0.5323, 2.0768 -2.2702 0.5323, 2.0768 -2.1959 0.5703, 2.0768 -2.2498 0.53, 2.0768 -2.2337 0.5242, 2.0768 -2.2197 0.5146, 2.0768 -2.215 0.51, 2.0768 -2.2068 0.4984, 2.0768 -2.2018 0.4857, 2.0768 -2.1996 0.4673, 2.0768 -2.2 0.4588, 2.0768 -2.1732 0.3988, 2.0768 -2.1922 0.3988, 2.0768 -2.0912 0.3988, 2.0768 -2.1048 0.4353, 2.0768 -2.1603 0.4353, 2.0768 -2.1414 0.5323, 2.0768 -2.123 0.5323, 2.0768 -2.7576 0.744, 2.0768 -2.7748 0.6105, 2.0768 -2.7748 0.744, 2.0768 -2.7576 0.6258, 2.0768 -2.7044 0.6258, 2.0768 -2.7044 0.6105, 2.0768 -2.3704 0.6549, 2.0768 -2.3769 0.6411, 2.0768 -2.3869 0.6292, 2.0768 -2.4008 0.6193, 2.0768 -2.4373 0.744, 2.0768 -2.4169 0.7417, 2.0768 -2.4008 0.7359, 2.0768 -2.416 0.6133, 2.0768 -2.4387 0.6105, 2.0768 -2.4754 0.6105, 2.0768 -2.4754 0.744, 2.0768 -2.3869 0.7263, 2.0768 -2.3822 0.7217, 2.0768 -2.3739 0.7101, 2.0768 -2.369 0.6974, 2.0768 -2.3667 0.679, 2.0768 -2.3671 0.6705, 2.0768 -2.0721 0.3988, 2.0768 -2.701 1.9685, 2.0768 -2.1959 1.9685, 2.0768 -2.3209 1.9685, 2.0768 -2.363 1.9685, 2.0768 -2.488 1.9685, 2.0768 -2.5191 1.9685, 2.0768 -2.5801 1.9685, -2.0807 -1.063 0.2362, -2.0807 -1.063 0.0, 1.8721 -4.4095 0.8583, 1.7539 -4.2913 0.7402, 1.8721 -4.4095 0.1102, 1.7539 -4.2913 0.2283, 1.2421 -4.2913 0.7402, 1.124 -4.4095 0.8583, 1.124 -4.4095 0.1102, 1.2421 -4.2913 0.2283, 1.7539 -1.6535 0.2283, 1.2421 -1.6535 0.2283, 1.7539 -1.6535 0.7402, 1.2421 -1.6535 0.7402, 0.8721 -4.4095 0.8583, 0.7539 -4.2913 0.7402, 0.8721 -4.4095 0.1102, 0.7539 -4.2913 0.2283, 0.2421 -4.2913 0.7402, 0.124 -4.4095 0.8583, 0.124 -4.4095 0.1102, 0.2421 -4.2913 0.2283, 0.7539 -1.6535 0.2283, 0.2421 -1.6535 0.2283, 0.7539 -1.6535 0.7402, 0.2421 -1.6535 0.7402, 0.998 -4.4095 0.0551, 1.8721 -4.4095 1.8583, 1.124 -4.4095 1.8583, 0.998 -4.4095 1.9685, 1.124 -4.4095 1.1102, 0.998 -4.4095 0.9843, 1.8721 -4.4095 1.1102, 0.8721 -4.4095 1.8583, 0.124 -4.4095 1.8583, -0.002 -4.4095 1.9685, 0.124 -4.4095 1.1102, -0.002 -4.4095 0.9843, 0.8721 -4.4095 1.1102, -0.1279 -4.4095 1.1102, -0.1279 -4.4095 1.8583, -0.876 -4.4095 1.8583, -1.002 -4.4095 1.9685, -0.876 -4.4095 1.1102, -1.002 -4.4095 0.9843, -1.1279 -4.4095 1.8583, -1.876 -4.4095 1.8583, -1.9783 -4.4095 1.9685, -1.876 -4.4095 1.1102, -1.9783 -4.4095 0.9843, -1.1279 -4.4095 1.1102, -0.002 -4.4095 0.0551, -0.876 -4.4095 0.8583, -0.876 -4.4095 0.1102, -1.002 -4.4095 0.0551, -0.1279 -4.4095 0.1102, -0.1279 -4.4095 0.8583, -1.1279 -4.4095 0.8583, -1.876 -4.4095 0.8583, -1.876 -4.4095 0.1102, -1.9783 -4.4095 0.0551, -1.1279 -4.4095 0.1102, -2.0807 -4.4095 1.9685, -2.0807 -4.4095 0.9843, -2.0807 -4.4095 0.0551, 0.998 -4.4095 0.0, -0.002 -4.4095 0.0, -1.002 -4.4095 0.0, -1.9783 -4.4095 0.0, -2.0807 -4.4095 0.0, 1.2421 -4.2913 1.2283, 1.2421 -4.2913 1.7402, 1.7539 -4.2913 1.2283, 1.7539 -4.2913 1.7402, 1.2421 -1.6535 1.7402, 1.7539 -1.6535 1.7402, 1.2421 -1.6535 1.2283, 1.7539 -1.6535 1.2283, 0.2421 -4.2913 1.2283, 0.2421 -4.2913 1.7402, 0.7539 -4.2913 1.2283, 0.7539 -4.2913 1.7402, 0.2421 -1.6535 1.7402, 0.7539 -1.6535 1.7402, 0.2421 -1.6535 1.2283, 0.7539 -1.6535 1.2283, -2.0807 -1.063 1.9685, -2.0807 -1.063 1.7323, -2.0807 -1.1811 1.7323, -2.0807 -1.1811 0.2362, -2.0807 -1.1811 0.3209, -2.0807 -1.1811 0.9843, -1.7579 -4.2913 0.2283, -1.7579 -1.6535 0.2283, -1.7579 -4.2913 0.7402, -1.7579 -1.6535 0.7402, -1.2461 -4.2913 0.7402, -1.2461 -1.6535 0.7402, -1.2461 -4.2913 0.2283, -1.2461 -1.6535 0.2283, -1.2461 -4.2913 1.7402, -1.2461 -1.6535 1.7402, -1.2461 -4.2913 1.2283, -1.2461 -1.6535 1.2283, -1.7579 -4.2913 1.2283, -1.7579 -1.6535 1.2283, -1.7579 -4.2913 1.7402, -1.7579 -1.6535 1.7402, -0.2461 -4.2913 1.7402, -0.2461 -1.6535 1.7402, -0.2461 -4.2913 1.2283, -0.2461 -1.6535 1.2283, -0.7579 -4.2913 1.2283, -0.7579 -1.6535 1.2283, -0.7579 -4.2913 1.7402, -0.7579 -1.6535 1.7402, -0.7579 -4.2913 0.2283, -0.7579 -1.6535 0.2283, -0.7579 -4.2913 0.7402, -0.7579 -1.6535 0.7402, -0.2461 -4.2913 0.7402, -0.2461 -1.6535 0.7402, -0.2461 -4.2913 0.2283, -0.2461 -1.6535 0.2283, 1.8504 -1.1811 0.2362, -1.002 -1.1811 0.2362, -0.002 -1.1811 0.2362, 0.998 -1.1811 0.2362, 1.8504 -1.1811 1.7323, 0.998 -1.1811 1.7323, -0.002 -1.1811 1.7323, -1.002 -1.1811 1.7323, -1.002 -1.1811 0.3209, 1.8504 -1.1811 0.9843, -1.6279 -1.1811 1.4055, -1.6279 -1.1811 1.563, -1.376 -1.1811 1.563, -1.376 -1.1811 1.4055, -1.002 -1.1811 0.9843, -0.6279 -1.1811 1.4055, -0.6279 -1.1811 1.563, -0.376 -1.1811 1.563, -0.376 -1.1811 1.4055, -0.002 -1.1811 0.9843, 0.3721 -1.1811 1.4055, 0.3721 -1.1811 1.563, 0.624 -1.1811 1.563, 0.624 -1.1811 1.4055, 0.998 -1.1811 0.9843, 1.3721 -1.1811 1.4055, 1.3721 -1.1811 1.563, 1.624 -1.1811 1.563, 1.624 -1.1811 1.4055, -1.6279 -1.1811 0.4055, -1.6279 -1.1811 0.563, -1.376 -1.1811 0.563, -1.376 -1.1811 0.4055, -0.6279 -1.1811 0.4055, -0.6279 -1.1811 0.563, -0.376 -1.1811 0.563, -0.376 -1.1811 0.4055, -0.002 -1.1811 0.3209, 0.3721 -1.1811 0.4055, 0.3721 -1.1811 0.563, 0.624 -1.1811 0.563, 0.624 -1.1811 0.4055, 0.998 -1.1811 0.3209, 1.3721 -1.1811 0.4055, 1.3721 -1.1811 0.563, 1.624 -1.1811 0.563, 1.624 -1.1811 0.4055, 1.8504 -1.1811 0.3209
            ]
        }
        coordIndex [
            0,1,2,-1,3,4,5,-1,6,7,8,-1,9,10,11,-1,11,10,12,-1,13,14,11,-1,11,14,15,-1,11,15,16,-1,16,17,11,-1,11,17,18,-1,11,18,9,-1,19,20,21,-1,21,20,22,-1,21,22,23,-1,21,24,19,-1,19,24,25,-1,19,25,26,-1,26,25,27,-1,26,27,28,-1,29,30,27,-1,27,30,31,-1,27,31,32,-1,27,33,28,-1,28,33,34,-1,28,34,35,-1,35,34,36,-1,35,36,37,-1,32,38,27,-1,27,38,39,-1,27,39,33,-1,40,41,42,-1,40,42,43,-1,41,44,42,-1,42,44,45,-1,42,45,46,-1,46,45,47,-1,47,48,46,-1,46,48,49,-1,46,49,29,-1,29,49,50,-1,29,50,30,-1,42,51,52,-1,53,43,54,-1,54,43,42,-1,54,42,55,-1,55,42,52,-1,56,57,58,-1,58,57,59,-1,51,42,60,-1,60,42,61,-1,60,61,62,-1,59,63,58,-1,58,63,64,-1,58,64,65,-1,65,64,62,-1,65,62,66,-1,66,62,61,-1,67,68,56,-1,56,68,69,-1,56,69,70,-1,70,71,56,-1,56,71,72,-1,56,72,57,-1,73,74,75,-1,76,77,78,-1,79,80,67,-1,81,82,83,-1,83,82,84,-1,76,78,85,-1,79,67,86,-1,87,88,82,-1,82,88,89,-1,82,89,90,-1,75,74,67,-1,67,74,91,-1,67,91,86,-1,77,92,78,-1,78,92,93,-1,78,93,94,-1,95,96,97,-1,97,96,98,-1,97,98,99,-1,100,90,101,-1,101,90,102,-1,101,102,97,-1,97,102,103,-1,97,103,95,-1,100,104,90,-1,90,104,105,-1,90,105,82,-1,82,105,106,-1,82,106,84,-1,107,108,109,-1,109,108,110,-1,109,110,78,-1,78,110,111,-1,78,111,85,-1,112,113,78,-1,78,113,114,-1,78,114,82,-1,82,114,115,-1,82,115,87,-1,116,117,68,-1,68,117,118,-1,68,118,119,-1,119,120,68,-1,68,120,121,-1,68,121,122,-1,122,121,107,-1,122,107,123,-1,123,107,109,-1,80,124,67,-1,67,124,125,-1,67,125,68,-1,68,125,126,-1,68,126,116,-1,94,127,78,-1,78,127,128,-1,78,128,129,-1,129,130,78,-1,78,130,131,-1,78,131,112,-1,132,133,134,-1,134,90,132,-1,132,90,89,-1,132,89,135,-1,135,89,136,-1,136,137,135,-1,135,137,138,-1,135,138,139,-1,140,141,142,-1,141,143,142,-1,142,143,144,-1,142,144,145,-1,146,142,147,-1,133,132,146,-1,146,132,148,-1,146,148,142,-1,142,148,149,-1,142,149,140,-1,147,150,146,-1,146,150,151,-1,146,151,152,-1,145,144,153,-1,153,144,154,-1,153,154,155,-1,155,154,156,-1,155,156,157,-1,158,159,152,-1,152,159,160,-1,152,160,146,-1,10,161,12,-1,12,161,162,-1,12,162,75,-1,75,162,163,-1,75,163,73,-1,164,165,166,-1,8,7,167,-1,167,7,168,-1,167,168,169,-1,170,171,172,-1,172,171,173,-1,172,173,169,-1,174,175,176,-1,176,175,177,-1,176,177,165,-1,165,177,178,-1,165,178,166,-1,166,178,179,-1,166,179,180,-1,180,179,181,-1,180,181,182,-1,183,184,185,-1,186,187,188,-1,188,187,189,-1,188,189,190,-1,190,189,183,-1,190,183,191,-1,191,183,185,-1,192,193,194,-1,195,196,197,-1,198,199,200,-1,195,197,201,-1,198,200,197,-1,197,200,202,-1,197,202,201,-1,203,204,205,-1,205,204,206,-1,205,206,207,-1,207,206,208,-1,207,208,197,-1,209,210,5,-1,211,212,213,-1,214,215,210,-1,193,216,194,-1,194,216,217,-1,194,217,213,-1,213,217,218,-1,213,218,211,-1,219,220,5,-1,5,220,221,-1,212,222,213,-1,213,222,223,-1,213,223,224,-1,224,223,225,-1,224,225,209,-1,215,226,210,-1,210,226,227,-1,210,227,5,-1,5,227,228,-1,5,228,219,-1,229,230,231,-1,221,232,5,-1,5,232,233,-1,5,233,3,-1,214,210,234,-1,234,210,235,-1,234,235,230,-1,230,235,236,-1,230,236,231,-1,237,238,239,-1,239,238,240,-1,237,239,231,-1,231,239,241,-1,231,241,242,-1,242,243,231,-1,231,243,244,-1,231,244,229,-1,245,246,240,-1,240,246,247,-1,240,247,239,-1,248,249,199,-1,199,249,250,-1,199,250,200,-1,248,251,249,-1,249,251,252,-1,249,252,253,-1,253,252,254,-1,253,255,256,-1,254,257,253,-1,253,257,258,-1,253,258,259,-1,259,260,253,-1,253,260,261,-1,253,261,255,-1,256,262,253,-1,253,262,263,-1,253,263,264,-1,265,266,267,-1,268,269,267,-1,267,269,270,-1,267,270,265,-1,266,265,271,-1,271,265,272,-1,271,272,273,-1,269,274,270,-1,270,274,275,-1,270,275,276,-1,276,275,277,-1,276,277,278,-1,278,277,279,-1,278,279,273,-1,273,279,280,-1,273,280,271,-1,281,282,283,-1,283,282,284,-1,285,286,287,-1,287,286,288,-1,287,288,289,-1,289,288,290,-1,289,290,291,-1,291,290,292,-1,291,292,293,-1,293,292,294,-1,293,294,295,-1,295,294,296,-1,297,298,299,-1,284,282,300,-1,300,282,301,-1,300,301,297,-1,283,292,281,-1,281,292,290,-1,281,290,302,-1,302,290,303,-1,302,303,299,-1,299,303,304,-1,299,304,297,-1,305,306,307,-1,307,306,308,-1,307,308,309,-1,310,311,312,-1,310,312,313,-1,313,312,314,-1,313,314,315,-1,315,314,316,-1,315,316,317,-1,318,319,320,-1,0,2,321,-1,322,323,324,-1,297,301,298,-1,298,301,325,-1,298,325,326,-1,326,325,327,-1,326,327,324,-1,324,327,328,-1,324,328,322,-1,323,329,324,-1,324,329,330,-1,324,330,331,-1,331,332,324,-1,324,332,333,-1,324,333,334,-1,334,335,324,-1,324,335,336,-1,324,336,337,-1,338,339,337,-1,337,339,340,-1,337,340,324,-1,341,342,343,-1,338,344,339,-1,339,344,345,-1,339,345,343,-1,343,345,346,-1,343,346,341,-1,347,348,349,-1,349,348,350,-1,349,350,301,-1,301,350,351,-1,301,351,325,-1,352,353,354,-1,354,353,355,-1,354,355,356,-1,357,358,359,-1,359,360,357,-1,357,360,361,-1,357,361,362,-1,363,364,357,-1,357,364,365,-1,357,365,358,-1,366,367,368,-1,368,367,369,-1,368,369,363,-1,363,369,370,-1,363,370,364,-1,371,372,373,-1,373,372,374,-1,374,375,373,-1,373,375,376,-1,373,376,366,-1,371,373,377,-1,377,373,378,-1,377,378,379,-1,379,378,380,-1,380,378,194,-1,380,194,381,-1,326,382,298,-1,298,382,383,-1,298,383,384,-1,384,383,385,-1,384,385,386,-1,387,388,389,-1,389,388,390,-1,207,391,392,-1,393,394,395,-1,194,396,397,-1,387,398,388,-1,388,398,399,-1,388,399,400,-1,400,399,395,-1,400,395,401,-1,401,395,394,-1,196,192,197,-1,197,192,194,-1,197,194,207,-1,207,194,397,-1,207,397,391,-1,402,403,404,-1,404,403,405,-1,404,405,406,-1,407,408,392,-1,392,408,409,-1,392,409,410,-1,406,411,404,-1,404,411,412,-1,404,412,378,-1,378,412,390,-1,378,390,413,-1,413,390,388,-1,414,415,194,-1,194,415,416,-1,417,418,395,-1,395,418,419,-1,395,419,420,-1,416,421,194,-1,194,421,422,-1,194,422,396,-1,413,423,378,-1,378,423,424,-1,378,424,194,-1,194,424,425,-1,194,425,414,-1,420,426,395,-1,395,426,427,-1,395,427,393,-1,428,429,430,-1,430,429,431,-1,429,432,431,-1,431,432,433,-1,431,433,404,-1,404,433,434,-1,404,434,402,-1,435,436,5,-1,5,436,437,-1,209,5,224,-1,224,5,437,-1,224,437,187,-1,187,437,438,-1,187,438,189,-1,439,436,440,-1,440,436,435,-1,440,435,441,-1,442,443,444,-1,445,446,435,-1,435,446,447,-1,435,447,441,-1,448,449,4,-1,4,449,442,-1,4,442,5,-1,5,442,444,-1,5,444,435,-1,435,444,450,-1,435,450,451,-1,452,453,454,-1,454,453,455,-1,454,455,442,-1,442,455,456,-1,442,456,443,-1,451,457,435,-1,435,457,458,-1,435,458,445,-1,459,460,461,-1,459,461,462,-1,460,463,461,-1,461,463,464,-1,461,464,454,-1,454,464,465,-1,454,465,452,-1,466,467,468,-1,468,467,461,-1,468,461,469,-1,469,461,454,-1,469,454,470,-1,470,454,442,-1,470,442,471,-1,471,442,449,-1,471,449,472,-1,472,449,430,-1,472,430,473,-1,473,430,431,-1,320,321,318,-1,318,321,2,-1,318,2,474,-1,474,2,475,-1,474,475,466,-1,448,203,449,-1,449,203,205,-1,449,205,430,-1,430,205,207,-1,430,207,428,-1,428,207,392,-1,428,392,476,-1,476,392,410,-1,467,166,461,-1,461,166,180,-1,461,180,462,-1,462,180,182,-1,462,182,186,-1,186,182,6,-1,186,6,187,-1,187,6,8,-1,1,317,2,-1,2,317,316,-1,2,316,475,-1,475,316,477,-1,478,75,479,-1,479,75,67,-1,479,67,480,-1,480,67,56,-1,480,56,481,-1,481,56,58,-1,481,58,482,-1,478,483,484,-1,484,483,485,-1,486,487,488,-1,488,487,489,-1,488,489,490,-1,491,492,485,-1,485,492,490,-1,485,490,484,-1,484,490,489,-1,484,489,480,-1,480,489,493,-1,480,493,479,-1,466,475,467,-1,467,475,477,-1,467,477,166,-1,166,477,494,-1,166,494,495,-1,173,164,169,-1,169,164,166,-1,169,166,167,-1,167,166,495,-1,496,497,477,-1,477,497,498,-1,498,499,477,-1,477,499,500,-1,477,500,494,-1,495,501,167,-1,167,501,502,-1,167,502,503,-1,503,502,504,-1,503,504,505,-1,505,506,503,-1,503,506,507,-1,503,507,508,-1,508,509,503,-1,503,509,510,-1,503,510,477,-1,477,510,511,-1,477,511,496,-1,512,513,477,-1,514,515,516,-1,477,513,503,-1,503,513,517,-1,503,517,518,-1,366,368,373,-1,373,368,484,-1,373,484,378,-1,378,484,480,-1,378,480,404,-1,404,480,481,-1,404,481,431,-1,431,481,482,-1,431,482,473,-1,503,265,167,-1,167,265,270,-1,167,270,8,-1,8,270,276,-1,8,276,187,-1,187,276,302,-1,187,302,224,-1,224,302,299,-1,224,299,213,-1,213,299,298,-1,213,298,194,-1,194,298,384,-1,194,384,381,-1,381,384,386,-1,519,363,11,-1,478,484,75,-1,75,484,368,-1,75,368,12,-1,12,368,520,-1,12,520,11,-1,11,520,521,-1,11,521,519,-1,519,522,363,-1,363,522,523,-1,363,523,368,-1,368,523,524,-1,368,524,520,-1,525,526,276,-1,276,526,527,-1,276,527,528,-1,281,529,278,-1,278,529,530,-1,278,530,531,-1,528,532,276,-1,276,532,533,-1,276,533,302,-1,302,533,534,-1,302,534,281,-1,281,534,535,-1,281,535,529,-1,531,536,278,-1,278,536,537,-1,278,537,538,-1,538,539,278,-1,278,539,540,-1,278,540,276,-1,276,540,541,-1,276,541,525,-1,516,512,514,-1,514,512,477,-1,514,477,542,-1,542,477,316,-1,542,316,518,-1,518,316,314,-1,518,314,503,-1,503,314,312,-1,503,312,265,-1,265,312,311,-1,265,311,272,-1,362,356,357,-1,357,356,355,-1,357,355,363,-1,363,355,543,-1,363,543,11,-1,11,543,21,-1,11,21,13,-1,13,21,23,-1,310,309,311,-1,311,309,308,-1,311,308,272,-1,272,308,544,-1,272,544,273,-1,273,544,545,-1,273,545,278,-1,278,545,546,-1,278,546,281,-1,281,546,547,-1,281,547,282,-1,282,547,548,-1,282,548,301,-1,301,548,549,-1,301,549,349,-1,349,549,353,-1,349,353,347,-1,347,353,352,-1,320,319,550,-1,550,319,551,-1,552,553,554,-1,554,553,555,-1,553,552,556,-1,556,552,557,-1,558,559,557,-1,557,559,556,-1,554,555,558,-1,558,555,559,-1,555,560,559,-1,559,560,561,-1,560,562,561,-1,561,562,563,-1,553,562,555,-1,555,562,560,-1,556,563,553,-1,553,563,562,-1,559,561,556,-1,556,561,563,-1,564,565,566,-1,566,565,567,-1,565,564,568,-1,568,564,569,-1,570,571,569,-1,569,571,568,-1,566,567,570,-1,570,567,571,-1,567,572,571,-1,571,572,573,-1,572,574,573,-1,573,574,575,-1,565,574,567,-1,567,574,572,-1,568,575,565,-1,565,575,574,-1,571,573,568,-1,568,573,575,-1,65,66,576,-1,577,24,578,-1,578,24,579,-1,578,579,580,-1,580,579,581,-1,580,581,582,-1,582,581,25,-1,582,25,577,-1,577,25,24,-1,583,579,584,-1,584,579,585,-1,584,585,586,-1,586,585,587,-1,586,587,588,-1,588,587,581,-1,588,581,583,-1,583,581,579,-1,589,587,590,-1,590,587,585,-1,590,585,591,-1,591,585,592,-1,591,592,593,-1,593,592,594,-1,593,594,589,-1,589,594,587,-1,595,592,596,-1,596,592,597,-1,596,597,598,-1,598,597,599,-1,598,599,600,-1,600,599,594,-1,600,594,595,-1,595,594,592,-1,554,61,42,-1,554,42,552,-1,552,42,46,-1,552,46,29,-1,29,27,552,-1,552,27,25,-1,552,25,557,-1,557,25,581,-1,557,581,558,-1,558,581,576,-1,558,576,554,-1,554,576,66,-1,554,66,61,-1,564,581,569,-1,569,581,587,-1,569,587,570,-1,570,587,601,-1,570,601,566,-1,566,601,576,-1,566,576,564,-1,564,576,581,-1,602,594,603,-1,603,594,604,-1,603,604,605,-1,605,604,601,-1,605,601,606,-1,606,601,587,-1,606,587,602,-1,602,587,594,-1,607,594,608,-1,608,594,599,-1,608,599,609,-1,609,599,610,-1,609,610,611,-1,611,610,604,-1,611,604,607,-1,607,604,594,-1,597,612,599,-1,599,612,613,-1,599,613,610,-1,610,613,614,-1,65,576,615,-1,615,576,601,-1,615,601,616,-1,616,601,604,-1,616,604,617,-1,617,604,610,-1,617,610,618,-1,618,610,614,-1,618,614,619,-1,580,620,578,-1,578,620,621,-1,620,580,622,-1,622,580,582,-1,577,623,582,-1,582,623,622,-1,578,621,577,-1,577,621,623,-1,621,624,623,-1,623,624,625,-1,624,626,625,-1,625,626,627,-1,620,626,621,-1,621,626,624,-1,622,627,620,-1,620,627,626,-1,623,625,622,-1,622,625,627,-1,586,628,584,-1,584,628,629,-1,628,586,630,-1,630,586,588,-1,583,631,588,-1,588,631,630,-1,584,629,583,-1,583,629,631,-1,629,632,631,-1,631,632,633,-1,632,634,633,-1,633,634,635,-1,628,634,629,-1,629,634,632,-1,630,635,628,-1,628,635,634,-1,631,633,630,-1,630,633,635,-1,612,597,636,-1,636,597,592,-1,636,592,306,-1,579,24,21,-1,21,543,579,-1,579,543,355,-1,579,355,353,-1,353,549,579,-1,579,549,548,-1,579,548,547,-1,547,546,579,-1,579,546,545,-1,579,545,544,-1,592,585,306,-1,306,585,579,-1,306,579,308,-1,308,579,544,-1,636,637,638,-1,550,551,639,-1,639,551,619,-1,639,619,640,-1,640,619,614,-1,640,614,641,-1,641,614,613,-1,641,613,638,-1,638,613,612,-1,638,612,636,-1,551,319,318,-1,318,474,551,-1,551,474,466,-1,551,466,468,-1,468,469,551,-1,551,469,470,-1,551,470,471,-1,58,65,615,-1,618,619,551,-1,471,472,551,-1,551,472,473,-1,551,473,482,-1,58,615,482,-1,482,615,616,-1,482,616,551,-1,551,616,617,-1,551,617,618,-1,637,636,305,-1,305,636,306,-1,642,643,644,-1,644,643,645,-1,644,645,646,-1,646,645,647,-1,646,647,648,-1,648,647,649,-1,648,649,642,-1,642,649,643,-1,649,647,643,-1,643,647,645,-1,650,651,652,-1,652,651,653,-1,652,653,654,-1,654,653,655,-1,654,655,656,-1,656,655,657,-1,656,657,650,-1,650,657,651,-1,657,655,651,-1,651,655,653,-1,609,642,608,-1,608,642,644,-1,611,648,609,-1,609,648,642,-1,646,607,644,-1,644,607,608,-1,607,646,611,-1,611,646,648,-1,595,650,600,-1,600,650,652,-1,596,656,595,-1,595,656,650,-1,654,598,652,-1,652,598,600,-1,598,654,596,-1,596,654,656,-1,658,659,660,-1,660,659,661,-1,660,661,662,-1,662,661,663,-1,662,663,664,-1,664,663,665,-1,665,663,659,-1,659,663,661,-1,664,665,658,-1,658,665,659,-1,591,664,590,-1,590,664,658,-1,590,658,589,-1,589,658,660,-1,662,593,660,-1,660,593,589,-1,593,662,591,-1,591,662,664,-1,666,667,668,-1,668,667,669,-1,668,669,670,-1,670,669,671,-1,670,671,672,-1,672,671,673,-1,673,671,667,-1,667,671,669,-1,672,673,666,-1,666,673,667,-1,605,672,603,-1,603,672,666,-1,603,666,602,-1,602,666,668,-1,670,606,668,-1,668,606,602,-1,606,670,605,-1,605,670,672,-1,674,321,320,-1,639,675,550,-1,550,675,676,-1,550,676,320,-1,320,676,677,-1,320,677,674,-1,305,307,678,-1,678,679,305,-1,305,679,680,-1,305,680,637,-1,637,680,681,-1,637,681,638,-1,639,640,682,-1,683,678,307,-1,684,641,685,-1,685,641,638,-1,685,638,686,-1,686,638,681,-1,686,681,687,-1,687,681,688,-1,687,688,684,-1,684,688,641,-1,689,688,690,-1,690,688,681,-1,690,681,691,-1,691,681,680,-1,691,680,692,-1,692,680,693,-1,692,693,689,-1,689,693,688,-1,694,693,695,-1,695,693,680,-1,695,680,696,-1,696,680,679,-1,696,679,697,-1,697,679,698,-1,697,698,694,-1,694,698,693,-1,699,698,700,-1,700,698,679,-1,700,679,701,-1,701,679,678,-1,701,678,702,-1,702,678,683,-1,702,683,699,-1,699,683,698,-1,703,640,704,-1,704,640,641,-1,704,641,705,-1,705,641,688,-1,705,688,706,-1,706,688,682,-1,706,682,703,-1,703,682,640,-1,707,682,708,-1,708,682,688,-1,708,688,709,-1,709,688,693,-1,709,693,710,-1,710,693,711,-1,710,711,707,-1,707,711,682,-1,712,711,713,-1,713,711,693,-1,713,693,714,-1,714,693,698,-1,714,698,715,-1,715,698,716,-1,715,716,712,-1,712,716,711,-1,717,716,718,-1,718,716,698,-1,718,698,719,-1,719,698,683,-1,719,683,720,-1,720,683,721,-1,720,721,717,-1,717,721,716,-1,307,309,683,-1,683,309,310,-1,683,310,721,-1,721,310,313,-1,721,313,315,-1,315,317,721,-1,721,317,1,-1,721,1,0,-1,639,682,675,-1,675,682,711,-1,675,711,676,-1,676,711,716,-1,676,716,677,-1,677,716,721,-1,677,721,674,-1,674,721,0,-1,674,0,321,-1,
        ]
    }
}
Shape{
    appearance Appearance {
        material  Material {
            diffuseColor 0.7529411764705882 0.7529411764705882 0.7529411764705882
            specularColor 0.3764705882352941 0.3764705882352941 0.3764705882352941
            ambientIntensity 0.7529
            transparency 0.0
            shininess 0.5
        }
    }
    geometry IndexedFaceSet {
        ccw TRUE
        solid FALSE
        coord DEF co Coordinate {
            point [
                0.624 0.4331 1.0906, 0.3721 0.4331 1.0906, 0.624 0.4331 -1.1339, 0.3721 0.4331 -1.1339, 0.4654 0.4331 -1.2555, 0.435 0.4331 -1.243, 0.409 0.4331 -1.2229, 0.3764 0.4331 -1.1665, 0.3889 0.4331 -1.1969, 0.498 0.4331 -1.2598, 0.5306 0.4331 -1.2555, 0.561 0.4331 -1.243, 0.5871 0.4331 -1.2229, 0.6071 0.4331 -1.1969, 0.6197 0.4331 -1.1665, 0.3721 0.5905 1.0906, 0.624 0.5905 1.0906, 0.3721 0.5905 -1.1339, 0.624 0.5905 -1.1339, 0.5306 0.5905 -1.2555, 0.561 0.5905 -1.243, 0.5871 0.5905 -1.2229, 0.6197 0.5905 -1.1665, 0.6071 0.5905 -1.1969, 0.498 0.5905 -1.2598, 0.4654 0.5905 -1.2555, 0.435 0.5905 -1.243, 0.409 0.5905 -1.2229, 0.3889 0.5905 -1.1969, 0.3764 0.5905 -1.1665, 0.3721 0.5787 1.1957, 0.624 0.5787 1.1957, 0.3721 0.5438 1.2955, 0.624 0.5438 1.2955, 0.3721 0.4875 1.3851, 0.624 0.4875 1.3851, 0.3721 0.4127 1.4599, 0.624 0.4127 1.4599, 0.3721 0.3231 1.5162, 0.624 0.3231 1.5162, 0.3721 0.2232 1.5511, 0.624 0.2232 1.5511, 0.3721 0.1181 1.563, 0.624 0.1181 1.563, 0.624 -1.1811 1.563, 0.3721 -1.1811 1.563, 0.3721 0.1181 1.4055, 0.624 0.1181 1.4055, 0.3721 -1.1811 1.4055, 0.624 -1.1811 1.4055, 0.624 0.1882 1.3976, 0.3721 0.1882 1.3976, 0.624 0.2548 1.3743, 0.3721 0.2548 1.3743, 0.624 0.3145 1.3368, 0.3721 0.3145 1.3368, 0.624 0.3644 1.2869, 0.3721 0.3644 1.2869, 0.624 0.4019 1.2272, 0.3721 0.4019 1.2272, 0.624 0.4252 1.1606, 0.3721 0.4252 1.1606, 0.624 -0.5669 0.0906, 0.3721 -0.5669 0.0906, 0.624 -0.5669 -1.1339, 0.3721 -0.5669 -1.1339, 0.6197 -0.5669 -1.1665, 0.3764 -0.5669 -1.1665, 0.3889 -0.5669 -1.1969, 0.498 -0.5669 -1.2598, 0.409 -0.5669 -1.2229, 0.435 -0.5669 -1.243, 0.4654 -0.5669 -1.2555, 0.5306 -0.5669 -1.2555, 0.561 -0.5669 -1.243, 0.5871 -0.5669 -1.2229, 0.6071 -0.5669 -1.1969, 0.3721 -0.4095 0.0906, 0.624 -0.4095 0.0906, 0.3721 -0.4095 -1.1339, 0.624 -0.4095 -1.1339, 0.3764 -0.4095 -1.1665, 0.3889 -0.4095 -1.1969, 0.5871 -0.4095 -1.2229, 0.561 -0.4095 -1.243, 0.6071 -0.4095 -1.1969, 0.5306 -0.4095 -1.2555, 0.6197 -0.4095 -1.1665, 0.498 -0.4095 -1.2598, 0.4654 -0.4095 -1.2555, 0.435 -0.4095 -1.243, 0.409 -0.4095 -1.2229, 0.3721 -0.4213 0.1957, 0.624 -0.4213 0.1957, 0.3721 -0.4562 0.2955, 0.624 -0.4562 0.2955, 0.3721 -0.5125 0.3851, 0.624 -0.5125 0.3851, 0.3721 -0.5873 0.4599, 0.624 -0.5873 0.4599, 0.3721 -0.6769 0.5162, 0.624 -0.6769 0.5162, 0.3721 -0.7768 0.5511, 0.624 -0.7768 0.5511, 0.3721 -0.8819 0.563, 0.624 -0.8819 0.563, 0.624 -1.1811 0.563, 0.3721 -1.1811 0.563, 0.3721 -0.8819 0.4055, 0.624 -0.8819 0.4055, 0.3721 -1.1811 0.4055, 0.624 -1.1811 0.4055, 0.624 -0.8118 0.3976, 0.3721 -0.8118 0.3976, 0.624 -0.7452 0.3743, 0.3721 -0.7452 0.3743, 0.624 -0.6855 0.3368, 0.3721 -0.6855 0.3368, 0.624 -0.6356 0.2869, 0.3721 -0.6356 0.2869, 0.624 -0.5981 0.2272, 0.3721 -0.5981 0.2272, 0.624 -0.5748 0.1606, 0.3721 -0.5748 0.1606, -0.376 0.4331 1.0906, -0.6279 0.4331 1.0906, -0.376 0.4331 -1.1339, -0.6279 0.4331 -1.1339, -0.5346 0.4331 -1.2555, -0.565 0.4331 -1.243, -0.591 0.4331 -1.2229, -0.6236 0.4331 -1.1665, -0.6111 0.4331 -1.1969, -0.3929 0.4331 -1.1969, -0.4694 0.4331 -1.2555, -0.4129 0.4331 -1.2229, -0.439 0.4331 -1.243, -0.502 0.4331 -1.2598, -0.3803 0.4331 -1.1665, -0.6279 0.5905 -1.1339, -0.6279 0.5905 1.0906, -0.376 0.5905 1.0906, -0.376 0.5905 -1.1339, -0.3803 0.5905 -1.1665, -0.3929 0.5905 -1.1969, -0.4129 0.5905 -1.2229, -0.439 0.5905 -1.243, -0.4694 0.5905 -1.2555, -0.502 0.5905 -1.2598, -0.5346 0.5905 -1.2555, -0.565 0.5905 -1.243, -0.591 0.5905 -1.2229, -0.6111 0.5905 -1.1969, -0.6236 0.5905 -1.1665, -0.6279 0.5787 1.1957, -0.376 0.5787 1.1957, -0.6279 0.5438 1.2955, -0.376 0.5438 1.2955, -0.6279 0.4875 1.3851, -0.376 0.4875 1.3851, -0.6279 0.4127 1.4599, -0.376 0.4127 1.4599, -0.6279 0.3231 1.5162, -0.376 0.3231 1.5162, -0.6279 0.2232 1.5511, -0.376 0.2232 1.5511, -0.6279 0.1181 1.563, -0.376 0.1181 1.563, -0.376 -1.1811 1.563, -0.6279 -1.1811 1.563, -0.6279 0.1181 1.4055, -0.376 0.1181 1.4055, -0.6279 -1.1811 1.4055, -0.376 -1.1811 1.4055, -0.376 0.1882 1.3976, -0.6279 0.1882 1.3976, -0.376 0.2548 1.3743, -0.6279 0.2548 1.3743, -0.376 0.3145 1.3368, -0.6279 0.3145 1.3368, -0.376 0.3644 1.2869, -0.6279 0.3644 1.2869, -0.376 0.4019 1.2272, -0.6279 0.4019 1.2272, -0.376 0.4252 1.1606, -0.6279 0.4252 1.1606, -0.376 -0.5669 0.0906, -0.6279 -0.5669 0.0906, -0.376 -0.5669 -1.1339, -0.6279 -0.5669 -1.1339, -0.3803 -0.5669 -1.1665, -0.6236 -0.5669 -1.1665, -0.6111 -0.5669 -1.1969, -0.502 -0.5669 -1.2598, -0.591 -0.5669 -1.2229, -0.565 -0.5669 -1.243, -0.5346 -0.5669 -1.2555, -0.4694 -0.5669 -1.2555, -0.439 -0.5669 -1.243, -0.4129 -0.5669 -1.2229, -0.3929 -0.5669 -1.1969, -0.6111 -0.4095 -1.1969, -0.376 -0.4095 -1.1339, -0.591 -0.4095 -1.2229, -0.3803 -0.4095 -1.1665, -0.3929 -0.4095 -1.1969, -0.6279 -0.4095 0.0906, -0.376 -0.4095 0.0906, -0.6279 -0.4095 -1.1339, -0.6236 -0.4095 -1.1665, -0.4129 -0.4095 -1.2229, -0.439 -0.4095 -1.243, -0.4694 -0.4095 -1.2555, -0.502 -0.4095 -1.2598, -0.5346 -0.4095 -1.2555, -0.565 -0.4095 -1.243, -0.6279 -0.4213 0.1957, -0.376 -0.4213 0.1957, -0.6279 -0.4562 0.2955, -0.376 -0.4562 0.2955, -0.6279 -0.5125 0.3851, -0.376 -0.5125 0.3851, -0.6279 -0.5873 0.4599, -0.376 -0.5873 0.4599, -0.6279 -0.6769 0.5162, -0.376 -0.6769 0.5162, -0.6279 -0.7768 0.5511, -0.376 -0.7768 0.5511, -0.6279 -0.8819 0.563, -0.376 -0.8819 0.563, -0.376 -1.1811 0.563, -0.6279 -1.1811 0.563, -0.6279 -0.8819 0.4055, -0.376 -0.8819 0.4055, -0.6279 -1.1811 0.4055, -0.376 -1.1811 0.4055, -0.376 -0.8118 0.3976, -0.6279 -0.8118 0.3976, -0.376 -0.7452 0.3743, -0.6279 -0.7452 0.3743, -0.376 -0.6855 0.3368, -0.6279 -0.6855 0.3368, -0.376 -0.6356 0.2869, -0.6279 -0.6356 0.2869, -0.376 -0.5981 0.2272, -0.6279 -0.5981 0.2272, -0.376 -0.5748 0.1606, -0.6279 -0.5748 0.1606, -1.376 0.4331 1.0906, -1.6279 0.4331 1.0906, -1.376 0.4331 -1.1339, -1.6279 0.4331 -1.1339, -1.6236 0.4331 -1.1665, -1.565 0.4331 -1.243, -1.5346 0.4331 -1.2555, -1.502 0.4331 -1.2598, -1.4694 0.4331 -1.2555, -1.6111 0.4331 -1.1969, -1.591 0.4331 -1.2229, -1.439 0.4331 -1.243, -1.4129 0.4331 -1.2229, -1.3803 0.4331 -1.1665, -1.3929 0.4331 -1.1969, -1.502 0.5905 -1.2598, -1.5346 0.5905 -1.2555, -1.376 0.5905 -1.1339, -1.6279 0.5905 1.0906, -1.376 0.5905 1.0906, -1.6279 0.5905 -1.1339, -1.6236 0.5905 -1.1665, -1.6111 0.5905 -1.1969, -1.4129 0.5905 -1.2229, -1.3929 0.5905 -1.1969, -1.3803 0.5905 -1.1665, -1.439 0.5905 -1.243, -1.4694 0.5905 -1.2555, -1.565 0.5905 -1.243, -1.591 0.5905 -1.2229, -1.6279 0.5787 1.1957, -1.376 0.5787 1.1957, -1.6279 0.5438 1.2955, -1.376 0.5438 1.2955, -1.6279 0.4875 1.3851, -1.376 0.4875 1.3851, -1.6279 0.4127 1.4599, -1.376 0.4127 1.4599, -1.6279 0.3231 1.5162, -1.376 0.3231 1.5162, -1.6279 0.2232 1.5511, -1.376 0.2232 1.5511, -1.6279 0.1181 1.563, -1.376 0.1181 1.563, -1.376 -1.1811 1.563, -1.6279 -1.1811 1.563, -1.6279 0.1181 1.4055, -1.376 0.1181 1.4055, -1.6279 -1.1811 1.4055, -1.376 -1.1811 1.4055, -1.376 0.1882 1.3976, -1.6279 0.1882 1.3976, -1.376 0.2548 1.3743, -1.6279 0.2548 1.3743, -1.376 0.3145 1.3368, -1.6279 0.3145 1.3368, -1.376 0.3644 1.2869, -1.6279 0.3644 1.2869, -1.376 0.4019 1.2272, -1.6279 0.4019 1.2272, -1.376 0.4252 1.1606, -1.6279 0.4252 1.1606, -1.376 -0.5669 0.0906, -1.6279 -0.5669 0.0906, -1.376 -0.5669 -1.1339, -1.6279 -0.5669 -1.1339, -1.3803 -0.5669 -1.1665, -1.6236 -0.5669 -1.1665, -1.6111 -0.5669 -1.1969, -1.502 -0.5669 -1.2598, -1.591 -0.5669 -1.2229, -1.5346 -0.5669 -1.2555, -1.565 -0.5669 -1.243, -1.439 -0.5669 -1.243, -1.4129 -0.5669 -1.2229, -1.3929 -0.5669 -1.1969, -1.4694 -0.5669 -1.2555, -1.6279 -0.4095 0.0906, -1.376 -0.4095 0.0906, -1.6279 -0.4095 -1.1339, -1.376 -0.4095 -1.1339, -1.591 -0.4095 -1.2229, -1.6111 -0.4095 -1.1969, -1.6236 -0.4095 -1.1665, -1.3803 -0.4095 -1.1665, -1.3929 -0.4095 -1.1969, -1.4694 -0.4095 -1.2555, -1.4129 -0.4095 -1.2229, -1.439 -0.4095 -1.243, -1.502 -0.4095 -1.2598, -1.5346 -0.4095 -1.2555, -1.565 -0.4095 -1.243, -1.6279 -0.4213 0.1957, -1.376 -0.4213 0.1957, -1.6279 -0.4562 0.2955, -1.376 -0.4562 0.2955, -1.6279 -0.5125 0.3851, -1.376 -0.5125 0.3851, -1.6279 -0.5873 0.4599, -1.376 -0.5873 0.4599, -1.6279 -0.6769 0.5162, -1.376 -0.6769 0.5162, -1.6279 -0.7768 0.5511, -1.376 -0.7768 0.5511, -1.6279 -0.8819 0.563, -1.376 -0.8819 0.563, -1.376 -1.1811 0.563, -1.6279 -1.1811 0.563, -1.6279 -0.8819 0.4055, -1.376 -0.8819 0.4055, -1.6279 -1.1811 0.4055, -1.376 -1.1811 0.4055, -1.376 -0.8118 0.3976, -1.6279 -0.8118 0.3976, -1.376 -0.7452 0.3743, -1.6279 -0.7452 0.3743, -1.376 -0.6855 0.3368, -1.6279 -0.6855 0.3368, -1.376 -0.6356 0.2869, -1.6279 -0.6356 0.2869, -1.376 -0.5981 0.2272, -1.6279 -0.5981 0.2272, -1.376 -0.5748 0.1606, -1.6279 -0.5748 0.1606, 1.624 0.4331 -1.1339, 1.624 0.4331 1.0906, 1.3721 0.4331 1.0906, 1.3721 0.4331 -1.1339, 1.3764 0.4331 -1.1665, 1.3889 0.4331 -1.1969, 1.409 0.4331 -1.2229, 1.435 0.4331 -1.243, 1.4654 0.4331 -1.2555, 1.498 0.4331 -1.2598, 1.5306 0.4331 -1.2555, 1.561 0.4331 -1.243, 1.5871 0.4331 -1.2229, 1.6071 0.4331 -1.1969, 1.6197 0.4331 -1.1665, 1.3721 0.5905 -1.1339, 1.3721 0.5905 1.0906, 1.624 0.5905 1.0906, 1.624 0.5905 -1.1339, 1.6197 0.5905 -1.1665, 1.6071 0.5905 -1.1969, 1.5871 0.5905 -1.2229, 1.561 0.5905 -1.243, 1.5306 0.5905 -1.2555, 1.3889 0.5905 -1.1969, 1.4654 0.5905 -1.2555, 1.409 0.5905 -1.2229, 1.435 0.5905 -1.243, 1.498 0.5905 -1.2598, 1.3764 0.5905 -1.1665, 1.3721 0.5787 1.1957, 1.624 0.5787 1.1957, 1.3721 0.5438 1.2955, 1.624 0.5438 1.2955, 1.3721 0.4875 1.3851, 1.624 0.4875 1.3851, 1.3721 0.4127 1.4599, 1.624 0.4127 1.4599, 1.3721 0.3231 1.5162, 1.624 0.3231 1.5162, 1.3721 0.2232 1.5511, 1.624 0.2232 1.5511, 1.3721 0.1181 1.563, 1.624 0.1181 1.563, 1.624 -1.1811 1.563, 1.3721 -1.1811 1.563, 1.3721 0.1181 1.4055, 1.624 0.1181 1.4055, 1.3721 -1.1811 1.4055, 1.624 -1.1811 1.4055, 1.624 0.1882 1.3976, 1.3721 0.1882 1.3976, 1.624 0.2548 1.3743, 1.3721 0.2548 1.3743, 1.624 0.3145 1.3368, 1.3721 0.3145 1.3368, 1.624 0.3644 1.2869, 1.3721 0.3644 1.2869, 1.624 0.4019 1.2272, 1.3721 0.4019 1.2272, 1.624 0.4252 1.1606, 1.3721 0.4252 1.1606, 1.624 -0.5669 0.0906, 1.3721 -0.5669 0.0906, 1.624 -0.5669 -1.1339, 1.3721 -0.5669 -1.1339, 1.561 -0.5669 -1.243, 1.5871 -0.5669 -1.2229, 1.435 -0.5669 -1.243, 1.4654 -0.5669 -1.2555, 1.409 -0.5669 -1.2229, 1.498 -0.5669 -1.2598, 1.3889 -0.5669 -1.1969, 1.3764 -0.5669 -1.1665, 1.6071 -0.5669 -1.1969, 1.6197 -0.5669 -1.1665, 1.5306 -0.5669 -1.2555, 1.3721 -0.4095 0.0906, 1.624 -0.4095 0.0906, 1.3721 -0.4095 -1.1339, 1.624 -0.4095 -1.1339, 1.6197 -0.4095 -1.1665, 1.6071 -0.4095 -1.1969, 1.5871 -0.4095 -1.2229, 1.409 -0.4095 -1.2229, 1.435 -0.4095 -1.243, 1.4654 -0.4095 -1.2555, 1.3889 -0.4095 -1.1969, 1.3764 -0.4095 -1.1665, 1.498 -0.4095 -1.2598, 1.561 -0.4095 -1.243, 1.5306 -0.4095 -1.2555, 1.3721 -0.4213 0.1957, 1.624 -0.4213 0.1957, 1.3721 -0.4562 0.2955, 1.624 -0.4562 0.2955, 1.3721 -0.5125 0.3851, 1.624 -0.5125 0.3851, 1.3721 -0.5873 0.4599, 1.624 -0.5873 0.4599, 1.3721 -0.6769 0.5162, 1.624 -0.6769 0.5162, 1.3721 -0.7768 0.5511, 1.624 -0.7768 0.5511, 1.3721 -0.8819 0.563, 1.624 -0.8819 0.563, 1.624 -1.1811 0.563, 1.3721 -1.1811 0.563, 1.3721 -0.8819 0.4055, 1.624 -0.8819 0.4055, 1.3721 -1.1811 0.4055, 1.624 -1.1811 0.4055, 1.624 -0.8118 0.3976, 1.3721 -0.8118 0.3976, 1.624 -0.7452 0.3743, 1.3721 -0.7452 0.3743, 1.624 -0.6855 0.3368, 1.3721 -0.6855 0.3368, 1.624 -0.6356 0.2869, 1.3721 -0.6356 0.2869, 1.624 -0.5981 0.2272, 1.3721 -0.5981 0.2272, 1.624 -0.5748 0.1606, 1.3721 -0.5748 0.1606
            ]
        }
        coordIndex [
            0,1,2,-1,2,1,3,-1,4,2,5,-1,5,2,6,-1,3,7,2,-1,2,7,8,-1,2,8,6,-1,4,9,2,-1,2,9,10,-1,2,10,11,-1,11,12,2,-1,2,12,13,-1,2,13,14,-1,15,16,17,-1,17,16,18,-1,19,17,20,-1,20,17,21,-1,18,22,17,-1,17,22,23,-1,17,23,21,-1,19,24,17,-1,17,24,25,-1,17,25,26,-1,26,27,17,-1,17,27,28,-1,17,28,29,-1,16,15,30,-1,16,30,31,-1,31,30,32,-1,31,32,33,-1,33,32,34,-1,33,34,35,-1,35,34,36,-1,35,36,37,-1,37,36,38,-1,37,38,39,-1,39,38,40,-1,39,40,41,-1,41,40,42,-1,41,42,43,-1,44,43,45,-1,45,43,42,-1,46,47,48,-1,48,47,49,-1,47,46,50,-1,50,46,51,-1,50,51,52,-1,52,51,53,-1,52,53,54,-1,54,53,55,-1,54,55,56,-1,56,55,57,-1,56,57,58,-1,58,57,59,-1,58,59,60,-1,60,59,61,-1,60,61,0,-1,0,61,1,-1,2,18,0,-1,0,18,16,-1,0,16,60,-1,60,16,31,-1,60,31,58,-1,58,31,33,-1,58,33,56,-1,56,33,35,-1,56,35,54,-1,54,35,37,-1,54,37,52,-1,52,37,39,-1,52,39,50,-1,50,39,41,-1,50,41,47,-1,47,41,43,-1,47,43,49,-1,49,43,44,-1,48,45,46,-1,46,45,42,-1,46,42,51,-1,51,42,40,-1,51,40,53,-1,53,40,38,-1,53,38,55,-1,55,38,36,-1,55,36,57,-1,57,36,34,-1,57,34,59,-1,59,34,32,-1,59,32,61,-1,61,32,30,-1,61,30,1,-1,1,30,15,-1,1,15,3,-1,3,15,17,-1,62,63,64,-1,64,63,65,-1,64,65,66,-1,67,68,69,-1,68,70,69,-1,69,70,71,-1,69,71,72,-1,67,69,65,-1,65,69,73,-1,65,73,74,-1,74,75,65,-1,65,75,76,-1,65,76,66,-1,77,78,79,-1,79,78,80,-1,79,80,81,-1,81,80,82,-1,83,84,85,-1,85,84,86,-1,85,86,87,-1,87,86,80,-1,80,86,88,-1,80,88,89,-1,89,90,80,-1,80,90,91,-1,80,91,82,-1,78,77,92,-1,78,92,93,-1,93,92,94,-1,93,94,95,-1,95,94,96,-1,95,96,97,-1,97,96,98,-1,97,98,99,-1,99,98,100,-1,99,100,101,-1,101,100,102,-1,101,102,103,-1,103,102,104,-1,103,104,105,-1,106,105,107,-1,107,105,104,-1,108,109,110,-1,110,109,111,-1,109,108,112,-1,112,108,113,-1,112,113,114,-1,114,113,115,-1,114,115,116,-1,116,115,117,-1,116,117,118,-1,118,117,119,-1,118,119,120,-1,120,119,121,-1,120,121,122,-1,122,121,123,-1,122,123,62,-1,62,123,63,-1,64,80,62,-1,62,80,78,-1,62,78,122,-1,122,78,93,-1,122,93,120,-1,120,93,95,-1,120,95,118,-1,118,95,97,-1,118,97,116,-1,116,97,99,-1,116,99,114,-1,114,99,101,-1,114,101,112,-1,112,101,103,-1,112,103,109,-1,109,103,105,-1,109,105,111,-1,111,105,106,-1,110,107,108,-1,108,107,104,-1,108,104,113,-1,113,104,102,-1,113,102,115,-1,115,102,100,-1,115,100,117,-1,117,100,98,-1,117,98,119,-1,119,98,96,-1,119,96,121,-1,121,96,94,-1,121,94,123,-1,123,94,92,-1,123,92,63,-1,63,92,77,-1,63,77,65,-1,65,77,79,-1,3,17,29,-1,3,29,7,-1,7,29,28,-1,7,28,8,-1,8,28,27,-1,8,27,6,-1,6,27,26,-1,6,26,5,-1,5,26,25,-1,5,25,4,-1,4,25,24,-1,4,24,9,-1,18,2,14,-1,18,14,22,-1,22,14,13,-1,22,13,23,-1,23,13,12,-1,23,12,21,-1,21,12,11,-1,21,11,20,-1,20,11,10,-1,20,10,19,-1,19,10,9,-1,19,9,24,-1,65,79,81,-1,65,81,67,-1,67,81,82,-1,67,82,68,-1,68,82,91,-1,68,91,70,-1,70,91,90,-1,70,90,71,-1,71,90,89,-1,71,89,72,-1,72,89,88,-1,72,88,69,-1,80,64,66,-1,80,66,87,-1,87,66,76,-1,87,76,85,-1,85,76,75,-1,85,75,83,-1,83,75,74,-1,83,74,84,-1,84,74,73,-1,84,73,86,-1,86,73,69,-1,86,69,88,-1,124,125,126,-1,126,125,127,-1,128,126,129,-1,129,126,130,-1,127,131,126,-1,126,131,132,-1,126,132,130,-1,133,134,135,-1,135,134,136,-1,128,137,126,-1,126,137,134,-1,126,134,138,-1,138,134,133,-1,139,140,141,-1,141,142,139,-1,139,142,143,-1,139,143,144,-1,144,145,139,-1,139,145,146,-1,139,146,147,-1,147,148,139,-1,139,148,149,-1,139,149,150,-1,150,151,139,-1,139,151,152,-1,139,152,153,-1,141,140,154,-1,141,154,155,-1,155,154,156,-1,155,156,157,-1,157,156,158,-1,157,158,159,-1,159,158,160,-1,159,160,161,-1,161,160,162,-1,161,162,163,-1,163,162,164,-1,163,164,165,-1,165,164,166,-1,165,166,167,-1,168,167,169,-1,169,167,166,-1,170,171,172,-1,172,171,173,-1,171,170,174,-1,174,170,175,-1,174,175,176,-1,176,175,177,-1,176,177,178,-1,178,177,179,-1,178,179,180,-1,180,179,181,-1,180,181,182,-1,182,181,183,-1,182,183,184,-1,184,183,185,-1,184,185,124,-1,124,185,125,-1,126,142,124,-1,124,142,141,-1,124,141,184,-1,184,141,155,-1,184,155,182,-1,182,155,157,-1,182,157,180,-1,180,157,159,-1,180,159,178,-1,178,159,161,-1,178,161,176,-1,176,161,163,-1,176,163,174,-1,174,163,165,-1,174,165,171,-1,171,165,167,-1,171,167,173,-1,173,167,168,-1,172,169,170,-1,170,169,166,-1,170,166,175,-1,175,166,164,-1,175,164,177,-1,177,164,162,-1,177,162,179,-1,179,162,160,-1,179,160,181,-1,181,160,158,-1,181,158,183,-1,183,158,156,-1,183,156,185,-1,185,156,154,-1,185,154,125,-1,125,154,140,-1,125,140,127,-1,127,140,139,-1,186,187,188,-1,188,187,189,-1,188,189,190,-1,191,192,193,-1,192,194,193,-1,193,194,195,-1,193,195,196,-1,191,193,189,-1,189,193,197,-1,189,197,198,-1,198,199,189,-1,189,199,200,-1,189,200,190,-1,201,202,203,-1,203,202,204,-1,203,204,205,-1,206,207,208,-1,208,207,202,-1,208,202,209,-1,209,202,201,-1,205,210,203,-1,203,210,211,-1,203,211,212,-1,212,213,203,-1,203,213,214,-1,203,214,215,-1,207,206,216,-1,207,216,217,-1,217,216,218,-1,217,218,219,-1,219,218,220,-1,219,220,221,-1,221,220,222,-1,221,222,223,-1,223,222,224,-1,223,224,225,-1,225,224,226,-1,225,226,227,-1,227,226,228,-1,227,228,229,-1,230,229,231,-1,231,229,228,-1,232,233,234,-1,234,233,235,-1,233,232,236,-1,236,232,237,-1,236,237,238,-1,238,237,239,-1,238,239,240,-1,240,239,241,-1,240,241,242,-1,242,241,243,-1,242,243,244,-1,244,243,245,-1,244,245,246,-1,246,245,247,-1,246,247,186,-1,186,247,187,-1,188,202,186,-1,186,202,207,-1,186,207,246,-1,246,207,217,-1,246,217,244,-1,244,217,219,-1,244,219,242,-1,242,219,221,-1,242,221,240,-1,240,221,223,-1,240,223,238,-1,238,223,225,-1,238,225,236,-1,236,225,227,-1,236,227,233,-1,233,227,229,-1,233,229,235,-1,235,229,230,-1,234,231,232,-1,232,231,228,-1,232,228,237,-1,237,228,226,-1,237,226,239,-1,239,226,224,-1,239,224,241,-1,241,224,222,-1,241,222,243,-1,243,222,220,-1,243,220,245,-1,245,220,218,-1,245,218,247,-1,247,218,216,-1,247,216,187,-1,187,216,206,-1,187,206,189,-1,189,206,208,-1,248,249,250,-1,250,249,251,-1,250,251,252,-1,253,254,250,-1,250,254,255,-1,250,255,256,-1,252,257,250,-1,250,257,258,-1,250,258,253,-1,256,259,250,-1,250,259,260,-1,250,260,261,-1,261,260,262,-1,263,264,265,-1,266,267,268,-1,268,267,265,-1,268,265,269,-1,269,265,270,-1,271,265,272,-1,272,265,273,-1,271,274,265,-1,265,274,275,-1,265,275,263,-1,264,276,265,-1,265,276,277,-1,265,277,270,-1,267,266,278,-1,267,278,279,-1,279,278,280,-1,279,280,281,-1,281,280,282,-1,281,282,283,-1,283,282,284,-1,283,284,285,-1,285,284,286,-1,285,286,287,-1,287,286,288,-1,287,288,289,-1,289,288,290,-1,289,290,291,-1,292,291,293,-1,293,291,290,-1,294,295,296,-1,296,295,297,-1,295,294,298,-1,298,294,299,-1,298,299,300,-1,300,299,301,-1,300,301,302,-1,302,301,303,-1,302,303,304,-1,304,303,305,-1,304,305,306,-1,306,305,307,-1,306,307,308,-1,308,307,309,-1,308,309,248,-1,248,309,249,-1,250,265,248,-1,248,265,267,-1,248,267,308,-1,308,267,279,-1,308,279,306,-1,306,279,281,-1,306,281,304,-1,304,281,283,-1,304,283,302,-1,302,283,285,-1,302,285,300,-1,300,285,287,-1,300,287,298,-1,298,287,289,-1,298,289,295,-1,295,289,291,-1,295,291,297,-1,297,291,292,-1,296,293,294,-1,294,293,290,-1,294,290,299,-1,299,290,288,-1,299,288,301,-1,301,288,286,-1,301,286,303,-1,303,286,284,-1,303,284,305,-1,305,284,282,-1,305,282,307,-1,307,282,280,-1,307,280,309,-1,309,280,278,-1,309,278,249,-1,249,278,266,-1,249,266,251,-1,251,266,268,-1,310,311,312,-1,312,311,313,-1,312,313,314,-1,315,316,317,-1,317,316,318,-1,317,318,319,-1,319,318,320,-1,321,322,313,-1,313,322,323,-1,313,323,314,-1,315,317,313,-1,313,317,324,-1,313,324,321,-1,325,326,327,-1,327,326,328,-1,329,330,328,-1,328,330,331,-1,328,331,327,-1,332,333,334,-1,334,333,335,-1,334,335,336,-1,334,337,332,-1,332,337,338,-1,332,338,328,-1,328,338,339,-1,328,339,329,-1,326,325,340,-1,326,340,341,-1,341,340,342,-1,341,342,343,-1,343,342,344,-1,343,344,345,-1,345,344,346,-1,345,346,347,-1,347,346,348,-1,347,348,349,-1,349,348,350,-1,349,350,351,-1,351,350,352,-1,351,352,353,-1,354,353,355,-1,355,353,352,-1,356,357,358,-1,358,357,359,-1,357,356,360,-1,360,356,361,-1,360,361,362,-1,362,361,363,-1,362,363,364,-1,364,363,365,-1,364,365,366,-1,366,365,367,-1,366,367,368,-1,368,367,369,-1,368,369,370,-1,370,369,371,-1,370,371,310,-1,310,371,311,-1,312,328,310,-1,310,328,326,-1,310,326,370,-1,370,326,341,-1,370,341,368,-1,368,341,343,-1,368,343,366,-1,366,343,345,-1,366,345,364,-1,364,345,347,-1,364,347,362,-1,362,347,349,-1,362,349,360,-1,360,349,351,-1,360,351,357,-1,357,351,353,-1,357,353,359,-1,359,353,354,-1,358,355,356,-1,356,355,352,-1,356,352,361,-1,361,352,350,-1,361,350,363,-1,363,350,348,-1,363,348,365,-1,365,348,346,-1,365,346,367,-1,367,346,344,-1,367,344,369,-1,369,344,342,-1,369,342,371,-1,371,342,340,-1,371,340,311,-1,311,340,325,-1,311,325,313,-1,313,325,327,-1,372,373,374,-1,374,375,372,-1,372,375,376,-1,372,376,377,-1,377,378,372,-1,372,378,379,-1,372,379,380,-1,381,382,380,-1,380,382,383,-1,380,383,384,-1,384,385,380,-1,380,385,386,-1,380,386,372,-1,387,388,389,-1,389,390,387,-1,387,390,391,-1,387,391,392,-1,392,393,387,-1,387,393,394,-1,387,394,395,-1,396,397,398,-1,398,397,399,-1,395,400,387,-1,387,400,397,-1,387,397,401,-1,401,397,396,-1,389,388,402,-1,389,402,403,-1,403,402,404,-1,403,404,405,-1,405,404,406,-1,405,406,407,-1,407,406,408,-1,407,408,409,-1,409,408,410,-1,409,410,411,-1,411,410,412,-1,411,412,413,-1,413,412,414,-1,413,414,415,-1,416,415,417,-1,417,415,414,-1,418,419,420,-1,420,419,421,-1,419,418,422,-1,422,418,423,-1,422,423,424,-1,424,423,425,-1,424,425,426,-1,426,425,427,-1,426,427,428,-1,428,427,429,-1,428,429,430,-1,430,429,431,-1,430,431,432,-1,432,431,433,-1,432,433,373,-1,373,433,374,-1,372,390,373,-1,373,390,389,-1,373,389,432,-1,432,389,403,-1,432,403,430,-1,430,403,405,-1,430,405,428,-1,428,405,407,-1,428,407,426,-1,426,407,409,-1,426,409,424,-1,424,409,411,-1,424,411,422,-1,422,411,413,-1,422,413,419,-1,419,413,415,-1,419,415,421,-1,421,415,416,-1,420,417,418,-1,418,417,414,-1,418,414,423,-1,423,414,412,-1,423,412,425,-1,425,412,410,-1,425,410,427,-1,427,410,408,-1,427,408,429,-1,429,408,406,-1,429,406,431,-1,431,406,404,-1,431,404,433,-1,433,404,402,-1,433,402,374,-1,374,402,388,-1,374,388,375,-1,375,388,387,-1,434,435,436,-1,436,435,437,-1,438,439,437,-1,440,441,442,-1,442,441,443,-1,442,443,444,-1,444,443,445,-1,439,446,437,-1,437,446,447,-1,437,447,436,-1,445,443,437,-1,437,443,448,-1,437,448,438,-1,449,450,451,-1,451,450,452,-1,452,453,451,-1,451,453,454,-1,451,454,455,-1,456,455,457,-1,457,455,458,-1,456,459,455,-1,455,459,460,-1,455,460,451,-1,458,455,461,-1,461,455,462,-1,461,462,463,-1,450,449,464,-1,450,464,465,-1,465,464,466,-1,465,466,467,-1,467,466,468,-1,467,468,469,-1,469,468,470,-1,469,470,471,-1,471,470,472,-1,471,472,473,-1,473,472,474,-1,473,474,475,-1,475,474,476,-1,475,476,477,-1,478,477,479,-1,479,477,476,-1,480,481,482,-1,482,481,483,-1,481,480,484,-1,484,480,485,-1,484,485,486,-1,486,485,487,-1,486,487,488,-1,488,487,489,-1,488,489,490,-1,490,489,491,-1,490,491,492,-1,492,491,493,-1,492,493,494,-1,494,493,495,-1,494,495,434,-1,434,495,435,-1,436,452,434,-1,434,452,450,-1,434,450,494,-1,494,450,465,-1,494,465,492,-1,492,465,467,-1,492,467,490,-1,490,467,469,-1,490,469,488,-1,488,469,471,-1,488,471,486,-1,486,471,473,-1,486,473,484,-1,484,473,475,-1,484,475,481,-1,481,475,477,-1,481,477,483,-1,483,477,478,-1,482,479,480,-1,480,479,476,-1,480,476,485,-1,485,476,474,-1,485,474,487,-1,487,474,472,-1,487,472,489,-1,489,472,470,-1,489,470,491,-1,491,470,468,-1,491,468,493,-1,493,468,466,-1,493,466,495,-1,495,466,464,-1,495,464,435,-1,435,464,449,-1,435,449,437,-1,437,449,451,-1,127,139,153,-1,127,153,131,-1,131,153,152,-1,131,152,132,-1,132,152,151,-1,132,151,130,-1,130,151,150,-1,130,150,129,-1,129,150,149,-1,129,149,128,-1,128,149,148,-1,128,148,137,-1,142,126,138,-1,142,138,143,-1,143,138,133,-1,143,133,144,-1,144,133,135,-1,144,135,145,-1,145,135,136,-1,145,136,146,-1,146,136,134,-1,146,134,147,-1,147,134,137,-1,147,137,148,-1,189,208,209,-1,189,209,191,-1,191,209,201,-1,191,201,192,-1,192,201,203,-1,192,203,194,-1,194,203,215,-1,194,215,195,-1,195,215,214,-1,195,214,196,-1,196,214,213,-1,196,213,193,-1,202,188,190,-1,202,190,204,-1,204,190,200,-1,204,200,205,-1,205,200,199,-1,205,199,210,-1,210,199,198,-1,210,198,211,-1,211,198,197,-1,211,197,212,-1,212,197,193,-1,212,193,213,-1,251,268,269,-1,251,269,252,-1,252,269,270,-1,252,270,257,-1,257,270,277,-1,257,277,258,-1,258,277,276,-1,258,276,253,-1,253,276,264,-1,253,264,254,-1,254,264,263,-1,254,263,255,-1,265,250,261,-1,265,261,273,-1,273,261,262,-1,273,262,272,-1,272,262,260,-1,272,260,271,-1,271,260,259,-1,271,259,274,-1,274,259,256,-1,274,256,275,-1,275,256,255,-1,275,255,263,-1,313,327,331,-1,313,331,315,-1,315,331,330,-1,315,330,316,-1,316,330,329,-1,316,329,318,-1,318,329,339,-1,318,339,320,-1,320,339,338,-1,320,338,319,-1,319,338,337,-1,319,337,317,-1,328,312,314,-1,328,314,332,-1,332,314,323,-1,332,323,333,-1,333,323,322,-1,333,322,335,-1,335,322,321,-1,335,321,336,-1,336,321,324,-1,336,324,334,-1,334,324,317,-1,334,317,337,-1,375,387,401,-1,375,401,376,-1,376,401,396,-1,376,396,377,-1,377,396,398,-1,377,398,378,-1,378,398,399,-1,378,399,379,-1,379,399,397,-1,379,397,380,-1,380,397,400,-1,380,400,381,-1,390,372,386,-1,390,386,391,-1,391,386,385,-1,391,385,392,-1,392,385,384,-1,392,384,393,-1,393,384,383,-1,393,383,394,-1,394,383,382,-1,394,382,395,-1,395,382,381,-1,395,381,400,-1,437,451,460,-1,437,460,445,-1,445,460,459,-1,445,459,444,-1,444,459,456,-1,444,456,442,-1,442,456,457,-1,442,457,440,-1,440,457,458,-1,440,458,441,-1,441,458,461,-1,441,461,443,-1,452,436,447,-1,452,447,453,-1,453,447,446,-1,453,446,454,-1,454,446,439,-1,454,439,455,-1,455,439,438,-1,455,438,462,-1,462,438,448,-1,462,448,463,-1,463,448,443,-1,463,443,461,-1,
        ]
    }
}
Shape{
    appearance Appearance {
        material  Material {
            diffuseColor 1.0 1.0 1.0
            specularColor 0.5019607843137255 0.5019607843137255 0.5019607843137255
            ambientIntensity 1.0
            transparency 0.0
            shininess 0.5
        }
    }
    geometry IndexedFaceSet {
        ccw TRUE
        solid FALSE
        coord DEF co Coordinate {
            point [
                2.0807 -2.7044 0.6258, 2.0807 -2.7044 0.6105, 2.0768 -2.7044 0.6258, 2.0768 -2.7044 0.6105, 2.0807 -2.7576 0.6258, 2.0768 -2.7576 0.6258, 2.0807 -2.7576 0.744, 2.0768 -2.7576 0.744, 2.0807 -2.7748 0.744, 2.0768 -2.7748 0.744, 2.0807 -2.7748 0.6105, 2.0768 -2.7748 0.6105, 2.0807 -2.6157 0.6102, 2.0807 -2.636 0.6083, 2.0768 -2.636 0.6083, 2.0768 -2.6242 0.6094, 2.0768 -2.6157 0.6102, 2.0807 -2.6013 0.6149, 2.0768 -2.6048 0.6138, 2.0768 -2.6013 0.6149, 2.0768 -2.5991 0.6161, 2.0807 -2.5991 0.6161, 2.0807 -2.5991 0.6326, 2.0768 -2.5991 0.6326, 2.0768 -2.6048 0.63, 2.0807 -2.6122 0.6267, 2.0768 -2.6122 0.6267, 2.0768 -2.6273 0.6239, 2.0807 -2.6273 0.6239, 2.0768 -2.6335 0.6236, 2.0807 -2.6335 0.6236, 2.0768 -2.6469 0.6252, 2.0807 -2.6469 0.6252, 2.0768 -2.6564 0.6289, 2.0807 -2.6564 0.6289, 2.0768 -2.6651 0.6351, 2.0807 -2.6651 0.6351, 2.0768 -2.6678 0.6377, 2.0807 -2.6678 0.6377, 2.0768 -2.6736 0.6456, 2.0807 -2.6736 0.6456, 2.0768 -2.6782 0.6561, 2.0807 -2.6782 0.6561, 2.0768 -2.6806 0.669, 2.0807 -2.6806 0.669, 2.0768 -2.6809 0.6758, 2.0807 -2.6809 0.6758, 2.0768 -2.6787 0.6942, 2.0807 -2.6787 0.6942, 2.0768 -2.6742 0.7057, 2.0807 -2.6742 0.7057, 2.0768 -2.6677 0.7149, 2.0807 -2.6677 0.7149, 2.0768 -2.6669 0.7159, 2.0807 -2.6669 0.7159, 2.0768 -2.6591 0.7225, 2.0807 -2.6591 0.7225, 2.0768 -2.6488 0.7277, 2.0807 -2.6488 0.7277, 2.0768 -2.6374 0.7303, 2.0807 -2.6374 0.7303, 2.0768 -2.6305 0.7307, 2.0807 -2.6305 0.7307, 2.0768 -2.6141 0.7287, 2.0768 -2.6048 0.7252, 2.0807 -2.6006 0.7236, 2.0807 -2.6141 0.7287, 2.0768 -2.6006 0.7236, 2.0768 -2.5991 0.7228, 2.0807 -2.5991 0.7228, 2.0807 -2.5991 0.7408, 2.0768 -2.5991 0.7408, 2.0768 -2.6307 0.7462, 2.0807 -2.6307 0.7462, 2.0807 -2.6307 0.7462, 2.0768 -2.6048 0.7424, 2.0807 -2.6132 0.7449, 2.0768 -2.6132 0.7449, 2.0768 -2.6164 0.7451, 2.0768 -2.6307 0.7462, 2.0768 -2.6399 0.7451, 2.0807 -2.65 0.7439, 2.0768 -2.65 0.7439, 2.0768 -2.664 0.7385, 2.0807 -2.664 0.7385, 2.0768 -2.6764 0.7297, 2.0807 -2.6764 0.7297, 2.0768 -2.6797 0.7266, 2.0807 -2.6797 0.7266, 2.0768 -2.6894 0.714, 2.0768 -2.693 0.7055, 2.0807 -2.6957 0.6991, 2.0807 -2.6894 0.714, 2.0768 -2.6957 0.6991, 2.0768 -2.6987 0.6817, 2.0807 -2.6987 0.6817, 2.0768 -2.699 0.6747, 2.0807 -2.699 0.6747, 2.0768 -2.6963 0.653, 2.0768 -2.693 0.6445, 2.0807 -2.6909 0.639, 2.0807 -2.6963 0.653, 2.0768 -2.6909 0.639, 2.0768 -2.6829 0.6277, 2.0807 -2.6829 0.6277, 2.0768 -2.6819 0.6265, 2.0807 -2.6819 0.6265, 2.0768 -2.6585 0.6117, 2.0807 -2.6711 0.6176, 2.0768 -2.6711 0.6176, 2.0768 -2.6477 0.6094, 2.0807 -2.6441 0.6087, 2.0807 -2.6585 0.6117, 2.0768 -2.6441 0.6087, 2.0807 -2.5006 0.6258, 2.0807 -2.5006 0.6105, 2.0768 -2.5006 0.6258, 2.0768 -2.5006 0.6105, 2.0768 -2.5551 0.6258, 2.0807 -2.5551 0.6258, 2.0768 -2.5191 0.6258, 2.0807 -2.5551 0.6706, 2.0768 -2.5551 0.6706, 2.0807 -2.5074 0.6706, 2.0768 -2.5191 0.6706, 2.0768 -2.5074 0.6706, 2.0807 -2.5074 0.6859, 2.0768 -2.5074 0.6859, 2.0768 -2.5551 0.6859, 2.0807 -2.5551 0.6859, 2.0768 -2.5191 0.6859, 2.0807 -2.5551 0.7286, 2.0768 -2.5551 0.7286, 2.0768 -2.5036 0.7286, 2.0807 -2.5036 0.7286, 2.0768 -2.5191 0.7286, 2.0807 -2.5036 0.744, 2.0768 -2.5036 0.744, 2.0768 -2.5724 0.744, 2.0807 -2.5724 0.744, 2.0768 -2.5191 0.744, 2.0807 -2.5724 0.6105, 2.0768 -2.5724 0.6105, 2.0768 -2.5191 0.6105, 2.0807 -2.3869 0.6292, 2.0807 -2.4006 0.6383, 2.0807 -2.4008 0.6193, 2.0807 -2.4092 0.6323, 2.0807 -2.416 0.6133, 2.0807 -2.4202 0.628, 2.0807 -2.4387 0.6105, 2.0807 -2.4388 0.6258, 2.0807 -2.4754 0.6105, 2.0807 -2.4581 0.6258, 2.0807 -2.4754 0.744, 2.0807 -2.4581 0.7286, 2.0807 -2.4373 0.744, 2.0807 -2.438 0.7286, 2.0807 -2.433 0.7285, 2.0807 -2.4169 0.7417, 2.0807 -2.419 0.7263, 2.0807 -2.4008 0.7359, 2.0807 -2.4077 0.7218, 2.0807 -2.3869 0.7263, 2.0807 -2.3995 0.7161, 2.0807 -2.3822 0.7217, 2.0807 -2.3958 0.7125, 2.0807 -2.3739 0.7101, 2.0807 -2.3906 0.705, 2.0807 -2.369 0.6974, 2.0807 -2.3868 0.6953, 2.0807 -2.3667 0.679, 2.0807 -2.3848 0.6785, 2.0807 -2.3671 0.6705, 2.0807 -2.3854 0.6687, 2.0807 -2.3704 0.6549, 2.0807 -2.3882 0.6568, 2.0807 -2.3769 0.6411, 2.0807 -2.393 0.647, 2.0807 -2.3991 0.6397, 2.0768 -2.4387 0.6105, 2.0768 -2.4754 0.6105, 2.0768 -2.416 0.6133, 2.0768 -2.4008 0.6193, 2.0768 -2.3869 0.6292, 2.0768 -2.3769 0.6411, 2.0768 -2.3704 0.6549, 2.0768 -2.3671 0.6705, 2.0768 -2.3667 0.679, 2.0768 -2.369 0.6974, 2.0768 -2.3739 0.7101, 2.0768 -2.3822 0.7217, 2.0768 -2.3869 0.7263, 2.0768 -2.4008 0.7359, 2.0768 -2.4169 0.7417, 2.0768 -2.4373 0.744, 2.0768 -2.4754 0.744, 2.0768 -2.438 0.7286, 2.0768 -2.4581 0.7286, 2.0768 -2.4581 0.6258, 2.0768 -2.4388 0.6258, 2.0768 -2.3991 0.6397, 2.0768 -2.4006 0.6383, 2.0768 -2.4092 0.6323, 2.0768 -2.4202 0.628, 2.0768 -2.3848 0.6785, 2.0768 -2.3854 0.6687, 2.0768 -2.3882 0.6568, 2.0768 -2.393 0.647, 2.0768 -2.3995 0.7161, 2.0768 -2.3958 0.7125, 2.0768 -2.3906 0.705, 2.0768 -2.3868 0.6953, 2.0768 -2.433 0.7285, 2.0768 -2.419 0.7263, 2.0768 -2.4077 0.7218
            ]
        }
        coordIndex [
            0,1,2,-1,2,1,3,-1,4,0,5,-1,5,0,2,-1,6,4,7,-1,7,4,5,-1,8,6,9,-1,9,6,7,-1,10,8,11,-1,11,8,9,-1,1,10,3,-1,3,10,11,-1,6,8,4,-1,4,8,10,-1,4,10,0,-1,0,10,1,-1,12,13,14,-1,14,15,12,-1,12,15,16,-1,12,16,17,-1,17,16,18,-1,18,19,17,-1,17,19,20,-1,17,20,21,-1,22,21,23,-1,23,21,20,-1,22,23,24,-1,22,24,25,-1,24,26,25,-1,25,26,27,-1,25,27,28,-1,28,27,29,-1,28,29,30,-1,30,29,31,-1,30,31,32,-1,32,31,33,-1,32,33,34,-1,34,33,35,-1,34,35,36,-1,36,35,37,-1,36,37,38,-1,38,37,39,-1,38,39,40,-1,40,39,41,-1,40,41,42,-1,42,41,43,-1,42,43,44,-1,44,43,45,-1,44,45,46,-1,46,45,47,-1,46,47,48,-1,48,47,49,-1,48,49,50,-1,50,49,51,-1,50,51,52,-1,52,51,53,-1,52,53,54,-1,54,53,55,-1,54,55,56,-1,56,55,57,-1,56,57,58,-1,58,57,59,-1,58,59,60,-1,60,59,61,-1,60,61,62,-1,62,61,63,-1,64,65,63,-1,63,65,66,-1,63,66,62,-1,64,67,65,-1,65,67,68,-1,65,68,69,-1,70,69,71,-1,71,69,68,-1,72,73,74,-1,70,71,75,-1,70,75,76,-1,75,77,76,-1,76,77,78,-1,76,78,74,-1,74,78,79,-1,74,79,72,-1,73,72,80,-1,73,80,81,-1,80,82,81,-1,81,82,83,-1,81,83,84,-1,84,83,85,-1,84,85,86,-1,86,85,87,-1,86,87,88,-1,88,87,89,-1,90,91,89,-1,89,91,92,-1,89,92,88,-1,90,93,91,-1,91,93,94,-1,91,94,95,-1,95,94,96,-1,95,96,97,-1,97,96,98,-1,99,100,98,-1,98,100,101,-1,98,101,97,-1,99,102,100,-1,100,102,103,-1,100,103,104,-1,104,103,105,-1,104,105,106,-1,107,108,109,-1,109,108,106,-1,109,106,105,-1,110,111,107,-1,107,111,112,-1,107,112,108,-1,110,113,111,-1,111,113,14,-1,111,14,13,-1,65,69,70,-1,48,50,92,-1,92,50,88,-1,65,70,66,-1,66,70,76,-1,66,76,62,-1,62,76,74,-1,62,74,60,-1,60,74,73,-1,60,73,58,-1,58,73,81,-1,58,81,56,-1,21,22,17,-1,17,22,25,-1,17,25,12,-1,12,25,28,-1,12,28,13,-1,13,28,30,-1,13,30,111,-1,111,30,32,-1,111,32,112,-1,112,32,34,-1,112,34,108,-1,108,34,36,-1,108,36,106,-1,106,36,38,-1,106,38,104,-1,104,38,40,-1,104,40,100,-1,97,46,95,-1,95,46,48,-1,95,48,91,-1,91,48,92,-1,50,52,88,-1,88,52,54,-1,88,54,86,-1,86,54,56,-1,86,56,84,-1,84,56,81,-1,100,40,101,-1,101,40,42,-1,101,42,97,-1,97,42,44,-1,97,44,46,-1,114,115,116,-1,116,115,117,-1,118,119,120,-1,120,119,114,-1,120,114,116,-1,121,119,122,-1,122,119,118,-1,121,122,123,-1,123,122,124,-1,123,124,125,-1,126,123,127,-1,127,123,125,-1,128,129,130,-1,130,129,126,-1,130,126,127,-1,131,129,132,-1,132,129,128,-1,133,134,135,-1,135,134,131,-1,135,131,132,-1,136,134,137,-1,137,134,133,-1,138,139,140,-1,140,139,136,-1,140,136,137,-1,141,139,142,-1,142,139,138,-1,117,115,143,-1,143,115,141,-1,143,141,142,-1,141,115,114,-1,114,119,141,-1,141,119,121,-1,141,121,139,-1,134,136,131,-1,131,136,139,-1,131,139,129,-1,129,139,121,-1,129,121,126,-1,126,121,123,-1,144,145,146,-1,146,145,147,-1,146,147,148,-1,148,147,149,-1,148,149,150,-1,150,149,151,-1,150,151,152,-1,152,151,153,-1,152,153,154,-1,154,153,155,-1,154,155,156,-1,155,157,156,-1,156,157,158,-1,156,158,159,-1,159,158,160,-1,159,160,161,-1,161,160,162,-1,161,162,163,-1,163,162,164,-1,163,164,165,-1,165,164,166,-1,165,166,167,-1,167,166,168,-1,167,168,169,-1,169,168,170,-1,169,170,171,-1,171,170,172,-1,171,172,173,-1,173,172,174,-1,173,174,175,-1,175,174,176,-1,175,176,177,-1,177,176,178,-1,177,178,144,-1,144,178,179,-1,144,179,145,-1,150,152,180,-1,180,152,181,-1,150,180,182,-1,150,182,148,-1,148,182,183,-1,148,183,146,-1,146,183,184,-1,146,184,144,-1,144,184,185,-1,144,185,177,-1,177,185,186,-1,177,186,175,-1,175,186,187,-1,175,187,173,-1,173,187,188,-1,173,188,171,-1,171,188,189,-1,171,189,169,-1,169,189,190,-1,169,190,167,-1,167,190,191,-1,167,191,165,-1,165,191,192,-1,165,192,163,-1,163,192,193,-1,163,193,161,-1,161,193,194,-1,161,194,159,-1,159,194,195,-1,159,195,156,-1,154,156,196,-1,196,156,195,-1,152,154,181,-1,181,154,196,-1,157,155,197,-1,197,155,198,-1,155,153,198,-1,198,153,199,-1,153,151,199,-1,199,151,200,-1,179,201,202,-1,179,202,145,-1,145,202,203,-1,145,203,147,-1,147,203,204,-1,147,204,149,-1,149,204,200,-1,149,200,151,-1,172,205,206,-1,172,206,174,-1,174,206,207,-1,174,207,176,-1,176,207,208,-1,176,208,178,-1,178,208,201,-1,178,201,179,-1,164,209,210,-1,164,210,166,-1,166,210,211,-1,166,211,168,-1,168,211,212,-1,168,212,170,-1,170,212,205,-1,170,205,172,-1,157,197,213,-1,157,213,158,-1,158,213,214,-1,158,214,160,-1,160,214,215,-1,160,215,162,-1,162,215,209,-1,162,209,164,-1,
        ]
    }
}
Shape{
    appearance Appearance {
        material  Material {
            diffuseColor 0.25098039215686274 0.25098039215686274 0.25098039215686274
            specularColor 0.12549019607843137 0.12549019607843137 0.12549019607843137
            ambientIntensity 0.251
            transparency 0.0
            shininess 0.5
        }
    }
    geometry IndexedFaceSet {
        ccw TRUE
        solid FALSE
        coord DEF co Coordinate {
            point [
                2.0768 -2.4006 0.6383, 2.0768 -2.3991 0.6397, 2.0768 -2.433 0.7285, 2.0768 -2.4092 0.6323, 2.0768 -2.4581 0.7286, 2.0768 -2.4581 0.6258, 2.0768 -2.438 0.7286, 2.0768 -2.4388 0.6258, 2.0768 -2.4202 0.628, 2.0768 -2.393 0.647, 2.0768 -2.3882 0.6568, 2.0768 -2.3854 0.6687, 2.0768 -2.3995 0.7161, 2.0768 -2.3848 0.6785, 2.0768 -2.4077 0.7218, 2.0768 -2.419 0.7263, 2.0768 -2.3868 0.6953, 2.0768 -2.3906 0.705, 2.0768 -2.3958 0.7125
            ]
        }
        coordIndex [
            0,1,2,-1,0,2,3,-1,4,5,6,-1,6,5,7,-1,6,7,2,-1,2,7,8,-1,2,8,3,-1,1,9,2,-1,2,9,10,-1,2,10,11,-1,12,11,13,-1,12,14,11,-1,11,14,15,-1,11,15,2,-1,16,17,13,-1,13,17,18,-1,13,18,12,-1,
        ]
    }
}
Shape{
    appearance Appearance {
        material  Material {
            diffuseColor 1.0 1.0 1.0
            specularColor 0.5019607843137255 0.5019607843137255 0.5019607843137255
            ambientIntensity 1.0
            transparency 0.0
            shininess 0.5
        }
    }
    geometry IndexedFaceSet {
        ccw TRUE
        solid FALSE
        coord DEF co Coordinate {
            point [
                2.0807 -2.322 0.6621, 2.0807 -2.3275 0.647, 2.0807 -2.2772 0.6621, 2.0807 -2.2719 0.647, 2.0807 -2.302 0.7176, 2.0807 -2.3085 0.744, 2.0807 -2.3593 0.6105, 2.0807 -2.3403 0.6105, 2.0807 -2.3009 0.7216, 2.0807 -2.2999 0.7269, 2.0807 -2.2901 0.744, 2.0807 -2.2995 0.7269, 2.0807 -2.2984 0.7213, 2.0807 -2.2974 0.7176, 2.0807 -2.2392 0.6105, 2.0807 -2.2583 0.6105, 2.0768 -2.2901 0.744, 2.0768 -2.2392 0.6105, 2.0768 -2.3085 0.744, 2.0768 -2.3593 0.6105, 2.0768 -2.3209 0.7115, 2.0768 -2.3403 0.6105, 2.0768 -2.3275 0.647, 2.0768 -2.2719 0.647, 2.0768 -2.3209 0.647, 2.0768 -2.2583 0.6105, 2.0768 -2.322 0.6621, 2.0768 -2.2772 0.6621, 2.0768 -2.2974 0.7176, 2.0768 -2.2995 0.7269, 2.0768 -2.2984 0.7213, 2.0768 -2.2999 0.7269, 2.0768 -2.302 0.7176, 2.0768 -2.3009 0.7216
            ]
        }
        coordIndex [
            0,1,2,-1,2,1,3,-1,4,5,0,-1,0,5,6,-1,0,6,1,-1,1,6,7,-1,4,8,5,-1,5,8,9,-1,5,9,10,-1,10,9,11,-1,10,11,12,-1,12,13,10,-1,10,13,2,-1,10,2,14,-1,14,2,3,-1,14,3,15,-1,10,14,16,-1,16,14,17,-1,5,10,18,-1,18,10,16,-1,19,6,20,-1,20,6,5,-1,20,5,18,-1,7,6,21,-1,21,6,19,-1,1,7,22,-1,22,7,21,-1,23,3,24,-1,24,3,1,-1,24,1,22,-1,15,3,25,-1,25,3,23,-1,14,15,17,-1,17,15,25,-1,0,2,26,-1,26,2,27,-1,2,13,27,-1,27,13,28,-1,11,29,30,-1,11,30,12,-1,12,30,28,-1,12,28,13,-1,11,9,29,-1,29,9,31,-1,4,32,33,-1,4,33,8,-1,8,33,31,-1,8,31,9,-1,4,0,32,-1,32,0,26,-1,
        ]
    }
}
Shape{
    appearance Appearance {
        material  Material {
            diffuseColor 0.25098039215686274 0.25098039215686274 0.25098039215686274
            specularColor 0.12549019607843137 0.12549019607843137 0.12549019607843137
            ambientIntensity 0.251
            transparency 0.0
            shininess 0.5
        }
    }
    geometry IndexedFaceSet {
        ccw TRUE
        solid FALSE
        coord DEF co Coordinate {
            point [
                2.0768 -2.2995 0.7269, 2.0768 -2.2999 0.7269, 2.0768 -2.2984 0.7213, 2.0768 -2.3009 0.7216, 2.0768 -2.2974 0.7176, 2.0768 -2.302 0.7176, 2.0768 -2.2772 0.6621, 2.0768 -2.322 0.6621
            ]
        }
        coordIndex [
            0,1,2,-1,2,1,3,-1,2,3,4,-1,4,3,5,-1,4,5,6,-1,6,5,7,-1,
        ]
    }
}
Shape{
    appearance Appearance {
        material  Material {
            diffuseColor 1.0 1.0 1.0
            specularColor 0.5019607843137255 0.5019607843137255 0.5019607843137255
            ambientIntensity 1.0
            transparency 0.0
            shininess 0.5
        }
    }
    geometry IndexedFaceSet {
        ccw TRUE
        solid FALSE
        coord DEF co Coordinate {
            point [
                2.0807 -2.703 0.4141, 2.0807 -2.703 0.3988, 2.0768 -2.703 0.4141, 2.0768 -2.703 0.3988, 2.0807 -2.7576 0.4141, 2.0768 -2.7576 0.4141, 2.0807 -2.7576 0.4589, 2.0768 -2.7576 0.4589, 2.0807 -2.7099 0.4589, 2.0768 -2.7099 0.4589, 2.0807 -2.7099 0.4742, 2.0768 -2.7099 0.4742, 2.0807 -2.7576 0.4742, 2.0768 -2.7576 0.4742, 2.0807 -2.7576 0.5169, 2.0768 -2.7576 0.5169, 2.0807 -2.7061 0.5169, 2.0768 -2.7061 0.5169, 2.0807 -2.7061 0.5323, 2.0768 -2.7061 0.5323, 2.0807 -2.7748 0.5323, 2.0768 -2.7748 0.5323, 2.0807 -2.7748 0.3988, 2.0768 -2.7748 0.3988, 2.0807 -2.664 0.4391, 2.0807 -2.6604 0.441, 2.0807 -2.6692 0.4519, 2.0807 -2.6276 0.4136, 2.0807 -2.6272 0.4136, 2.0807 -2.6283 0.429, 2.0807 -2.6272 0.4364, 2.0807 -2.6105 0.4602, 2.0807 -2.6272 0.4375, 2.0807 -2.6272 0.4467, 2.0807 -2.6272 0.3988, 2.0807 -2.6105 0.3988, 2.0807 -2.6335 0.4951, 2.0807 -2.6369 0.4808, 2.0807 -2.6268 0.4928, 2.0807 -2.634 0.4789, 2.0807 -2.6554 0.4555, 2.0807 -2.6495 0.4437, 2.0807 -2.6272 0.4594, 2.0807 -2.6307 0.423, 2.0807 -2.6343 0.4181, 2.0807 -2.6311 0.4085, 2.0807 -2.6364 0.416, 2.0807 -2.6365 0.4031, 2.0807 -2.6412 0.4128, 2.0807 -2.641 0.4002, 2.0807 -2.6462 0.411, 2.0807 -2.6478 0.3977, 2.0807 -2.6525 0.4103, 2.0807 -2.6568 0.3966, 2.0807 -2.6581 0.4109, 2.0807 -2.6668 0.3977, 2.0807 -2.6619 0.4123, 2.0807 -2.6732 0.4002, 2.0807 -2.6652 0.4146, 2.0807 -2.6789 0.4041, 2.0807 -2.6667 0.416, 2.0807 -2.6278 0.4668, 2.0807 -2.6121 0.4742, 2.0807 -2.6295 0.4728, 2.0807 -2.6148 0.4813, 2.0807 -2.6314 0.4762, 2.0807 -2.6184 0.4865, 2.0807 -2.6214 0.4895, 2.0807 -2.6777 0.4875, 2.0807 -2.6777 0.4712, 2.0807 -2.6743 0.4895, 2.0807 -2.6662 0.4785, 2.0807 -2.6619 0.4943, 2.0807 -2.6557 0.4819, 2.0807 -2.6449 0.4963, 2.0807 -2.6465 0.4828, 2.0807 -2.6408 0.4822, 2.0807 -2.6657 0.4378, 2.0807 -2.6759 0.4482, 2.0807 -2.6677 0.4353, 2.0807 -2.6808 0.4437, 2.0807 -2.6691 0.4322, 2.0807 -2.6843 0.4382, 2.0807 -2.6699 0.4284, 2.0807 -2.6863 0.4321, 2.0807 -2.6701 0.4257, 2.0807 -2.687 0.4244, 2.0807 -2.6697 0.4219, 2.0807 -2.6862 0.4167, 2.0807 -2.6686 0.4188, 2.0807 -2.6842 0.4111, 2.0807 -2.6807 0.4059, 2.0768 -2.6449 0.4963, 2.0768 -2.6619 0.4943, 2.0768 -2.6743 0.4895, 2.0768 -2.6777 0.4875, 2.0768 -2.6777 0.4712, 2.0768 -2.6662 0.4785, 2.0768 -2.6557 0.4819, 2.0768 -2.6465 0.4828, 2.0768 -2.6408 0.4822, 2.0768 -2.6369 0.4808, 2.0768 -2.634 0.4789, 2.0768 -2.6314 0.4762, 2.0768 -2.6295 0.4728, 2.0768 -2.6278 0.4668, 2.0768 -2.6272 0.4594, 2.0768 -2.6554 0.4555, 2.0768 -2.6692 0.4519, 2.0768 -2.6759 0.4482, 2.0768 -2.6808 0.4437, 2.0768 -2.6843 0.4382, 2.0768 -2.6863 0.4321, 2.0768 -2.687 0.4244, 2.0768 -2.6862 0.4167, 2.0768 -2.6842 0.4111, 2.0768 -2.6807 0.4059, 2.0768 -2.6789 0.4041, 2.0768 -2.6568 0.3966, 2.0768 -2.6665 0.3977, 2.0768 -2.6668 0.3977, 2.0768 -2.6732 0.4002, 2.0768 -2.6478 0.3977, 2.0768 -2.6476 0.3977, 2.0768 -2.641 0.4002, 2.0768 -2.6365 0.4031, 2.0768 -2.6311 0.4085, 2.0768 -2.6276 0.4136, 2.0768 -2.6272 0.4136, 2.0768 -2.6272 0.3988, 2.0768 -2.6105 0.3988, 2.0768 -2.6105 0.4602, 2.0768 -2.6121 0.4742, 2.0768 -2.6148 0.4813, 2.0768 -2.6184 0.4865, 2.0768 -2.6214 0.4895, 2.0768 -2.6268 0.4928, 2.0768 -2.6335 0.4951, 2.0768 -2.6657 0.4378, 2.0768 -2.664 0.4391, 2.0768 -2.6604 0.441, 2.0768 -2.6495 0.4437, 2.0768 -2.6701 0.4257, 2.0768 -2.6699 0.4284, 2.0768 -2.6691 0.4322, 2.0768 -2.6677 0.4353, 2.0768 -2.6652 0.4146, 2.0768 -2.6667 0.416, 2.0768 -2.6686 0.4188, 2.0768 -2.6697 0.4219, 2.0768 -2.6525 0.4103, 2.0768 -2.6581 0.4109, 2.0768 -2.6619 0.4123, 2.0768 -2.6343 0.4181, 2.0768 -2.6364 0.416, 2.0768 -2.6412 0.4128, 2.0768 -2.6462 0.411, 2.0768 -2.6272 0.4375, 2.0768 -2.6272 0.4364, 2.0768 -2.6283 0.429, 2.0768 -2.6307 0.423, 2.0768 -2.6272 0.4467
            ]
        }
        coordIndex [
            0,1,2,-1,2,1,3,-1,4,0,5,-1,5,0,2,-1,6,4,7,-1,7,4,5,-1,8,6,9,-1,9,6,7,-1,10,8,11,-1,11,8,9,-1,12,10,13,-1,13,10,11,-1,14,12,15,-1,15,12,13,-1,16,14,17,-1,17,14,15,-1,18,16,19,-1,19,16,17,-1,20,18,21,-1,21,18,19,-1,22,20,23,-1,23,20,21,-1,1,22,3,-1,3,22,23,-1,22,1,0,-1,0,4,22,-1,22,4,6,-1,22,6,20,-1,16,18,14,-1,14,18,20,-1,14,20,12,-1,12,20,6,-1,12,6,10,-1,10,6,8,-1,24,25,26,-1,27,28,29,-1,30,31,32,-1,32,31,33,-1,34,35,28,-1,28,35,31,-1,28,31,29,-1,29,31,30,-1,36,37,38,-1,38,37,39,-1,26,25,40,-1,40,25,41,-1,40,41,42,-1,29,43,27,-1,27,43,44,-1,27,44,45,-1,45,44,46,-1,45,46,47,-1,47,46,48,-1,47,48,49,-1,49,48,50,-1,49,50,51,-1,51,50,52,-1,51,52,53,-1,53,52,54,-1,53,54,55,-1,55,54,56,-1,55,56,57,-1,57,56,58,-1,57,58,59,-1,59,58,60,-1,41,33,42,-1,42,33,31,-1,42,31,61,-1,61,31,62,-1,61,62,63,-1,63,62,64,-1,63,64,65,-1,65,64,66,-1,65,66,39,-1,39,66,67,-1,39,67,38,-1,68,69,70,-1,70,69,71,-1,70,71,72,-1,72,71,73,-1,72,73,74,-1,74,73,75,-1,74,75,36,-1,36,75,76,-1,36,76,37,-1,24,26,77,-1,77,26,78,-1,77,78,79,-1,79,78,80,-1,79,80,81,-1,81,80,82,-1,81,82,83,-1,83,82,84,-1,83,84,85,-1,85,84,86,-1,85,86,87,-1,87,86,88,-1,87,88,89,-1,89,88,90,-1,89,90,60,-1,60,90,91,-1,60,91,59,-1,74,92,93,-1,74,93,72,-1,72,93,94,-1,72,94,70,-1,70,94,95,-1,70,95,68,-1,69,68,96,-1,96,68,95,-1,69,96,97,-1,69,97,71,-1,71,97,98,-1,71,98,73,-1,73,98,99,-1,73,99,75,-1,75,99,100,-1,75,100,76,-1,76,100,101,-1,76,101,37,-1,37,101,102,-1,37,102,39,-1,39,102,103,-1,39,103,65,-1,65,103,104,-1,65,104,63,-1,63,104,105,-1,63,105,61,-1,61,105,106,-1,61,106,42,-1,40,42,107,-1,107,42,106,-1,40,107,108,-1,40,108,26,-1,26,108,109,-1,26,109,78,-1,78,109,110,-1,78,110,80,-1,80,110,111,-1,80,111,82,-1,82,111,112,-1,82,112,84,-1,84,112,113,-1,84,113,86,-1,86,113,114,-1,86,114,88,-1,88,114,115,-1,88,115,90,-1,90,115,116,-1,90,116,91,-1,91,116,117,-1,91,117,59,-1,118,53,119,-1,119,53,55,-1,119,55,120,-1,120,55,57,-1,120,57,121,-1,121,57,59,-1,121,59,117,-1,53,118,122,-1,53,122,51,-1,51,122,123,-1,51,123,49,-1,123,124,49,-1,49,124,125,-1,49,125,47,-1,47,125,126,-1,47,126,45,-1,45,126,127,-1,45,127,27,-1,28,27,128,-1,128,27,127,-1,34,28,129,-1,129,28,128,-1,35,34,130,-1,130,34,129,-1,31,35,131,-1,131,35,130,-1,31,131,132,-1,31,132,62,-1,62,132,133,-1,62,133,64,-1,64,133,134,-1,64,134,66,-1,66,134,135,-1,66,135,67,-1,67,135,136,-1,67,136,38,-1,38,136,137,-1,38,137,36,-1,36,137,92,-1,36,92,74,-1,77,138,139,-1,77,139,24,-1,24,139,140,-1,24,140,25,-1,25,140,141,-1,25,141,41,-1,85,142,143,-1,85,143,83,-1,83,143,144,-1,83,144,81,-1,81,144,145,-1,81,145,79,-1,79,145,138,-1,79,138,77,-1,58,146,147,-1,58,147,60,-1,60,147,148,-1,60,148,89,-1,89,148,149,-1,89,149,87,-1,87,149,142,-1,87,142,85,-1,52,150,151,-1,52,151,54,-1,54,151,152,-1,54,152,56,-1,56,152,146,-1,56,146,58,-1,44,153,154,-1,44,154,46,-1,46,154,155,-1,46,155,48,-1,48,155,156,-1,48,156,50,-1,50,156,150,-1,50,150,52,-1,32,157,158,-1,32,158,30,-1,30,158,159,-1,30,159,29,-1,29,159,160,-1,29,160,43,-1,43,160,153,-1,43,153,44,-1,32,33,157,-1,157,33,161,-1,33,41,161,-1,161,41,141,-1,
        ]
    }
}
Shape{
    appearance Appearance {
        material  Material {
            diffuseColor 0.25098039215686274 0.25098039215686274 0.25098039215686274
            specularColor 0.12549019607843137 0.12549019607843137 0.12549019607843137
            ambientIntensity 0.251
            transparency 0.0
            shininess 0.5
        }
    }
    geometry IndexedFaceSet {
        ccw TRUE
        solid FALSE
        coord DEF co Coordinate {
            point [
                2.0768 -2.6272 0.4364, 2.0768 -2.6272 0.4375, 2.0768 -2.6657 0.4378, 2.0768 -2.6272 0.4467, 2.0768 -2.6495 0.4437, 2.0768 -2.6604 0.441, 2.0768 -2.664 0.4391, 2.0768 -2.6283 0.429, 2.0768 -2.6677 0.4353, 2.0768 -2.6307 0.423, 2.0768 -2.6667 0.416, 2.0768 -2.6652 0.4146, 2.0768 -2.6364 0.416, 2.0768 -2.6686 0.4188, 2.0768 -2.6412 0.4128, 2.0768 -2.6462 0.411, 2.0768 -2.6525 0.4103, 2.0768 -2.6691 0.4322, 2.0768 -2.6699 0.4284, 2.0768 -2.6343 0.4181, 2.0768 -2.6701 0.4257, 2.0768 -2.6697 0.4219, 2.0768 -2.6619 0.4123, 2.0768 -2.6581 0.4109
            ]
        }
        coordIndex [
            0,1,2,-1,1,3,4,-1,4,5,1,-1,1,5,6,-1,1,6,2,-1,0,2,7,-1,7,2,8,-1,7,8,9,-1,10,11,12,-1,10,12,13,-1,14,12,15,-1,15,12,16,-1,8,17,9,-1,9,17,18,-1,9,18,19,-1,19,18,20,-1,19,20,12,-1,12,20,21,-1,12,21,13,-1,11,22,12,-1,12,22,23,-1,12,23,16,-1,
        ]
    }
}
Shape{
    appearance Appearance {
        material  Material {
            diffuseColor 1.0 1.0 1.0
            specularColor 0.5019607843137255 0.5019607843137255 0.5019607843137255
            ambientIntensity 1.0
            transparency 0.0
            shininess 0.5
        }
    }
    geometry IndexedFaceSet {
        ccw TRUE
        solid FALSE
        coord DEF co Coordinate {
            point [
                2.0768 -2.5878 0.4194, 2.0807 -2.5878 0.4194, 2.0807 -2.5806 0.4151, 2.0807 -2.5603 0.4102, 2.0768 -2.5603 0.4102, 2.0768 -2.5701 0.4113, 2.0807 -2.5701 0.4113, 2.0768 -2.5801 0.4149, 2.0768 -2.5806 0.4151, 2.0807 -2.5878 0.4022, 2.0768 -2.5878 0.4022, 2.0807 -2.576 0.398, 2.0768 -2.5801 0.3995, 2.0768 -2.562 0.3966, 2.0807 -2.562 0.3966, 2.0768 -2.5728 0.3977, 2.0768 -2.576 0.398, 2.0807 -2.5469 0.3984, 2.0768 -2.5524 0.3977, 2.0768 -2.5469 0.3984, 2.0768 -2.5381 0.4018, 2.0807 -2.5381 0.4018, 2.0768 -2.5342 0.4042, 2.0807 -2.5342 0.4042, 2.0768 -2.5294 0.4083, 2.0807 -2.5294 0.4083, 2.0768 -2.5263 0.4128, 2.0807 -2.5263 0.4128, 2.0768 -2.5242 0.4181, 2.0807 -2.5242 0.4181, 2.0768 -2.5234 0.4248, 2.0807 -2.5234 0.4248, 2.0768 -2.5241 0.431, 2.0807 -2.5241 0.431, 2.0768 -2.5259 0.4359, 2.0807 -2.5259 0.4359, 2.0768 -2.529 0.4405, 2.0807 -2.529 0.4405, 2.0768 -2.533 0.4441, 2.0807 -2.533 0.4441, 2.0768 -2.5441 0.4503, 2.0807 -2.5441 0.4503, 2.0768 -2.5506 0.4529, 2.0807 -2.5506 0.4529, 2.0768 -2.565 0.4597, 2.0807 -2.565 0.4597, 2.0768 -2.5668 0.4611, 2.0807 -2.5668 0.4611, 2.0768 -2.5685 0.4629, 2.0807 -2.5685 0.4629, 2.0768 -2.5697 0.4651, 2.0807 -2.5697 0.4651, 2.0768 -2.5703 0.4677, 2.0807 -2.5703 0.4677, 2.0768 -2.5705 0.4699, 2.0807 -2.5705 0.4699, 2.0768 -2.5702 0.4726, 2.0807 -2.5702 0.4726, 2.0768 -2.5694 0.4749, 2.0807 -2.5694 0.4749, 2.0768 -2.5679 0.477, 2.0807 -2.5679 0.477, 2.0768 -2.5654 0.4792, 2.0807 -2.5654 0.4792, 2.0768 -2.5616 0.4812, 2.0807 -2.5616 0.4812, 2.0768 -2.5572 0.4824, 2.0807 -2.5572 0.4824, 2.0768 -2.5522 0.4828, 2.0807 -2.5522 0.4828, 2.0768 -2.542 0.4817, 2.0807 -2.542 0.4817, 2.0768 -2.5325 0.4784, 2.0807 -2.5325 0.4784, 2.0768 -2.528 0.4759, 2.0807 -2.528 0.4759, 2.0807 -2.528 0.4921, 2.0768 -2.528 0.4921, 2.0768 -2.5389 0.4953, 2.0807 -2.5389 0.4953, 2.0768 -2.5506 0.4963, 2.0807 -2.5506 0.4963, 2.0768 -2.5639 0.4947, 2.0807 -2.5639 0.4947, 2.0768 -2.5729 0.4913, 2.0807 -2.5729 0.4913, 2.0768 -2.577 0.4888, 2.0807 -2.577 0.4888, 2.0807 -2.582 0.4843, 2.0768 -2.5801 0.486, 2.0768 -2.582 0.4843, 2.0768 -2.5851 0.4798, 2.0807 -2.5851 0.4798, 2.0768 -2.5871 0.4744, 2.0807 -2.5871 0.4744, 2.0768 -2.5877 0.4684, 2.0807 -2.5877 0.4684, 2.0768 -2.587 0.4619, 2.0807 -2.587 0.4619, 2.0768 -2.5851 0.4568, 2.0807 -2.5851 0.4568, 2.0768 -2.583 0.4534, 2.0807 -2.583 0.4534, 2.0768 -2.5624 0.4407, 2.0807 -2.5624 0.4407, 2.0807 -2.5724 0.4453, 2.0768 -2.5802 0.4505, 2.0807 -2.5802 0.4505, 2.0768 -2.5801 0.4504, 2.0768 -2.5724 0.4453, 2.0768 -2.5514 0.4361, 2.0807 -2.5514 0.4361, 2.0768 -2.5449 0.4322, 2.0807 -2.5449 0.4322, 2.0768 -2.5428 0.43, 2.0807 -2.5428 0.43, 2.0768 -2.5415 0.4278, 2.0807 -2.5415 0.4278, 2.0768 -2.5408 0.4252, 2.0807 -2.5408 0.4252, 2.0768 -2.5406 0.4231, 2.0807 -2.5406 0.4231, 2.0768 -2.5409 0.4199, 2.0807 -2.5409 0.4199, 2.0768 -2.5418 0.4176, 2.0807 -2.5418 0.4176, 2.0768 -2.5433 0.4154, 2.0807 -2.5433 0.4154, 2.0768 -2.5452 0.4137, 2.0807 -2.5452 0.4137, 2.0768 -2.5467 0.4128, 2.0807 -2.5467 0.4128, 2.0768 -2.551 0.4112, 2.0807 -2.551 0.4112, 2.0768 -2.5596 0.4102, 2.0807 -2.5596 0.4102, 2.0807 -2.4406 0.4942, 2.0807 -2.4232 0.4942, 2.0768 -2.4406 0.4942, 2.0768 -2.4232 0.4942, 2.0807 -2.4666 0.4224, 2.0768 -2.4666 0.4224, 2.0768 -2.4679 0.4179, 2.0807 -2.4679 0.4179, 2.0768 -2.4687 0.4147, 2.0807 -2.4687 0.4147, 2.0807 -2.4691 0.4147, 2.0768 -2.4691 0.4147, 2.0807 -2.4711 0.4225, 2.0768 -2.4711 0.4225, 2.0768 -2.496 0.4942, 2.0807 -2.496 0.4942, 2.0768 -2.488 0.4709, 2.0807 -2.5147 0.4942, 2.0768 -2.5147 0.4942, 2.0768 -2.4774 0.399, 2.0807 -2.4774 0.399, 2.0768 -2.488 0.4261, 2.0768 -2.4847 0.3817, 2.0807 -2.4847 0.3817, 2.0768 -2.4779 0.3977, 2.0768 -2.488 0.3757, 2.0807 -2.488 0.3756, 2.0768 -2.488 0.3756, 2.0768 -2.4912 0.3721, 2.0807 -2.4912 0.3721, 2.0768 -2.4938 0.3703, 2.0807 -2.4938 0.3703, 2.0768 -2.4975 0.3688, 2.0807 -2.4975 0.3688, 2.0768 -2.5018 0.3683, 2.0807 -2.5018 0.3683, 2.0768 -2.5079 0.3691, 2.0807 -2.5079 0.3691, 2.0768 -2.5113 0.3702, 2.0807 -2.5113 0.3702, 2.0807 -2.5113 0.3553, 2.0768 -2.5113 0.3553, 2.0768 -2.5042 0.3541, 2.0807 -2.5042 0.3541, 2.0768 -2.5005 0.3539, 2.0807 -2.5005 0.3539, 2.0768 -2.4938 0.3547, 2.0807 -2.4938 0.3547, 2.0768 -2.488 0.3569, 2.0807 -2.4872 0.3572, 2.0768 -2.4872 0.3572, 2.0768 -2.4813 0.3613, 2.0807 -2.4813 0.3613, 2.0768 -2.4802 0.3624, 2.0807 -2.4802 0.3624, 2.0768 -2.4741 0.3697, 2.0807 -2.4741 0.3697, 2.0768 -2.4665 0.3844, 2.0807 -2.4665 0.3844, 2.0768 -2.4613 0.3977, 2.0807 -2.3335 0.4141, 2.0807 -2.3335 0.3988, 2.0768 -2.3335 0.4141, 2.0768 -2.3335 0.3988, 2.0768 -2.388 0.4141, 2.0807 -2.388 0.4141, 2.0768 -2.363 0.4141, 2.0807 -2.388 0.4589, 2.0768 -2.388 0.4589, 2.0768 -2.3403 0.4589, 2.0807 -2.3403 0.4589, 2.0768 -2.363 0.4589, 2.0807 -2.3403 0.4742, 2.0768 -2.3403 0.4742, 2.0768 -2.388 0.4742, 2.0807 -2.388 0.4742, 2.0768 -2.363 0.4742, 2.0807 -2.388 0.5169, 2.0768 -2.388 0.5169, 2.0768 -2.3365 0.5169, 2.0807 -2.3365 0.5169, 2.0768 -2.363 0.5169, 2.0807 -2.3365 0.5323, 2.0768 -2.3365 0.5323, 2.0768 -2.4052 0.5323, 2.0807 -2.4052 0.5323, 2.0768 -2.363 0.5323, 2.0807 -2.4052 0.3988, 2.0768 -2.4052 0.3988, 2.0768 -2.363 0.3988, 2.0807 -2.2197 0.4175, 2.0807 -2.2335 0.4266, 2.0807 -2.2336 0.4076, 2.0807 -2.2421 0.4206, 2.0807 -2.2488 0.4016, 2.0807 -2.2531 0.4163, 2.0807 -2.2715 0.3988, 2.0807 -2.2717 0.4141, 2.0807 -2.3083 0.3988, 2.0807 -2.291 0.4141, 2.0807 -2.3083 0.5323, 2.0807 -2.291 0.5169, 2.0807 -2.2702 0.5323, 2.0807 -2.2709 0.5169, 2.0807 -2.2659 0.5168, 2.0807 -2.2498 0.53, 2.0807 -2.2519 0.5146, 2.0807 -2.2337 0.5242, 2.0807 -2.2406 0.5101, 2.0807 -2.2197 0.5146, 2.0807 -2.2324 0.5044, 2.0807 -2.215 0.51, 2.0807 -2.2287 0.5008, 2.0807 -2.2068 0.4984, 2.0807 -2.2235 0.4933, 2.0807 -2.2018 0.4857, 2.0807 -2.2197 0.4836, 2.0807 -2.1996 0.4673, 2.0807 -2.2177 0.4668, 2.0807 -2.2 0.4588, 2.0807 -2.2183 0.457, 2.0807 -2.2032 0.4432, 2.0807 -2.2211 0.4451, 2.0807 -2.2098 0.4293, 2.0807 -2.2259 0.4353, 2.0807 -2.232 0.428, 2.0768 -2.2715 0.3988, 2.0768 -2.3083 0.3988, 2.0768 -2.2488 0.4016, 2.0768 -2.2336 0.4076, 2.0768 -2.2197 0.4175, 2.0768 -2.2098 0.4293, 2.0768 -2.2032 0.4432, 2.0768 -2.2 0.4588, 2.0768 -2.1996 0.4673, 2.0768 -2.2018 0.4857, 2.0768 -2.2068 0.4984, 2.0768 -2.215 0.51, 2.0768 -2.2197 0.5146, 2.0768 -2.2337 0.5242, 2.0768 -2.2498 0.53, 2.0768 -2.2702 0.5323, 2.0768 -2.3083 0.5323, 2.0768 -2.2709 0.5169, 2.0768 -2.291 0.5169, 2.0768 -2.291 0.4141, 2.0768 -2.2717 0.4141, 2.0768 -2.232 0.428, 2.0768 -2.2335 0.4266, 2.0768 -2.2421 0.4206, 2.0768 -2.2531 0.4163, 2.0768 -2.2177 0.4668, 2.0768 -2.2183 0.457, 2.0768 -2.2211 0.4451, 2.0768 -2.2259 0.4353, 2.0768 -2.2324 0.5044, 2.0768 -2.2287 0.5008, 2.0768 -2.2235 0.4933, 2.0768 -2.2197 0.4836, 2.0768 -2.2659 0.5168, 2.0768 -2.2519 0.5146, 2.0768 -2.2406 0.5101
            ]
        }
        coordIndex [
            0,1,2,-1,3,4,5,-1,3,5,6,-1,6,5,7,-1,6,7,2,-1,2,7,8,-1,2,8,0,-1,9,1,10,-1,10,1,0,-1,9,10,11,-1,11,10,12,-1,13,14,15,-1,15,14,11,-1,15,11,16,-1,16,11,12,-1,14,13,17,-1,17,13,18,-1,18,19,17,-1,17,19,20,-1,17,20,21,-1,21,20,22,-1,21,22,23,-1,23,22,24,-1,23,24,25,-1,25,24,26,-1,25,26,27,-1,27,26,28,-1,27,28,29,-1,29,28,30,-1,29,30,31,-1,31,30,32,-1,31,32,33,-1,33,32,34,-1,33,34,35,-1,35,34,36,-1,35,36,37,-1,37,36,38,-1,37,38,39,-1,39,38,40,-1,39,40,41,-1,41,40,42,-1,41,42,43,-1,43,42,44,-1,43,44,45,-1,45,44,46,-1,45,46,47,-1,47,46,48,-1,47,48,49,-1,49,48,50,-1,49,50,51,-1,51,50,52,-1,51,52,53,-1,53,52,54,-1,53,54,55,-1,55,54,56,-1,55,56,57,-1,57,56,58,-1,57,58,59,-1,59,58,60,-1,59,60,61,-1,61,60,62,-1,61,62,63,-1,63,62,64,-1,63,64,65,-1,65,64,66,-1,65,66,67,-1,67,66,68,-1,67,68,69,-1,69,68,70,-1,69,70,71,-1,71,70,72,-1,71,72,73,-1,73,72,74,-1,73,74,75,-1,76,75,77,-1,77,75,74,-1,76,77,78,-1,76,78,79,-1,79,78,80,-1,79,80,81,-1,81,80,82,-1,81,82,83,-1,83,82,84,-1,83,84,85,-1,85,84,86,-1,85,86,87,-1,87,86,88,-1,88,86,89,-1,89,90,88,-1,88,90,91,-1,88,91,92,-1,92,91,93,-1,92,93,94,-1,94,93,95,-1,94,95,96,-1,96,95,97,-1,96,97,98,-1,98,97,99,-1,98,99,100,-1,100,99,101,-1,100,101,102,-1,103,104,105,-1,102,101,106,-1,102,106,107,-1,107,106,108,-1,107,108,105,-1,105,108,109,-1,105,109,103,-1,104,103,110,-1,104,110,111,-1,111,110,112,-1,111,112,113,-1,113,112,114,-1,113,114,115,-1,115,114,116,-1,115,116,117,-1,117,116,118,-1,117,118,119,-1,119,118,120,-1,119,120,121,-1,121,120,122,-1,121,122,123,-1,123,122,124,-1,123,124,125,-1,125,124,126,-1,125,126,127,-1,127,126,128,-1,127,128,129,-1,129,128,130,-1,129,130,131,-1,131,130,132,-1,131,132,133,-1,133,132,134,-1,133,134,135,-1,135,134,4,-1,135,4,3,-1,61,63,85,-1,85,63,83,-1,14,3,11,-1,11,3,6,-1,11,6,9,-1,9,6,2,-1,9,2,1,-1,63,65,83,-1,83,65,67,-1,83,67,81,-1,81,67,69,-1,81,69,79,-1,79,69,71,-1,79,71,76,-1,76,71,73,-1,76,73,75,-1,127,129,21,-1,21,129,131,-1,21,131,17,-1,17,131,133,-1,17,133,14,-1,14,133,135,-1,14,135,3,-1,85,87,61,-1,61,87,88,-1,61,88,59,-1,59,88,92,-1,59,92,57,-1,57,92,94,-1,57,94,55,-1,55,94,96,-1,55,96,53,-1,53,96,98,-1,53,98,51,-1,51,98,100,-1,51,100,49,-1,49,100,102,-1,49,102,47,-1,47,102,107,-1,47,107,45,-1,45,107,105,-1,45,105,43,-1,43,105,104,-1,43,104,41,-1,41,104,111,-1,41,111,39,-1,39,111,113,-1,39,113,37,-1,37,113,115,-1,37,115,35,-1,35,115,117,-1,35,117,33,-1,33,117,119,-1,33,119,31,-1,31,119,121,-1,31,121,29,-1,29,121,123,-1,29,123,27,-1,27,123,125,-1,27,125,25,-1,25,125,127,-1,25,127,23,-1,23,127,21,-1,136,137,138,-1,138,137,139,-1,140,136,141,-1,141,136,138,-1,140,141,142,-1,140,142,143,-1,143,142,144,-1,143,144,145,-1,146,145,147,-1,147,145,144,-1,148,146,149,-1,149,146,147,-1,150,151,152,-1,152,151,148,-1,152,148,149,-1,153,151,154,-1,154,151,150,-1,155,156,157,-1,157,156,153,-1,157,153,154,-1,158,159,160,-1,160,159,156,-1,160,156,155,-1,158,161,159,-1,159,161,162,-1,161,163,162,-1,162,163,164,-1,162,164,165,-1,165,164,166,-1,165,166,167,-1,167,166,168,-1,167,168,169,-1,169,168,170,-1,169,170,171,-1,171,170,172,-1,171,172,173,-1,173,172,174,-1,173,174,175,-1,176,175,177,-1,177,175,174,-1,176,177,178,-1,176,178,179,-1,179,178,180,-1,179,180,181,-1,181,180,182,-1,181,182,183,-1,183,182,184,-1,183,184,185,-1,184,186,185,-1,185,186,187,-1,185,187,188,-1,188,187,189,-1,188,189,190,-1,190,189,191,-1,190,191,192,-1,192,191,193,-1,192,193,194,-1,139,137,195,-1,195,137,194,-1,195,194,193,-1,143,145,194,-1,137,136,194,-1,194,136,140,-1,194,140,143,-1,151,153,148,-1,148,153,156,-1,148,156,146,-1,175,176,173,-1,173,176,179,-1,173,179,171,-1,171,179,181,-1,171,181,169,-1,169,181,183,-1,169,183,167,-1,167,183,185,-1,167,185,165,-1,145,146,194,-1,194,146,156,-1,194,156,192,-1,156,159,192,-1,192,159,162,-1,192,162,190,-1,190,162,165,-1,190,165,188,-1,188,165,185,-1,196,197,198,-1,198,197,199,-1,200,201,202,-1,202,201,196,-1,202,196,198,-1,203,201,204,-1,204,201,200,-1,205,206,207,-1,207,206,203,-1,207,203,204,-1,208,206,209,-1,209,206,205,-1,210,211,212,-1,212,211,208,-1,212,208,209,-1,213,211,214,-1,214,211,210,-1,215,216,217,-1,217,216,213,-1,217,213,214,-1,218,216,219,-1,219,216,215,-1,220,221,222,-1,222,221,218,-1,222,218,219,-1,223,221,224,-1,224,221,220,-1,199,197,225,-1,225,197,223,-1,225,223,224,-1,216,218,213,-1,213,218,221,-1,213,221,211,-1,197,196,223,-1,223,196,201,-1,223,201,203,-1,206,208,203,-1,203,208,211,-1,203,211,223,-1,223,211,221,-1,226,227,228,-1,228,227,229,-1,228,229,230,-1,230,229,231,-1,230,231,232,-1,232,231,233,-1,232,233,234,-1,234,233,235,-1,234,235,236,-1,236,235,237,-1,236,237,238,-1,237,239,238,-1,238,239,240,-1,238,240,241,-1,241,240,242,-1,241,242,243,-1,243,242,244,-1,243,244,245,-1,245,244,246,-1,245,246,247,-1,247,246,248,-1,247,248,249,-1,249,248,250,-1,249,250,251,-1,251,250,252,-1,251,252,253,-1,253,252,254,-1,253,254,255,-1,255,254,256,-1,255,256,257,-1,257,256,258,-1,257,258,259,-1,259,258,260,-1,259,260,226,-1,226,260,261,-1,226,261,227,-1,232,234,262,-1,262,234,263,-1,232,262,264,-1,232,264,230,-1,230,264,265,-1,230,265,228,-1,228,265,266,-1,228,266,226,-1,226,266,267,-1,226,267,259,-1,259,267,268,-1,259,268,257,-1,257,268,269,-1,257,269,255,-1,255,269,270,-1,255,270,253,-1,253,270,271,-1,253,271,251,-1,251,271,272,-1,251,272,249,-1,249,272,273,-1,249,273,247,-1,247,273,274,-1,247,274,245,-1,245,274,275,-1,245,275,243,-1,243,275,276,-1,243,276,241,-1,241,276,277,-1,241,277,238,-1,236,238,278,-1,278,238,277,-1,234,236,263,-1,263,236,278,-1,239,237,279,-1,279,237,280,-1,237,235,280,-1,280,235,281,-1,235,233,281,-1,281,233,282,-1,261,283,284,-1,261,284,227,-1,227,284,285,-1,227,285,229,-1,229,285,286,-1,229,286,231,-1,231,286,282,-1,231,282,233,-1,254,287,288,-1,254,288,256,-1,256,288,289,-1,256,289,258,-1,258,289,290,-1,258,290,260,-1,260,290,283,-1,260,283,261,-1,246,291,292,-1,246,292,248,-1,248,292,293,-1,248,293,250,-1,250,293,294,-1,250,294,252,-1,252,294,287,-1,252,287,254,-1,239,279,295,-1,239,295,240,-1,240,295,296,-1,240,296,242,-1,242,296,297,-1,242,297,244,-1,244,297,291,-1,244,291,246,-1,
        ]
    }
}
Shape{
    appearance Appearance {
        material  Material {
            diffuseColor 0.25098039215686274 0.25098039215686274 0.25098039215686274
            specularColor 0.12549019607843137 0.12549019607843137 0.12549019607843137
            ambientIntensity 0.251
            transparency 0.0
            shininess 0.5
        }
    }
    geometry IndexedFaceSet {
        ccw TRUE
        solid FALSE
        coord DEF co Coordinate {
            point [
                2.0768 -2.2335 0.4266, 2.0768 -2.232 0.428, 2.0768 -2.2659 0.5168, 2.0768 -2.2421 0.4206, 2.0768 -2.291 0.5169, 2.0768 -2.291 0.4141, 2.0768 -2.2709 0.5169, 2.0768 -2.2717 0.4141, 2.0768 -2.2531 0.4163, 2.0768 -2.2259 0.4353, 2.0768 -2.2211 0.4451, 2.0768 -2.2183 0.457, 2.0768 -2.2324 0.5044, 2.0768 -2.2177 0.4668, 2.0768 -2.2406 0.5101, 2.0768 -2.2519 0.5146, 2.0768 -2.2197 0.4836, 2.0768 -2.2235 0.4933, 2.0768 -2.2287 0.5008
            ]
        }
        coordIndex [
            0,1,2,-1,0,2,3,-1,4,5,6,-1,6,5,7,-1,6,7,2,-1,2,7,8,-1,2,8,3,-1,1,9,2,-1,2,9,10,-1,2,10,11,-1,12,11,13,-1,12,14,11,-1,11,14,15,-1,11,15,2,-1,16,17,13,-1,13,17,18,-1,13,18,12,-1,
        ]
    }
}
Shape{
    appearance Appearance {
        material  Material {
            diffuseColor 1.0 1.0 1.0
            specularColor 0.5019607843137255 0.5019607843137255 0.5019607843137255
            ambientIntensity 1.0
            transparency 0.0
            shininess 0.5
        }
    }
    geometry IndexedFaceSet {
        ccw TRUE
        solid FALSE
        coord DEF co Coordinate {
            point [
                2.0807 -2.1549 0.4504, 2.0807 -2.1603 0.4353, 2.0807 -2.1101 0.4504, 2.0807 -2.1048 0.4353, 2.0807 -2.1349 0.5059, 2.0807 -2.1414 0.5323, 2.0807 -2.1922 0.3988, 2.0807 -2.1732 0.3988, 2.0807 -2.1338 0.5099, 2.0807 -2.1327 0.5152, 2.0807 -2.123 0.5323, 2.0807 -2.1323 0.5152, 2.0807 -2.1313 0.5096, 2.0807 -2.1303 0.5059, 2.0807 -2.0721 0.3988, 2.0807 -2.0912 0.3988, 2.0768 -2.123 0.5323, 2.0768 -2.0721 0.3988, 2.0768 -2.1414 0.5323, 2.0768 -2.1922 0.3988, 2.0768 -2.1732 0.3988, 2.0768 -2.1603 0.4353, 2.0768 -2.1048 0.4353, 2.0768 -2.0912 0.3988, 2.0768 -2.1549 0.4504, 2.0768 -2.1101 0.4504, 2.0768 -2.1303 0.5059, 2.0768 -2.1323 0.5152, 2.0768 -2.1313 0.5096, 2.0768 -2.1327 0.5152, 2.0768 -2.1349 0.5059, 2.0768 -2.1338 0.5099
            ]
        }
        coordIndex [
            0,1,2,-1,2,1,3,-1,4,5,0,-1,0,5,6,-1,0,6,1,-1,1,6,7,-1,4,8,5,-1,5,8,9,-1,5,9,10,-1,10,9,11,-1,10,11,12,-1,12,13,10,-1,10,13,2,-1,10,2,14,-1,14,2,3,-1,14,3,15,-1,10,14,16,-1,16,14,17,-1,5,10,18,-1,18,10,16,-1,6,5,19,-1,19,5,18,-1,7,6,20,-1,20,6,19,-1,1,7,21,-1,21,7,20,-1,3,1,22,-1,22,1,21,-1,15,3,23,-1,23,3,22,-1,14,15,17,-1,17,15,23,-1,0,2,24,-1,24,2,25,-1,2,13,25,-1,25,13,26,-1,11,27,28,-1,11,28,12,-1,12,28,26,-1,12,26,13,-1,11,9,27,-1,27,9,29,-1,4,30,31,-1,4,31,8,-1,8,31,29,-1,8,29,9,-1,4,0,30,-1,30,0,24,-1,
        ]
    }
}
Shape{
    appearance Appearance {
        material  Material {
            diffuseColor 0.25098039215686274 0.25098039215686274 0.25098039215686274
            specularColor 0.12549019607843137 0.12549019607843137 0.12549019607843137
            ambientIntensity 0.251
            transparency 0.0
            shininess 0.5
        }
    }
    geometry IndexedFaceSet {
        ccw TRUE
        solid FALSE
        coord DEF co Coordinate {
            point [
                2.0768 -2.1323 0.5152, 2.0768 -2.1327 0.5152, 2.0768 -2.1313 0.5096, 2.0768 -2.1338 0.5099, 2.0768 -2.1303 0.5059, 2.0768 -2.1349 0.5059, 2.0768 -2.1101 0.4504, 2.0768 -2.1549 0.4504
            ]
        }
        coordIndex [
            0,1,2,-1,2,1,3,-1,2,3,4,-1,4,3,5,-1,4,5,6,-1,6,5,7,-1,
        ]
    }
}
Shape{
    appearance Appearance {
        material  Material {
            diffuseColor 1.0 1.0 1.0
            specularColor 0.5019607843137255 0.5019607843137255 0.5019607843137255
            ambientIntensity 1.0
            transparency 0.0
            shininess 0.5
        }
    }
    geometry IndexedFaceSet {
        ccw TRUE
        solid FALSE
        coord DEF co Coordinate {
            point [
                2.0807 -3.3642 0.3799, 2.0807 -3.3501 0.3625, 2.0807 -3.3727 0.4638, 2.0807 -3.3892 0.6288, 2.0807 -3.368 0.64, 2.0807 -3.372 0.6986, 2.0807 -3.2059 0.3762, 2.0807 -3.1947 0.3974, 2.0807 -3.1892 0.4208, 2.0807 -3.3139 0.701, 2.0807 -3.2845 0.6318, 2.0807 -3.27 0.6618, 2.0807 -3.3091 0.402, 2.0807 -3.3015 0.3968, 2.0807 -3.3315 0.3485, 2.0807 -3.2927 0.3936, 2.0807 -3.3357 0.7029, 2.0807 -3.0558 0.5103, 2.0807 -3.0853 0.5606, 2.0807 -3.1887 0.4401, 2.0807 -3.2124 0.4942, 2.0807 -3.1887 0.4306, 2.0807 -3.2394 0.3467, 2.0807 -3.2205 0.3598, 2.0807 -3.2503 0.4439, 2.0807 -3.2479 0.4352, 2.0807 -3.2477 0.426, 2.0807 -3.2498 0.4169, 2.0807 -3.2541 0.4086, 2.0807 -3.3934 0.4766, 2.0807 -3.3873 0.4044, 2.0807 -3.3737 0.4003, 2.0807 -3.0245 0.6043, 2.0807 -3.0169 0.6043, 2.0807 -2.978 0.6555, 2.0807 -2.9989 0.602, 2.0807 -2.9733 0.6539, 2.0807 -2.9824 0.5957, 2.0807 -2.9451 0.6399, 2.0807 -2.9194 0.6181, 2.0807 -3.2945 0.7237, 2.0807 -3.2487 0.6872, 2.0807 -3.2722 0.7428, 2.0807 -3.2233 0.7058, 2.0807 -3.2432 0.7601, 2.0807 -3.3446 0.6455, 2.0807 -3.3348 0.646, 2.0807 -3.3248 0.7024, 2.0807 -3.3126 0.6433, 2.0807 -3.2914 0.6355, 2.0807 -3.3151 0.4089, 2.0807 -3.3192 0.4167, 2.0807 -3.3213 0.4255, 2.0807 -3.3096 0.3393, 2.0807 -3.2872 0.3358, 2.0807 -3.2845 0.3927, 2.0807 -3.2836 0.3358, 2.0807 -3.2758 0.3937, 2.0807 -3.2606 0.3386, 2.0807 -3.2676 0.3968, 2.0807 -3.2602 0.4018, 2.0807 -2.9192 0.4411, 2.0807 -2.9635 0.4787, 2.0807 -2.945 0.4192, 2.0807 -2.9775 0.4672, 2.0807 -2.974 0.405, 2.0807 -2.9943 0.4595, 2.0807 -3.0056 0.3984, 2.0807 -3.0112 0.4563, 2.0807 -3.0615 0.3984, 2.0807 -3.0539 0.4563, 2.0807 -3.0669 0.3992, 2.0807 -3.4268 0.5741, 2.0807 -3.4891 0.5593, 2.0807 -3.4297 0.5511, 2.0807 -3.4894 0.5492, 2.0807 -3.4286 0.5366, 2.0807 -3.4851 0.5132, 2.0807 -3.4218 0.5134, 2.0807 -3.4718 0.4778, 2.0807 -3.4104 0.494, 2.0807 -3.4496 0.4458, 2.0807 -3.4213 0.4215, 2.0807 -2.9676 0.5854, 2.0807 -2.9566 0.5731, 2.0807 -2.9 0.5911, 2.0807 -2.9478 0.5567, 2.0807 -2.8884 0.5621, 2.0807 -2.9434 0.5385, 2.0807 -2.8841 0.5312, 2.0807 -2.9429 0.5303, 2.0807 -2.8885 0.4973, 2.0807 -2.9452 0.5118, 2.0807 -2.9004 0.4673, 2.0807 -2.9517 0.4949, 2.0807 -2.9622 0.4801, 2.0807 -3.0293 0.7305, 2.0807 -3.0663 0.6868, 2.0807 -2.9953 0.6902, 2.0807 -3.0449 0.6612, 2.0807 -3.0303 0.6306, 2.0807 -3.4072 0.6852, 2.0807 -3.4376 0.6643, 2.0807 -3.4056 0.6141, 2.0807 -3.4449 0.6574, 2.0807 -3.4187 0.5952, 2.0807 -3.4672 0.629, 2.0807 -3.4825 0.5949, 2.0807 -3.3213 0.4339, 2.0807 -3.319 0.443, 2.0807 -3.3622 0.4843, 2.0807 -3.3146 0.4512, 2.0807 -3.3466 0.5022, 2.0807 -3.3089 0.4575, 2.0807 -3.3271 0.5157, 2.0807 -3.3014 0.4626, 2.0807 -3.3062 0.5237, 2.0807 -3.2931 0.4657, 2.0807 -3.2836 0.5265, 2.0807 -3.2845 0.4667, 2.0807 -3.272 0.5258, 2.0807 -3.2777 0.4661, 2.0807 -3.2491 0.5201, 2.0807 -3.2688 0.4632, 2.0807 -3.229 0.5093, 2.0807 -3.261 0.4582, 2.0807 -3.2547 0.4516, 2.0807 -3.199 0.7755, 2.0807 -3.1923 0.7184, 2.0807 -3.1583 0.7798, 2.0807 -3.1574 0.7229, 2.0807 -3.1192 0.7757, 2.0807 -3.1252 0.7189, 2.0807 -3.0716 0.7589, 2.0807 -3.0955 0.7075, 2.0807 -3.0688 0.689, 2.0807 -3.0587 0.4571, 2.0807 -3.0815 0.4083, 2.0807 -3.0793 0.4061, 2.0807 -3.0559 0.4565, 2.0807 -3.0732 0.4017, 2.0807 -3.0891 0.4278, 2.0807 -3.0882 0.4207, 2.0807 -3.0857 0.4143, 2.0807 -3.067 0.4563, 2.0807 -3.0735 0.4537, 2.0807 -3.0888 0.4315, 2.0807 -3.0793 0.4496, 2.0807 -3.0833 0.4452, 2.0807 -3.0869 0.4388, 2.0807 -3.0596 0.4572, 2.0768 -2.9131 0.6094, 2.0768 -2.9 0.5911, 2.0768 -2.8917 0.5703, 2.0768 -2.8884 0.5621, 2.0768 -2.8841 0.5312, 2.0768 -2.9194 0.6181, 2.0768 -2.9451 0.6399, 2.0768 -2.9733 0.6539, 2.0768 -2.978 0.6555, 2.0768 -2.9953 0.6902, 2.0768 -3.0293 0.7305, 2.0768 -3.0511 0.7451, 2.0768 -3.0716 0.7589, 2.0768 -3.1192 0.7757, 2.0768 -3.1583 0.7798, 2.0768 -3.199 0.7755, 2.0768 -3.2432 0.7601, 2.0768 -3.2683 0.7451, 2.0768 -3.2722 0.7428, 2.0768 -3.2945 0.7237, 2.0768 -3.3139 0.701, 2.0768 -3.3248 0.7024, 2.0768 -3.3357 0.7029, 2.0768 -3.372 0.6986, 2.0768 -3.4072 0.6852, 2.0768 -3.4376 0.6643, 2.0768 -3.4449 0.6574, 2.0768 -3.4871 0.5703, 2.0768 -3.4825 0.5949, 2.0768 -3.476 0.6094, 2.0768 -3.4672 0.629, 2.0768 -3.4891 0.5593, 2.0768 -3.4894 0.5492, 2.0768 -3.4851 0.5132, 2.0768 -3.4718 0.4778, 2.0768 -3.4496 0.4458, 2.0768 -3.4213 0.4215, 2.0768 -3.3873 0.4044, 2.0768 -3.3737 0.4003, 2.0768 -3.3725 0.3977, 2.0768 -3.3642 0.3799, 2.0768 -3.3501 0.3625, 2.0768 -3.3315 0.3485, 2.0768 -3.3228 0.3449, 2.0768 -3.3096 0.3393, 2.0768 -3.2872 0.3358, 2.0768 -3.2836 0.3358, 2.0768 -3.1887 0.4306, 2.0768 -3.2606 0.3386, 2.0768 -3.2443 0.3449, 2.0768 -3.2394 0.3467, 2.0768 -3.2205 0.3598, 2.0768 -3.2059 0.3762, 2.0768 -3.1947 0.3974, 2.0768 -3.1946 0.3977, 2.0768 -3.1892 0.4208, 2.0768 -3.1887 0.4401, 2.0768 -3.0558 0.5103, 2.0768 -3.0853 0.5606, 2.0768 -3.2124 0.4942, 2.0768 -3.229 0.5093, 2.0768 -3.2491 0.5201, 2.0768 -3.272 0.5258, 2.0768 -3.2836 0.5265, 2.0768 -3.3062 0.5237, 2.0768 -3.3271 0.5157, 2.0768 -3.3466 0.5022, 2.0768 -3.3622 0.4843, 2.0768 -3.3727 0.4638, 2.0768 -3.3934 0.4766, 2.0768 -3.4104 0.494, 2.0768 -3.4218 0.5134, 2.0768 -3.4286 0.5366, 2.0768 -3.4297 0.5511, 2.0768 -3.4273 0.5703, 2.0768 -3.4268 0.5741, 2.0768 -3.4187 0.5952, 2.0768 -3.4089 0.6094, 2.0768 -3.4056 0.6141, 2.0768 -3.3892 0.6288, 2.0768 -3.368 0.64, 2.0768 -3.3446 0.6455, 2.0768 -3.3348 0.646, 2.0768 -3.3126 0.6433, 2.0768 -3.2914 0.6355, 2.0768 -3.2845 0.6318, 2.0768 -3.27 0.6618, 2.0768 -3.2487 0.6872, 2.0768 -3.2233 0.7058, 2.0768 -3.1923 0.7184, 2.0768 -3.1574 0.7229, 2.0768 -3.1252 0.7189, 2.0768 -3.0955 0.7075, 2.0768 -3.0688 0.689, 2.0768 -3.0663 0.6868, 2.0768 -3.0449 0.6612, 2.0768 -3.0303 0.6306, 2.0768 -3.0257 0.6094, 2.0768 -3.0245 0.6043, 2.0768 -3.0169 0.6043, 2.0768 -2.9989 0.602, 2.0768 -2.9824 0.5957, 2.0768 -2.9676 0.5854, 2.0768 -2.9566 0.5731, 2.0768 -2.9551 0.5703, 2.0768 -2.9478 0.5567, 2.0768 -2.9434 0.5385, 2.0768 -2.9429 0.5303, 2.0768 -2.9452 0.5118, 2.0768 -2.9517 0.4949, 2.0768 -2.9622 0.4801, 2.0768 -2.9635 0.4787, 2.0768 -2.9775 0.4672, 2.0768 -2.9943 0.4595, 2.0768 -3.0112 0.4563, 2.0768 -3.0539 0.4563, 2.0768 -3.0559 0.4565, 2.0768 -3.0587 0.4571, 2.0768 -3.0596 0.4572, 2.0768 -3.067 0.4563, 2.0768 -3.0735 0.4537, 2.0768 -3.0793 0.4496, 2.0768 -3.0833 0.4452, 2.0768 -3.0869 0.4388, 2.0768 -3.0888 0.4315, 2.0768 -3.0891 0.4278, 2.0768 -3.0882 0.4207, 2.0768 -3.0857 0.4143, 2.0768 -3.0815 0.4083, 2.0768 -3.0793 0.4061, 2.0768 -3.0732 0.4017, 2.0768 -3.0669 0.3992, 2.0768 -3.0615 0.3984, 2.0768 -3.0056 0.3984, 2.0768 -2.974 0.405, 2.0768 -2.945 0.4192, 2.0768 -2.9192 0.4411, 2.0768 -2.9004 0.4673, 2.0768 -2.8885 0.4973, 2.0768 -3.2845 0.4667, 2.0768 -3.2777 0.4661, 2.0768 -3.2688 0.4632, 2.0768 -3.261 0.4582, 2.0768 -3.2547 0.4516, 2.0768 -3.2503 0.4439, 2.0768 -3.2479 0.4352, 2.0768 -3.2477 0.426, 2.0768 -3.2498 0.4169, 2.0768 -3.2541 0.4086, 2.0768 -3.2602 0.4018, 2.0768 -3.2676 0.3968, 2.0768 -3.2758 0.3937, 2.0768 -3.2845 0.3927, 2.0768 -3.2927 0.3936, 2.0768 -3.3015 0.3968, 2.0768 -3.3091 0.402, 2.0768 -3.3151 0.4089, 2.0768 -3.3192 0.4167, 2.0768 -3.3213 0.4255, 2.0768 -3.3213 0.4339, 2.0768 -3.319 0.443, 2.0768 -3.3146 0.4512, 2.0768 -3.3089 0.4575, 2.0768 -3.3014 0.4626, 2.0768 -3.2931 0.4657
            ]
        }
        coordIndex [
            0,1,2,-1,3,4,5,-1,6,7,8,-1,9,10,11,-1,12,1,13,-1,13,1,14,-1,13,14,15,-1,5,4,16,-1,17,18,19,-1,19,18,20,-1,19,20,21,-1,21,20,22,-1,21,22,8,-1,8,22,23,-1,8,23,6,-1,24,25,20,-1,20,25,26,-1,20,26,22,-1,22,26,27,-1,22,27,28,-1,29,30,2,-1,2,30,31,-1,2,31,0,-1,32,33,34,-1,34,33,35,-1,34,35,36,-1,36,35,37,-1,36,37,38,-1,38,37,39,-1,9,11,40,-1,40,11,41,-1,40,41,42,-1,42,41,43,-1,42,43,44,-1,4,45,16,-1,16,45,46,-1,16,46,47,-1,47,46,48,-1,47,48,9,-1,9,48,49,-1,9,49,10,-1,12,50,1,-1,1,50,51,-1,1,51,2,-1,2,51,52,-1,14,53,15,-1,15,53,54,-1,15,54,55,-1,55,54,56,-1,55,56,57,-1,57,56,58,-1,57,58,59,-1,59,58,22,-1,59,22,60,-1,60,22,28,-1,61,62,63,-1,63,62,64,-1,63,64,65,-1,65,64,66,-1,65,66,67,-1,67,66,68,-1,67,68,69,-1,69,68,70,-1,69,70,71,-1,72,73,74,-1,74,73,75,-1,74,75,76,-1,76,75,77,-1,76,77,78,-1,78,77,79,-1,78,79,80,-1,80,79,81,-1,80,81,29,-1,29,81,82,-1,29,82,30,-1,37,83,39,-1,39,83,84,-1,39,84,85,-1,85,84,86,-1,85,86,87,-1,87,86,88,-1,87,88,89,-1,89,88,90,-1,89,90,91,-1,91,90,92,-1,91,92,93,-1,93,92,94,-1,93,94,61,-1,61,94,95,-1,61,95,62,-1,96,97,98,-1,98,97,99,-1,98,99,34,-1,34,99,100,-1,34,100,32,-1,5,101,3,-1,3,101,102,-1,3,102,103,-1,103,102,104,-1,103,104,105,-1,105,104,106,-1,105,106,72,-1,72,106,107,-1,72,107,73,-1,52,108,2,-1,2,108,109,-1,2,109,110,-1,110,109,111,-1,110,111,112,-1,112,111,113,-1,112,113,114,-1,114,113,115,-1,114,115,116,-1,116,115,117,-1,116,117,118,-1,118,117,119,-1,118,119,120,-1,120,119,121,-1,120,121,122,-1,122,121,123,-1,122,123,124,-1,124,123,125,-1,124,125,20,-1,20,125,126,-1,20,126,24,-1,44,43,127,-1,127,43,128,-1,127,128,129,-1,129,128,130,-1,129,130,131,-1,131,130,132,-1,131,132,133,-1,133,132,134,-1,133,134,96,-1,96,134,135,-1,96,135,97,-1,136,137,138,-1,70,139,71,-1,71,139,136,-1,71,136,140,-1,140,136,138,-1,141,142,136,-1,136,142,143,-1,136,143,137,-1,144,145,146,-1,145,147,146,-1,146,147,148,-1,146,148,149,-1,141,136,146,-1,146,136,150,-1,146,150,144,-1,151,39,152,-1,152,39,85,-1,152,85,153,-1,153,85,87,-1,153,87,154,-1,154,87,89,-1,154,89,155,-1,151,156,39,-1,39,156,157,-1,39,157,38,-1,38,157,158,-1,38,158,36,-1,36,158,159,-1,36,159,34,-1,34,159,160,-1,34,160,98,-1,98,160,161,-1,98,161,96,-1,133,96,162,-1,162,96,161,-1,162,163,133,-1,133,163,164,-1,133,164,131,-1,131,164,165,-1,131,165,129,-1,129,165,166,-1,129,166,127,-1,127,166,167,-1,127,167,44,-1,44,167,42,-1,42,167,168,-1,42,168,169,-1,42,169,170,-1,42,170,40,-1,40,170,171,-1,40,171,9,-1,9,171,172,-1,9,172,47,-1,47,172,173,-1,47,173,16,-1,16,173,174,-1,16,174,5,-1,5,174,175,-1,5,175,101,-1,101,175,176,-1,101,176,102,-1,102,176,177,-1,102,177,104,-1,178,73,179,-1,179,73,107,-1,179,107,180,-1,180,107,106,-1,180,106,181,-1,181,106,104,-1,181,104,177,-1,178,182,73,-1,73,182,183,-1,73,183,75,-1,75,183,184,-1,75,184,77,-1,77,184,185,-1,77,185,79,-1,79,185,186,-1,79,186,81,-1,81,186,187,-1,81,187,82,-1,82,187,188,-1,82,188,30,-1,30,188,189,-1,30,189,31,-1,31,189,190,-1,31,190,0,-1,190,191,0,-1,0,191,192,-1,0,192,1,-1,1,192,193,-1,1,193,14,-1,14,193,194,-1,14,194,53,-1,194,195,53,-1,53,195,196,-1,53,196,54,-1,54,196,197,-1,54,197,56,-1,198,21,8,-1,56,197,199,-1,200,22,199,-1,199,22,58,-1,199,58,56,-1,200,201,22,-1,22,201,202,-1,22,202,23,-1,23,202,203,-1,23,203,6,-1,6,203,204,-1,6,204,7,-1,7,204,205,-1,7,205,8,-1,8,205,206,-1,8,206,198,-1,19,21,207,-1,207,21,198,-1,17,19,208,-1,208,19,207,-1,18,17,209,-1,209,17,208,-1,20,18,210,-1,210,18,209,-1,20,210,211,-1,20,211,124,-1,124,211,212,-1,124,212,122,-1,122,212,213,-1,122,213,120,-1,120,213,214,-1,120,214,118,-1,118,214,215,-1,118,215,116,-1,116,215,216,-1,116,216,114,-1,114,216,217,-1,114,217,112,-1,112,217,218,-1,112,218,110,-1,110,218,219,-1,110,219,2,-1,2,219,220,-1,2,220,29,-1,29,220,221,-1,29,221,80,-1,80,221,222,-1,80,222,78,-1,78,222,223,-1,78,223,76,-1,76,223,224,-1,76,224,74,-1,72,74,224,-1,224,225,72,-1,72,225,226,-1,72,226,227,-1,228,103,227,-1,227,103,105,-1,227,105,72,-1,228,229,103,-1,103,229,230,-1,103,230,3,-1,3,230,231,-1,3,231,4,-1,4,231,232,-1,4,232,45,-1,45,232,233,-1,45,233,46,-1,46,233,234,-1,46,234,48,-1,48,234,235,-1,48,235,49,-1,49,235,236,-1,49,236,10,-1,10,236,237,-1,10,237,11,-1,11,237,238,-1,11,238,41,-1,41,238,239,-1,41,239,43,-1,43,239,240,-1,43,240,128,-1,128,240,241,-1,128,241,130,-1,130,241,242,-1,130,242,132,-1,132,242,243,-1,132,243,134,-1,134,243,244,-1,134,244,135,-1,135,244,245,-1,135,245,97,-1,97,245,246,-1,97,246,99,-1,99,246,247,-1,99,247,100,-1,100,247,32,-1,32,247,248,-1,32,248,249,-1,33,32,250,-1,250,32,249,-1,33,250,251,-1,33,251,35,-1,35,251,252,-1,35,252,37,-1,37,252,253,-1,37,253,83,-1,83,253,254,-1,83,254,84,-1,84,254,255,-1,84,255,86,-1,255,256,86,-1,86,256,257,-1,86,257,88,-1,88,257,258,-1,88,258,90,-1,90,258,259,-1,90,259,92,-1,92,259,260,-1,92,260,94,-1,94,260,261,-1,94,261,95,-1,95,261,262,-1,95,262,62,-1,62,262,263,-1,62,263,64,-1,64,263,264,-1,64,264,66,-1,66,264,265,-1,66,265,68,-1,70,68,266,-1,266,68,265,-1,70,266,267,-1,70,267,139,-1,139,267,268,-1,139,268,136,-1,136,268,269,-1,136,269,150,-1,150,269,270,-1,150,270,144,-1,144,270,271,-1,144,271,145,-1,145,271,272,-1,145,272,147,-1,147,272,273,-1,147,273,148,-1,148,273,274,-1,148,274,149,-1,149,274,275,-1,149,275,146,-1,146,275,276,-1,146,276,141,-1,141,276,277,-1,141,277,142,-1,142,277,278,-1,142,278,143,-1,143,278,279,-1,143,279,137,-1,137,279,280,-1,137,280,138,-1,138,280,281,-1,138,281,140,-1,140,281,282,-1,140,282,71,-1,71,282,283,-1,71,283,69,-1,67,69,284,-1,284,69,283,-1,67,284,285,-1,67,285,65,-1,65,285,286,-1,65,286,63,-1,63,286,287,-1,63,287,61,-1,61,287,288,-1,61,288,93,-1,93,288,289,-1,93,289,91,-1,91,289,155,-1,91,155,89,-1,119,290,291,-1,119,291,121,-1,121,291,292,-1,121,292,123,-1,123,292,293,-1,123,293,125,-1,125,293,294,-1,125,294,126,-1,126,294,295,-1,126,295,24,-1,24,295,296,-1,24,296,25,-1,25,296,297,-1,25,297,26,-1,26,297,298,-1,26,298,27,-1,27,298,299,-1,27,299,28,-1,28,299,300,-1,28,300,60,-1,60,300,301,-1,60,301,59,-1,59,301,302,-1,59,302,57,-1,57,302,303,-1,57,303,55,-1,55,303,304,-1,55,304,15,-1,15,304,305,-1,15,305,13,-1,13,305,306,-1,13,306,12,-1,12,306,307,-1,12,307,50,-1,50,307,308,-1,50,308,51,-1,51,308,309,-1,51,309,52,-1,52,309,310,-1,52,310,108,-1,108,310,311,-1,108,311,109,-1,109,311,312,-1,109,312,111,-1,111,312,313,-1,111,313,113,-1,113,313,314,-1,113,314,115,-1,115,314,315,-1,115,315,117,-1,117,315,290,-1,117,290,119,-1,
        ]
    }
}
Shape{
    appearance Appearance {
        material  Material {
            diffuseColor 0.25098039215686274 0.25098039215686274 0.25098039215686274
            specularColor 0.12549019607843137 0.12549019607843137 0.12549019607843137
            ambientIntensity 0.251
            transparency 0.0
            shininess 0.5
        }
    }
    geometry IndexedFaceSet {
        ccw TRUE
        solid FALSE
        coord DEF co Coordinate {
            point [
                2.0768 -3.2845 0.4667, 2.0768 -3.2845 0.3927, 2.0768 -3.2777 0.4661, 2.0768 -3.2758 0.3937, 2.0768 -3.3213 0.4255, 2.0768 -3.2931 0.4657, 2.0768 -3.3014 0.4626, 2.0768 -3.3089 0.4575, 2.0768 -3.3213 0.4339, 2.0768 -3.3146 0.4512, 2.0768 -3.319 0.443, 2.0768 -3.3192 0.4167, 2.0768 -3.3151 0.4089, 2.0768 -3.3091 0.402, 2.0768 -3.3015 0.3968, 2.0768 -3.2927 0.3936, 2.0768 -3.2602 0.4018, 2.0768 -3.2547 0.4516, 2.0768 -3.261 0.4582, 2.0768 -3.2676 0.3968, 2.0768 -3.2688 0.4632, 2.0768 -3.2498 0.4169, 2.0768 -3.2477 0.426, 2.0768 -3.2541 0.4086, 2.0768 -3.2479 0.4352, 2.0768 -3.2503 0.4439
            ]
        }
        coordIndex [
            0,1,2,-1,2,1,3,-1,4,0,5,-1,5,6,4,-1,4,6,7,-1,4,7,8,-1,8,7,9,-1,8,9,10,-1,4,11,0,-1,0,11,12,-1,0,12,13,-1,13,14,0,-1,0,14,15,-1,0,15,1,-1,16,17,18,-1,3,19,2,-1,2,19,16,-1,2,16,20,-1,20,16,18,-1,21,22,23,-1,23,22,24,-1,23,24,16,-1,16,24,25,-1,16,25,17,-1,
        ]
    }
}